date,site,uranium_ug_l,qualifier
1954-08-21,USGS-435845103163401,1.1,
1954-08-28,USGS-433241096472401,8.1,
1954-09-19,USGS-422840103352401,3.8,
1954-06-01,USGS-373232076475701,0.3,
1954-09-09,USGS-441513114373400,4.6,
1954-08-05,USGS-425004115445302,0.1,
1954-08-21,USGS-432619103283501,7.1,
1954-09-15,USGS-424350097302301,0.1,
1954-09-23,USGS-405957096065101,2.4,
1952-10-16,USGS-355407106114701,0.5,
1954-11-04,USGS-414745072302701,0.6,
1954-09-09,USGS-441515114263301,0.2,
1952-05-29,USGS-355422106120901,0.5,
1954-09-17,USGS-413548103350101,7.0,
1954-10-27,USGS-484544098224501,0.3,
1953-09-24,USGS-355422106120901,0.8,
1954-10-14,USGS-431600089434101,0.4,
1952-10-16,USGS-355451106133701,0.5,
1954-09-21,USGS-440324107280401,4.1,
1954-10-29,USGS-430046088035101,0.1,
1954-09-09,USGS-441652114243600,0.7,
1952-10-16,USGS-355432106124401,0.6,
1954-12-29,USGS-355412106115701,0.5,
1954-09-09,USGS-441513114373301,4.6,
1953-02-03,USGS-355213106130001,2.0,
1952-10-16,USGS-355422106120901,0.5,
1954-06-17,USGS-424447084333901,0.9,
1954-08-20,USGS-440851103044801,6.4,
1953-09-24,USGS-355407106114701,0.2,
1929-01-01,USGS-423821083170101,0.2,
1954-10-26,USGS-483711097264402,0.5,
1952-12-03,USGS-355213106130001,1.4,
1955-07-13,USGS-434518115341501,0.1,
1957-11-21,USGS-425630114420901,5.3,
1957-05-24,USGS-441037112133301,1.2,
1955-04-29,USGS-355407106114701,0.4,
1956-10-07,USGS-440108115490300,1.3,
1957-11-20,USGS-424321114303001,2.9,
1959-04-30,USGS-392728077450601,4.1,
1957-10-01,USGS-432735104000101,0.1,
1959-01-23,USGS-450319101354401,0.3,
1955-08-14,USGS-454833115390800,0.2,
1957-03-27,USGS-420711070561301,0.1,
1957-07-22,USGS-432438111500101,2.2,
1958-01-31,USGS-333029112240201,3.8,
1957-08-27,USGS-431004112455301,1.8,
1956-08-01,USGS-355412106115701,0.6,
1957-08-28,USGS-422402111565801,0.3,
1958-08-04,USGS-435530070284701,34.0,
1957-07-30,USGS-432156114420501,0.5,
1959-04-29,USGS-392717077453001,3.2,
1957-08-31,USGS-434912113004601,1.8,
1957-08-28,USGS-440012112291401,8.4,
1957-08-23,USGS-430514112182601,1.6,
1957-04-24,USGS-425525116060301,0.1,
1958-02-28,USGS-333101111535801,7.4,
1959-06-18,USGS-355717107050601,0.3,
1956-09-04,USGS-421848114154200,0.1,
1957-06-17,USGS-350721089560101,0.3,
1957-02-20,USGS-391136076514001,0.9,
1955-01-03,USGS-370930087405101,2.1,
1955-03-15,USGS-393229077190101,1.0,
1957-11-20,USGS-425401114032801,1.5,
1957-11-20,USGS-430306114092801,3.3,
1955-07-13,USGS-434014115414601,0.1,
1956-05-11,USGS-355213106130001,0.6,
1956-09-01,USGS-421136114051000,0.2,
1958-08-04,USGS-435630070293701,110.0,
1955-10-13,USGS-430619114515200,2.0,
1956-05-28,USGS-483711097264402,0.3,
1958-04-08,USGS-435842104240701,2.2,
1958-01-30,USGS-333452112064001,2.9,
1957-05-23,USGS-435541112254301,1.1,
1957-06-11,USGS-433226112144901,1.2,
1955-08-12,USGS-441923115283000,0.1,
1956-01-17,USGS-423518083244101,0.6,
1955-06-02,USGS-355422106120901,1.1,
1956-08-31,USGS-422837114282501,45.0,
1957-11-01,USGS-432642103282901,7.5,
1956-04-05,USGS-383925084564701,0.5,
1959-06-18,USGS-360116106570001,0.3,
1958-02-17,USGS-330107112000501,11.0,
1956-09-01,USGS-421250113591800,2.0,
1955-12-20,USGS-355412106115701,0.8,
1957-07-30,USGS-425533114571801,0.3,
1957-07-24,USGS-425944111301700,1.5,
1957-05-27,USGS-440212112344001,1.2,
1958-04-22,USGS-411604105322703,1.8,
1958-08-04,USGS-435537070285501,960.0,
1957-11-19,USGS-432638112484101,2.0,
1957-11-27,USGS-425641112500701,2.5,
1957-06-17,USGS-350719089555901,0.1,
1956-01-17,USGS-423853083161301,0.1,
1957-05-23,USGS-435027112244801,2.4,
1957-04-24,USGS-430200116151401,0.1,
1958-08-04,USGS-435400070280101,0.2,
1957-11-20,USGS-424645114423501,2.3,
1956-06-19,USGS-423105116535400,0.3,
1957-05-23,USGS-435903112280001,1.0,
1958-02-06,USGS-333545111571201,4.2,
1955-10-19,USGS-355451106133701,0.7,
1956-04-02,USGS-355432106124401,24.0,
1958-02-10,USGS-333725112240501,3.0,
1959-09-28,USGS-425136097534501,0.1,
1958-02-10,USGS-333028112273701,1.7,
1957-08-30,USGS-433812113175701,3.3,
1959-08-13,USGS-352445107490601,12.0,
1957-08-26,USGS-422457113233501,6.2,
1956-10-31,USGS-431054112363101,1.7,
1956-06-20,USGS-423435116270800,0.1,
1955-10-14,USGS-430313114545601,0.6,
1955-11-20,USGS-423132089003301,0.1,
1957-07-30,USGS-431924114403401,0.1,
1957-08-26,USGS-423557112525701,0.1,
1957-07-22,USGS-433647111433001,1.5,
1956-11-01,USGS-423708113402802,0.1,
1957-08-29,USGS-433700111462901,1.2,
1956-05-15,USGS-431037116355700,1.2,
1955-11-09,USGS-413330103443201,16.0,
1959-04-29,USGS-392719077450401,3.7,
1957-03-22,USGS-453458103324801,0.3,
1957-06-11,USGS-434211112095701,0.8,
1957-11-01,USGS-432006103330501,5.7,
1957-05-24,USGS-435718112152201,1.0,
1957-01-01,USGS-312059109573501,0.7,
1955-04-27,USGS-424913114515600,1.8,
1957-07-22,USGS-435725112351201,3.8,
1957-10-01,USGS-431753103492601,5.1,
1956-11-01,USGS-424324114123801,4.5,
1958-02-07,USGS-332731111484301,1.5,
1956-11-29,USGS-423606114123201,2.7,
1957-05-08,USGS-431908112412201,2.8,
1957-11-26,USGS-431908112412201,2.2,
1955-05-26,USGS-414054071300801,1.4,
1959-02-03,USGS-351649107551101,2800.0,
1955-11-07,USGS-412612071431401,0.1,
1957-08-28,USGS-433803112081501,1.3,
1958-01-30,USGS-333517112130701,2.3,
1959-04-29,USGS-392724077451901,4.3,
1957-11-20,USGS-425610114241502,3.4,
1957-11-27,USGS-431054112363101,3.2,
1955-08-14,USGS-464115115201500,0.7,
1955-03-15,USGS-393908077033001,0.7,
1957-07-03,USGS-363934086062101,0.3,
1956-10-30,USGS-425630114420901,3.5,
1956-11-01,USGS-424645114423501,1.3,
1956-04-04,USGS-383620083191101,1.3,
1957-08-27,USGS-421733113174001,1.4,
1959-08-11,USGS-352342107490801,7.0,
1957-08-29,USGS-431659112040301,4.9,
1956-10-30,USGS-432638112484101,1.2,
1958-01-31,USGS-333305112253201,2.3,
1956-09-03,USGS-420658113541400,2.7,
1958-02-10,USGS-333754112240501,2.3,
1957-08-08,USGS-435820112343501,4.3,
1956-10-30,USGS-430306114092801,2.7,
1957-11-27,USGS-424518113282001,1.6,
1959-04-29,USGS-392732077443301,4.3,
1957-07-25,USGS-441745111401901,0.1,
1957-07-26,USGS-435923112075401,0.7,
1957-06-11,USGS-433654112075401,0.9,
1957-04-19,USGS-445910092331301,0.5,
1958-02-10,USGS-332607112284002,2.4,
1955-10-06,USGS-440910115593801,0.2,
1957-05-08,USGS-424310113184301,1.1,
1956-04-04,USGS-383453083281501,0.5,
1957-07-26,USGS-434924112183701,1.0,
1958-06-18,USGS-340523088371701,0.1,
1956-11-01,USGS-424321114303001,1.6,
1957-08-27,USGS-435754111404002,0.4,
1956-10-30,USGS-425401114032801,1.0,
1955-04-29,USGS-355432106124401,0.8,
1959-08-15,USGS-360414106565401,0.5,
1957-07-21,USGS-434824111581301,0.9,
1957-05-24,USGS-441436112114801,1.1,
1958-02-03,USGS-334055112242901,2.8,
1955-07-12,USGS-434758115050500,0.2,
1956-09-01,USGS-421310114050000,0.3,
1958-02-03,USGS-333746112263501,2.4,
1958-02-18,USGS-433552088164301,0.8,
1957-11-27,USGS-423708113402802,0.1,
1958-02-10,USGS-333631112164201,1.5,
1956-10-30,USGS-425610114241501,2.7,
1955-12-07,USGS-330956090561601,0.1,
1956-10-31,USGS-425641112500701,1.7,
1957-03-22,USGS-442224103325401,1.0,
1956-11-01,USGS-424518113282002,1.1,
1957-11-20,USGS-424324114123801,2.3,
1957-09-04,USGS-431807114543101,1.0,
1957-05-22,USGS-434526111584901,1.0,
1958-01-18,USGS-325818112065701,2.6,
1955-08-12,USGS-442518115241400,0.3,
1962-04-16,USGS-413211109513401,0.1,
1962-11-09,USGS-422242106380301,1.7,
1960-09-15,USGS-421943106184701,8.3,
1960-03-15,USGS-351649107551101,60.0,
1963-11-01,USGS-355532107285701,400.0,
1961-09-12,USGS-310019089265501,0.1,
1960-07-29,USGS-421947106114501,0.3,
1962-09-25,USGS-430626113391001,2.0,
1962-01-24,USGS-310852089450001,0.2,
1963-04-30,USGS-352614107493201,55.0,
1961-09-28,USGS-423843090382301,0.6,
1962-11-08,USGS-422031106350901,0.6,
1964-04-01,USGS-355432106124401,1.2,
1961-09-25,USGS-424132090395901,0.8,
1962-09-10,USGS-424913114515600,2.8,
1960-09-13,USGS-421430106010001,4.7,
1963-04-30,USGS-352622107490301,3.4,
1963-05-06,USGS-352344107445801,57.0,
1962-08-22,USGS-421445115223401,1.0,
1962-08-22,USGS-421445115223401,0.2,
1963-09-01,USGS-422449115330501,5.1,
1961-09-26,USGS-425324090273801,0.4,
1962-08-22,USGS-423402115004301,1.8,
1963-10-26,USGS-350108107183501,100.0,
1963-04-29,USGS-352520107510801,82.0,
1963-09-20,USGS-412052109264901,0.4,
1963-07-13,USGS-422633115343101,1.5,
1965-03-10,USGS-262521081161901,0.5,
1968-12-23,USGS-341147092022301,0.02,
1969-07-29,USGS-395906109362801,0.4,
1965-05-13,USGS-404615111532402,0.4,
1965-05-26,USGS-404615111532401,2.5,
1965-05-12,USGS-404615111532402,0.4,
1967-11-01,USGS-482033099594901,0.9,
1965-05-14,USGS-404615111532402,0.4,
1969-01-22,USGS-362338091590401,0.5,
1969-09-02,USGS-410354112135203,0.0,
1969-09-05,USGS-410354112135203,0.1,
1969-07-31,USGS-395906109362801,0.4,
1969-07-31,USGS-395906109362801,0.1,
1969-01-22,USGS-362219091492101,0.6,
1965-05-05,USGS-404615111532402,0.4,
1969-09-15,USGS-410354112135203,0.0,
1969-06-19,USGS-354236090504401,0.05,
1968-04-30,USGS-382621109214001,0.0,
1969-07-30,USGS-395906109362801,0.2,
1974-12-13,USGS-395635109101501,20.0,
1973-08-30,USGS-353529106450701,1.0,
1974-12-19,USGS-364916108234301,0.7,
1974-12-10,USGS-395707109093102,11.0,
1972-06-09,USGS-335806094100102,0.04,
1973-07-02,USGS-383510116112900,46.0,
1974-12-19,USGS-364705108234301,1.9,
1974-12-13,USGS-395603109120801,0.13,
1974-12-12,USGS-395453109111001,1.5,
1974-12-13,USGS-424402111323801,0.25,
1973-08-30,USGS-322246106405801,9.7,
1974-12-13,USGS-424344111330801,0.56,
1974-11-25,USGS-395614109111401,0.08,
1970-06-02,USGS-332628091261201,0.03,
1974-11-26,USGS-395229109091201,6.4,
1974-11-21,USGS-395707109093102,7.5,
1974-09-06,USGS-321828106473701,3.8,
1974-12-11,USGS-395617109134402,1.0,
1972-06-15,USGS-331730091423301,1.1,
1974-12-10,USGS-395226109091201,11.0,
1974-04-15,USGS-394937105101100,57.0,
1973-07-02,USGS-383510116112900,48.0,
1973-11-13,USGS-353926108302801,264.0,
1970-06-03,USGS-352930090582501,0.03,
1974-11-19,USGS-395707109093101,0.01,
1972-06-07,USGS-334756093231804,0.04,
1970-06-04,USGS-355323089552101,0.17,
1970-06-03,USGS-342856090363601,0.06,
1974-12-12,USGS-351546106420501,5.0,
1974-12-11,USGS-395500109124401,5.6,
1974-11-27,USGS-395617109134402,0.05,
1974-12-12,USGS-351422106404201,2.4,
1974-11-12,USGS-354729106411001,0.8,
1974-11-22,USGS-395635109101501,14.0,
1974-09-25,USGS-351809106321901,1.8,
1974-12-12,USGS-351446106400601,4.1,
1974-11-19,USGS-395359109093201,24.0,
1973-07-02,USGS-383510116112900,48.0,
1974-09-04,USGS-353616091162801,0.03,
1974-11-27,USGS-395453109111001,1.7,
1973-12-10,USGS-254950080171201,0.5,
1974-12-10,USGS-395229109091201,6.1,
1973-09-24,USGS-361528108192901,0.07,
1973-07-02,USGS-383510116112900,43.0,
1974-11-25,USGS-395603109120801,1.1,
1974-09-04,USGS-354236090504401,0.04,
1974-11-20,USGS-395733109095401,8.0,
1974-12-13,USGS-424345111313500,3.2,
1972-06-08,USGS-333717094254501,0.11,
1974-09-25,USGS-352257106275301,2.7,
1974-05-17,USGS-275307081501401,0.4,
1972-06-06,USGS-362636094012602,0.27,
1974-12-19,USGS-364554108265401,2.8,
1974-11-19,USGS-395707109093102,11.0,
1970-06-02,USGS-330640091154103,0.04,
1974-11-26,USGS-354522106420001,23.0,
1974-11-26,USGS-354949106385601,1.4,
1974-12-30,USGS-395530109134901,0.41,
1974-11-21,USGS-395510109094901,2.8,
1974-11-26,USGS-354949106385601,4.9,
1972-06-08,USGS-333951094071501,0.6,
1974-11-21,USGS-395226109091201,19.0,
1974-09-25,USGS-352306106275801,7.1,
1974-11-26,USGS-395035109074001,0.8,
1974-12-10,USGS-395510109094901,1.9,
1974-09-25,USGS-352303106274601,1.5,
1972-06-15,USGS-331358092424301,0.06,
1974-04-02,USGS-394935105101400,47.0,
1974-12-13,USGS-355226106383101,0.16,
1973-07-02,USGS-383510116112900,46.0,
1974-12-17,USGS-395359109093201,77.0,
1973-11-13,USGS-353926108302802,31.0,
1973-11-13,USGS-353926108302803,1210.0,
1973-07-02,USGS-383510116112900,48.0,
1970-06-04,USGS-362311090111301,0.13,
1974-12-10,USGS-395035109074001,0.8,
1975-07-21,USGS-415039106333000,0.31,
1975-05-15,USGS-395548109080701,0.66,
1975-06-26,USGS-395603109120801,0.93,
1975-06-19,USGS-450223106070301,0.39,
1975-11-13,USGS-395617109134401,0.2,
1975-12-02,USGS-400050105093100,52.0,
1975-06-23,USGS-450433106060500,14.0,
1975-05-20,USGS-415032106332304,0.87,
1975-06-28,USGS-353814108473001,0.02,
1975-03-27,USGS-453142106095600,0.8,
1975-11-12,USGS-395751109094501,0.2,
1975-08-08,USGS-395531105234900,12.0,
1975-12-10,USGS-395500109124401,0.8,
1975-09-09,USGS-415506106464201,1.3,
1975-12-27,USGS-355532107285702,0.05,
1975-09-14,USGS-322559103443401,3.0,
1975-06-23,USGS-341147092022301,0.04,
1975-05-13,USGS-395733109095401,9.5,
1975-07-13,USGS-345113106464101,5.7,
1975-12-28,USGS-355722107312601,0.09,
1975-06-23,USGS-450349106030900,0.27,
1975-03-18,USGS-395733109095401,12.0,
1975-11-06,USGS-460738103024401,1.7,
1975-12-02,USGS-400306105111500,29.0,
1975-05-12,USGS-395617109134402,0.15,
1975-07-16,USGS-345113106464101,3.7,
1975-08-19,USGS-395617109134401,0.3,
1975-06-26,USGS-395614109111401,0.33,
1975-08-05,USGS-415032106332301,0.2,
1975-08-17,USGS-395733109095401,11.0,
1975-05-15,USGS-395603109120801,0.72,
1975-03-11,USGS-395035109074002,0.04,
1975-02-27,USGS-415522106461701,1.2,
1975-07-08,USGS-342847091345702,0.03,
1975-04-03,USGS-395453109111001,1.3,
1975-03-25,USGS-395226109091202,0.37,
1975-12-06,USGS-400024105123500,7.9,
1975-06-17,USGS-451137106194901,0.06,
1975-09-10,USGS-415539106463301,1.1,
1975-05-30,USGS-453132106081000,0.57,
1975-05-29,USGS-453234106082700,1.0,
1975-03-21,USGS-272256082180201,0.03,
1975-01-28,USGS-254950080171201,0.46,
1975-05-30,USGS-453106106083600,1.7,
1975-11-05,USGS-393207105141700,3.5,
1975-12-05,USGS-401229105112800,30.0,
1975-03-25,USGS-453252106075900,0.4,
1975-04-02,USGS-362311090111301,0.04,
1975-05-30,USGS-453151106080600,2.5,
1975-06-25,USGS-395500109124401,1.3,
1975-11-18,USGS-394127105212900,3.1,
1975-11-11,USGS-461211103043301,0.0,
1975-11-11,USGS-395510109094901,0.6,
1975-02-21,USGS-351900106283801,0.9,
1975-11-11,USGS-450447106111101,0.6,
1975-11-13,USGS-395617109134402,0.04,
1975-03-25,USGS-415032106332304,0.26,
1975-06-24,USGS-332628091261201,0.04,
1975-06-16,USGS-450447106272602,0.66,
1975-04-29,USGS-395515109094902,0.05,
1975-03-13,USGS-395707109093102,16.0,
1975-12-11,USGS-395453109111001,1.1,
1975-06-25,USGS-450027106255200,0.14,
1975-06-17,USGS-450357106050201,0.89,
1975-03-13,USGS-395617109134401,0.26,
1975-06-25,USGS-451107106165201,0.03,
1975-05-12,USGS-395617109134401,0.24,
1975-12-06,USGS-395818105124200,4.0,
1975-03-25,USGS-424427111334701,1.4,
1975-03-13,USGS-395617109134402,0.1,
1975-11-11,USGS-393532105183700,28.0,
1975-06-25,USGS-450055106261600,1.2,
1975-09-11,USGS-395617109134402,0.9,
1975-09-14,USGS-322559103443401,1.8,
1975-03-11,USGS-395229109091201,0.28,
1975-05-14,USGS-395500109124401,2.8,
1975-09-12,USGS-395617109134402,0.3,
1975-03-12,USGS-395035109074001,6.9,
1975-06-26,USGS-395733109095401,11.0,
1975-03-17,USGS-395603109120801,0.21,
1975-03-03,USGS-272213082154901,0.05,
1975-06-17,USGS-451137106194902,0.03,
1975-08-15,USGS-415032106332301,0.18,
1975-04-29,USGS-395226109091202,14.0,
1975-06-24,USGS-450714106285001,0.45,
1975-06-24,USGS-330640091154103,0.01,
1975-06-30,USGS-450806106124401,1.4,
1975-05-21,USGS-385021107380601,0.03,
1975-04-04,USGS-395530109134901,0.15,
1975-05-14,USGS-395530109134901,0.26,
1975-06-24,USGS-395617109134401,0.43,
1975-11-07,USGS-461349103054801,0.6,
1975-12-17,USGS-401011105091700,13.0,
1975-03-24,USGS-395515109094902,0.04,
1975-03-12,USGS-395510109094901,0.67,
1975-09-14,USGS-322559103443401,1.7,
1975-12-17,USGS-400020105053700,2.5,
1975-03-12,USGS-395226109091201,20.0,
1975-11-06,USGS-400934105273600,8.8,
1975-06-25,USGS-395453109111001,1.1,
1975-09-14,USGS-322559103443401,1.8,
1975-11-24,USGS-400257105055200,19.0,
1975-11-11,USGS-395035109074001,0.2,
1975-06-26,USGS-415038106331404,0.03,
1975-12-17,USGS-401116105064200,21.0,
1975-03-31,USGS-342856090363601,0.01,
1975-08-18,USGS-395617109134401,0.38,
1975-12-06,USGS-400555105122000,20.0,
1975-11-10,USGS-461355103032801,0.3,
1975-11-05,USGS-393442105191200,29.0,
1975-03-14,USGS-395635109101501,20.0,
1975-11-06,USGS-460744103031201,0.1,
1975-06-26,USGS-450854106135701,0.1,
1975-03-25,USGS-415039106331708,0.06,
1975-06-30,USGS-450806106124402,0.06,
1975-07-30,USGS-401407105172900,31.0,
1975-03-31,USGS-352930090582501,0.02,
1975-07-08,USGS-342925091314701,0.04,
1975-02-21,USGS-351900106344101,2.4,
1975-12-09,USGS-395614109111401,0.03,
1975-06-24,USGS-395617109134402,0.23,
1975-05-13,USGS-395614109111401,0.05,
1975-04-02,USGS-362338091590401,0.58,
1975-12-05,USGS-401345105075400,16.0,
1975-06-18,USGS-450513106062801,0.25,
1975-06-26,USGS-395548109080701,1.2,
1975-06-18,USGS-450413106065701,0.64,
1976-10-02,USGS-462400105393501,0.2,
1976-09-29,USGS-400603105141900,0.2,
1976-06-24,USGS-395751109094501,0.2,
1976-08-13,USGS-441724105310401,0.06,
1976-03-17,USGS-395453109111001,1.5,
1976-03-05,USGS-271507082180801,1.0,
1976-06-09,USGS-421435084234801,0.04,
1976-07-22,USGS-443115105422901,0.03,
1976-05-26,USGS-441719105281801,0.3,
1976-03-25,USGS-320546106410201,0.2,
1976-11-14,USGS-302243082360201,0.5,
1976-12-08,USGS-390108119112701,1.8,
1976-07-24,USGS-445444105190001,0.02,
1976-03-01,USGS-271507082180801,1.4,
1976-10-02,USGS-462500105353001,0.3,
1976-09-30,USGS-453544105293601,0.04,
1976-09-28,USGS-461520106283001,0.09,
1976-09-29,USGS-450938106543202,2.6,
1976-12-20,USGS-460856103024401,18.0,
1976-12-02,USGS-462701111585000,0.8,
1976-07-14,USGS-393535105182500,49.0,
1976-09-17,USGS-354146108140101,0.1,
1976-06-21,USGS-425305085432001,0.03,
1976-09-16,USGS-395035109074001,0.1,
1976-03-10,USGS-400605105173500,11.0,
1976-06-21,USGS-425030085434901,0.3,
1976-11-11,USGS-301933082350502,0.2,
1976-10-01,USGS-455800106030001,0.09,
1976-06-23,USGS-451304084232901,0.08,
1976-07-27,USGS-440815105503501,0.04,
1976-09-19,USGS-395617109134402,0.2,
1976-02-11,USGS-400112105193500,16.0,
1976-07-16,USGS-395802105083300,7.7,
1976-09-29,USGS-400419105085900,2.4,
1976-03-02,USGS-271507082180801,1.3,
1976-09-29,USGS-453300106330001,2.3,
1976-12-21,USGS-460804103021601,6.5,
1976-09-30,USGS-452225105315301,0.3,
1976-09-27,USGS-393419105195100,4.9,
1976-06-07,USGS-424637084360601,0.04,
1976-11-12,USGS-301933082350506,0.3,
1976-09-27,USGS-393653105185100,33.0,
1976-09-29,USGS-400003105100300,5.2,
1976-07-22,USGS-443200105431001,14.0,
1976-03-21,USGS-395035109074002,0.02,
1976-08-10,USGS-393143105133700,86.0,
1976-04-27,USGS-400734105074800,17.0,
1976-02-03,USGS-450548106120301,0.09,
1976-11-15,USGS-301945082292202,0.05,
1976-09-29,USGS-453130106591001,0.8,
1976-06-08,USGS-462159084442201,0.04,
1976-06-22,USGS-435348085514401,0.03,
1976-10-02,USGS-462405105393001,0.3,
1976-12-01,USGS-254950080171201,0.3,
1976-11-10,USGS-302052082312401,0.9,
1976-07-20,USGS-270920082264401,0.04,
1976-10-19,USGS-361446108083701,2.5,
1976-06-08,USGS-424300084201001,0.4,
1976-11-16,USGS-302115082232202,0.04,
1976-10-06,USGS-353534108355201,2.1,
1976-01-23,USGS-401027105132700,20.0,
1976-06-03,USGS-424518084444301,0.04,
1976-04-26,USGS-400313105075000,2.5,
1976-12-02,USGS-462652111591400,0.8,
1976-11-16,USGS-302251082194901,0.08,
1976-06-01,USGS-462938087475901,0.08,
1976-09-16,USGS-354332108165501,0.07,
1976-06-14,USGS-462119089054401,0.2,
1976-09-16,USGS-354345108175001,0.2,
1976-03-17,USGS-395617109134401,0.2,
1976-07-19,USGS-270739082273601,0.02,
1976-10-19,USGS-361446108090801,0.4,
1976-07-13,USGS-462652111591400,0.5,
1976-07-26,USGS-401329105045900,41.0,
1976-07-20,USGS-270748082265001,0.02,
1976-11-12,USGS-301933082350519,0.2,
1976-07-20,USGS-270711082260201,0.02,
1976-09-28,USGS-461050106370001,3.4,
1976-07-20,USGS-270842082252701,0.07,
1976-07-19,USGS-270831082272601,0.01,
1976-03-23,USGS-395959105100700,7.4,
1976-09-27,USGS-393435105191200,6.4,
1976-04-30,USGS-400704105095700,16.0,
1976-07-26,USGS-400253105163000,2.1,
1976-08-13,USGS-441800105320001,0.1,
1976-03-09,USGS-400300105170100,29.0,
1976-11-10,USGS-302052082312402,0.3,
1976-06-10,USGS-423423083324001,0.3,
1976-07-14,USGS-272233082152701,0.08,
1976-10-24,USGS-322643111590601,8.2,
1976-07-13,USGS-272248082175301,0.01,
1976-11-11,USGS-301933082350501,0.2,
1976-05-13,USGS-321934106482601,0.3,
1976-06-16,USGS-415236084313701,0.4,
1976-05-26,USGS-442530105253001,0.09,
1976-09-29,USGS-400519105194200,94.0,
1976-08-04,USGS-413507109132501,17.0,
1976-03-26,USGS-400259105160700,6.7,
1976-09-14,USGS-395751109094501,0.4,
1976-07-23,USGS-443343105400801,0.04,
1976-09-17,USGS-395614109111401,0.07,
1976-05-20,USGS-415638108125801,0.04,
1976-06-10,USGS-422853083402801,1.4,
1976-06-10,USGS-424133083293201,0.1,
1976-06-07,USGS-462651086214601,0.06,
1976-01-05,USGS-355425107314401,0.2,
1976-09-19,USGS-395617109134401,0.2,
1976-06-26,USGS-395617109134402,0.09,
1976-07-22,USGS-400319105045100,14.0,
1976-03-20,USGS-400458105140700,17.0,
1976-01-15,USGS-355415107252801,0.3,
1976-06-09,USGS-423532084274001,0.1,
1976-03-23,USGS-400100105134600,8.6,
1976-09-30,USGS-450928105464401,0.03,
1976-11-16,USGS-302115082232201,0.05,
1976-12-14,USGS-390108119114501,4.0,
1976-11-12,USGS-301933082350518,0.06,
1976-09-28,USGS-460230106241501,0.2,
1976-07-19,USGS-270737082271501,0.01,
1976-10-01,USGS-451330105413001,0.1,
1976-07-20,USGS-270917082264701,0.2,
1976-08-16,USGS-444710106084901,0.1,
1976-09-29,USGS-400112105193500,16.0,
1976-11-09,USGS-301307082355001,0.7,
1976-01-28,USGS-401304105133400,37.0,
1976-04-14,USGS-414025107294101,0.1,
1976-10-02,USGS-454830107171001,0.9,
1976-08-10,USGS-393144105134000,18.0,
1976-09-20,USGS-395530109134901,0.3,
1976-09-16,USGS-354514108190601,0.06,
1976-06-04,USGS-420228108005001,0.5,
1976-07-18,USGS-350400107425601,1.9,
1976-07-14,USGS-272256082163501,0.02,
1976-09-27,USGS-393443105185400,1.3,
1976-06-14,USGS-415759083580901,0.1,
1976-07-22,USGS-400319105041300,23.0,
1976-09-27,USGS-393444105192400,17.0,
1976-09-28,USGS-393652105184000,17.0,
1976-08-03,USGS-462648111584100,7.2,
1976-10-01,USGS-455000105250001,0.1,
1976-06-15,USGS-421850084043001,0.04,
1976-07-13,USGS-393150105133300,17.0,
1977-11-26,USGS-355356096492801,4.5,
1977-04-12,USGS-322641093105501,0.03,
1977-11-19,USGS-353027097114101,5.1,
1977-11-19,USGS-353023097082301,0.4,
1977-12-31,USGS-350632097272701,5.7,
1977-11-15,USGS-360731107494701,0.6,
1977-09-01,USGS-415005106411701,3.3,
1977-11-27,USGS-352520096591501,2.6,
1977-11-18,USGS-355915097305401,6.3,
1977-10-29,USGS-353859097381901,19.6,
1977-11-06,USGS-354848097274801,0.4,
1977-05-10,USGS-322204103474001,0.6,
1977-11-20,USGS-355323097444301,14.1,
1977-12-03,USGS-355337097212901,9.6,
1977-11-13,USGS-355205097443901,4.8,
1977-11-15,USGS-314940111365001,1.8,
1977-10-29,USGS-353938097444001,5.9,
1977-12-03,USGS-351129097151701,0.2,
1977-11-13,USGS-321056111510501,15.0,
1977-10-04,USGS-420203106421901,14.0,
1977-02-22,USGS-322205103480702,4.2,
1977-10-14,USGS-351241097255401,12.2,
1977-12-10,USGS-350944097092901,0.8,
1977-11-04,USGS-353540097415302,42.2,
1977-11-13,USGS-355640097250401,10.7,
1977-11-06,USGS-355029097274201,1.0,
1977-11-11,USGS-355622097402301,0.7,
1977-01-27,USGS-350232107263701,7.2,
1977-12-03,USGS-351012097200801,3.8,
1977-03-08,USGS-392850118463401,3.6,
1977-12-03,USGS-350949097165401,0.6,
1977-11-26,USGS-354326097113101,2.5,
1977-11-11,USGS-352755097210901,0.3,
1977-10-21,USGS-352226097435001,1.2,
1977-10-29,USGS-354241097423701,27.8,
1977-11-05,USGS-353815097371701,18.3,
1977-11-11,USGS-352239097245301,0.8,
1977-11-23,USGS-354333097214201,0.5,
1977-11-27,USGS-353815097045402,10.8,
1977-10-15,USGS-353431097303801,59.4,
1977-11-11,USGS-352513097181301,0.2,
1977-03-01,USGS-392837118463201,3.3,
1977-09-28,USGS-420022106313301,0.5,
1977-01-25,USGS-350240107291201,7.9,
1977-10-22,USGS-353307097273402,1.7,
1977-11-10,USGS-352749097142701,0.3,
1977-11-15,USGS-353440097105501,1.3,
1977-11-11,USGS-353606097370901,20.2,
1977-11-10,USGS-352235097082401,1.0,
1977-11-09,USGS-460856103024401,18.0,
1977-01-21,USGS-350349107413401,0.3,
1977-10-22,USGS-353553097274202,1.1,
1977-11-15,USGS-314259111385101,4.2,
1977-11-23,USGS-354319097174501,3.4,
1977-11-25,USGS-355355096524501,1.8,
1977-11-13,USGS-355908097371301,12.9,
1977-12-03,USGS-355909097175601,5.2,
1977-03-05,USGS-400633104202901,0.7,
1977-10-22,USGS-353221097432401,7.9,
1977-12-23,USGS-350423097024601,3.9,
1977-11-14,USGS-353304097083201,1.1,
1977-02-24,USGS-322215103502701,1.3,
1977-11-13,USGS-355314097273501,1.1,
1977-08-18,USGS-361008107543901,0.9,
1977-11-14,USGS-315340111395301,15.0,
1977-10-15,USGS-353941097253401,1.1,
1977-11-25,USGS-355613096584901,40.4,
1977-11-26,USGS-354048097052601,71.1,
1977-11-10,USGS-352518097082801,0.3,
1977-11-27,USGS-354325097051001,23.1,
1977-12-30,USGS-350621097004701,0.4,
1977-10-15,USGS-353741097315701,13.0,
1977-11-14,USGS-353631097093201,1.8,
1977-11-12,USGS-354913097325601,3.9,
1977-11-19,USGS-353435097145101,1.1,
1977-09-21,USGS-415506106464201,1.4,
1977-10-22,USGS-353046097432401,12.1,
1977-10-18,USGS-421405110275601,0.53,
1977-05-10,USGS-322031103492801,2.3,
1977-12-31,USGS-350418097265401,3.6,
1977-12-11,USGS-351146097100602,16.8,
1977-11-13,USGS-354534097403001,3.7,
1977-05-10,USGS-322121103405501,0.33,
1977-11-17,USGS-314930111364201,3.5,
1977-12-17,USGS-352000097020902,16.9,
1977-11-13,USGS-354754097372001,2.4,
1977-02-01,USGS-335806094100102,0.1,
1977-11-10,USGS-352753097113001,0.4,
1977-11-12,USGS-353527097175901,1.3,
1977-12-07,USGS-351447097372302,7.8,
1977-09-01,USGS-414942106340601,3.0,
1977-11-23,USGS-353746097114301,14.1,
1977-12-03,USGS-355349097180101,15.0,
1977-09-10,USGS-415722106455301,0.5,
1977-10-21,USGS-353010097242901,0.9,
1977-12-30,USGS-350147097272601,4.3,
1977-11-13,USGS-354848097433801,4.1,
1977-11-27,USGS-352239096450201,0.4,
1977-11-25,USGS-355356096564301,1.2,
1977-11-10,USGS-353533097211501,0.2,
1977-10-07,USGS-414828106205601,0.15,
1977-10-28,USGS-354014097231401,53.9,
1977-11-11,USGS-352310097381001,27.2,
1977-04-08,USGS-324319111463601,4.3,
1977-09-20,USGS-322345103450201,0.04,
1977-10-26,USGS-352646097225501,0.6,
1977-08-22,USGS-322345103450201,0.04,
1977-04-12,USGS-320448111571401,2.7,
1977-11-10,USGS-352237097204501,0.3,
1977-12-16,USGS-350944097304402,14.4,
1977-10-15,USGS-353651097252701,0.8,
1977-12-16,USGS-351438097315101,48.8,
1977-11-10,USGS-352242097080101,0.5,
1977-10-16,USGS-353214097261101,0.5,
1977-12-03,USGS-355905097195501,1.1,
1977-11-15,USGS-353032097175602,0.3,
1977-11-10,USGS-415506106464201,1.1,
1977-11-18,USGS-355634097294401,2.2,
1977-12-30,USGS-350627097050002,0.3,
1977-02-01,USGS-333717094254501,0.1,
1977-12-04,USGS-355141097211501,1.2,
1977-08-31,USGS-411258107295501,0.5,
1977-11-14,USGS-360916107543901,0.5,
1977-11-18,USGS-355937097241501,11.6,
1977-11-04,USGS-352505097241301,1.1,
1977-03-30,USGS-322741093121301,0.02,
1977-11-13,USGS-355335097304401,1.1,
1977-11-26,USGS-355631096490401,1.6,
1977-05-10,USGS-322136103473001,4.1,
1977-11-26,USGS-352750096454501,6.8,
1977-11-19,USGS-353251097144801,0.4,
1977-10-15,USGS-352300097311401,4.1,
1977-12-16,USGS-351153097324801,3.1,
1977-11-20,USGS-355353097373901,3.3,
1977-10-15,USGS-353907097345901,82.8,
1977-10-21,USGS-352513097395101,43.7,
1977-11-13,USGS-355655097372001,5.1,
1977-03-17,USGS-322204103474001,0.1,
1977-11-26,USGS-352229097052001,0.4,
1977-03-17,USGS-322136103473001,0.09,
1977-10-27,USGS-353859097285801,146.0,
1977-11-10,USGS-352237097181901,0.2,
1977-08-17,USGS-360823107544001,1.1,
1977-11-26,USGS-355647096522901,0.6,
1977-11-15,USGS-313928111403501,8.2,
1977-11-25,USGS-355916096553201,1.2,
1977-09-14,USGS-420027106484301,1.0,
1977-10-15,USGS-354405097350701,17.2,
1977-10-26,USGS-352848097223501,0.5,
1977-11-15,USGS-314045111403501,5.0,
1977-11-18,USGS-355818097280301,0.9,
1977-08-31,USGS-331358092424301,0.01,
1977-11-26,USGS-355854096522201,2.6,
1977-11-11,USGS-352748097180502,0.3,
1977-11-19,USGS-354112097180401,3.4,
1977-11-09,USGS-460804103021601,6.4,
1977-09-21,USGS-415539106463301,0.6,
1977-12-03,USGS-355628097175701,9.2,
1977-08-18,USGS-360822107561601,3.2,
1977-11-13,USGS-355627097332901,3.7,
1977-11-27,USGS-354043097020101,1.9,
1977-11-13,USGS-321159111445401,0.8,
1977-12-11,USGS-351200097021202,1.9,
1977-11-16,USGS-360757107522701,0.9,
1977-12-07,USGS-351449097345701,21.4,
1977-11-13,USGS-354517097434101,27.3,
1977-11-26,USGS-355436096460701,0.2,
1977-12-03,USGS-352724097370701,0.4,
1977-11-16,USGS-360754107505201,4.6,
1977-11-25,USGS-355357096585101,0.2,
1977-12-02,USGS-354519097190901,0.6,
1977-12-03,USGS-352235097275001,1.1,
1977-11-11,USGS-353133097371701,6.8,
1977-11-13,USGS-321155111454801,1.4,
1977-11-13,USGS-414938106312201,0.17,
1977-12-11,USGS-351207097141702,13.7,
1977-11-08,USGS-460804103010101,0.6,
1977-10-15,USGS-354305097340701,1.9,
1977-12-31,USGS-350652097235601,4.0,
1977-04-12,USGS-320439111550201,1.4,
1977-10-24,USGS-413709109043501,0.05,
1977-11-27,USGS-353835097020201,16.8,
1977-04-08,USGS-321427112074101,1.5,
1977-08-17,USGS-360849107561801,2.4,
1977-10-15,USGS-354408097232201,0.6,
1977-12-04,USGS-354745097180001,1.6,
1977-10-11,USGS-410352107304701,0.21,
1977-12-16,USGS-351308097301601,1.4,
1977-10-21,USGS-352658097433401,5.1,
1977-11-13,USGS-414938106312201,0.16,
1977-09-23,USGS-321420092550001,0.05,
1977-11-11,USGS-320233111474201,2.3,
1977-11-25,USGS-355905096590701,3.6,
1977-11-19,USGS-353829097222101,13.3,
1977-12-04,USGS-354938097211501,2.0,
1977-10-28,USGS-354141097294401,5.6,
1977-10-21,USGS-352520097430401,4.7,
1977-12-30,USGS-350153097255101,28.6,
1977-10-11,USGS-411152107305001,0.18,
1977-12-02,USGS-355902096492601,0.4,
1977-02-23,USGS-322205103480703,2.4,
1977-10-15,USGS-353728097370901,52.2,
1977-11-13,USGS-355909097341001,0.3,
1977-11-26,USGS-354144097093201,0.2,
1977-11-13,USGS-355407097242201,177.0,
1977-12-04,USGS-355217097175701,43.4,
1977-10-15,USGS-354001097330501,32.4,
1977-11-06,USGS-354611097275601,0.8,
1977-03-22,USGS-322754093105801,0.02,
1977-02-23,USGS-322204103474001,0.02,
1977-12-03,USGS-355559097211401,16.4,
1977-11-19,USGS-353027097143501,4.6,
1977-12-03,USGS-351216097201201,0.6,
1977-11-06,USGS-354605097250001,2.9,
1977-11-27,USGS-352807096554501,6.1,
1977-11-13,USGS-355119097360701,2.9,
1977-09-29,USGS-321605103520201,0.26,
1977-10-15,USGS-352928097264701,1.5,
1977-11-13,USGS-355407097353401,3.5,
1977-11-26,USGS-353023097015401,2.0,
1977-10-15,USGS-354330097324402,1.7,
1977-01-04,USGS-352304096551401,1.8,
1977-12-17,USGS-350844097014601,0.3,
1977-11-12,USGS-354558097351501,33.6,
1977-10-21,USGS-353027097273001,3.1,
1977-10-21,USGS-352753097391801,41.2,
1977-11-26,USGS-352718096492401,0.8,
1977-11-19,USGS-354052097211001,1.3,
1977-10-15,USGS-352551097354801,1.6,
1977-11-27,USGS-352153096492901,1.1,
1977-10-28,USGS-254950080171201,0.6,
1977-04-22,USGS-375700100584901,1.0,
1977-09-29,USGS-321456092560901,0.2,
1977-12-17,USGS-351727097020102,97.6,
1977-10-15,USGS-354412097280601,1.2,
1977-03-16,USGS-322205103480703,3.8,
1977-08-26,USGS-362636094012602,0.63,
1977-10-15,USGS-352735097252701,1.1,
1977-11-06,USGS-354841097242801,1.0,
1977-10-21,USGS-353228097234201,1.1,
1977-09-25,USGS-415336106345501,0.8,
1977-11-12,USGS-353308097181101,0.4,
1977-11-26,USGS-352448096502901,10.9,
1977-12-16,USGS-351222097370401,5.8,
1977-10-23,USGS-353303097404102,1.4,
1977-10-15,USGS-352434097261102,0.6,
1977-04-08,USGS-323633111522201,28.0,
1977-11-09,USGS-420027106484301,1.0,
1977-10-15,USGS-352700097335401,9.8,
1977-10-28,USGS-352145097360701,30.1,
1977-12-11,USGS-351450097020502,6.0,
1977-10-15,USGS-354247097311501,1.3,
1977-12-11,USGS-350911097132201,6.4,
1977-04-08,USGS-323437111595801,6.1,
1977-04-08,USGS-320220112085001,1.9,
1977-11-13,USGS-320841111523201,1.9,
1977-12-04,USGS-355902097392601,1.0,
1977-12-03,USGS-351444097194401,0.4,
1977-12-11,USGS-351447097082601,2.8,
1977-11-05,USGS-354128097392401,3.1,
1977-11-23,USGS-354052097113901,0.7,
1977-10-29,USGS-354238097442801,5.7,
1977-11-04,USGS-353537097390701,24.0,
1977-02-23,USGS-322136103473001,0.06,
1977-12-11,USGS-351140097081402,11.7,
1977-10-16,USGS-353428097231501,0.8,
1977-11-25,USGS-355540096552501,3.1,
1977-12-19,USGS-351415097144701,3.3,
1977-12-23,USGS-350409097052301,0.6,
1977-05-10,USGS-321557103472301,0.1,
1977-01-31,USGS-334345093373701,0.01,
1977-11-10,USGS-352513097114201,0.5,
1977-11-26,USGS-352743097021102,35.8,
1977-11-11,USGS-320651111490901,3.0,
1977-10-29,USGS-353952097423601,10.3,
1977-12-23,USGS-350142097015201,12.3,
1977-01-19,USGS-350344107391901,5.5,
1977-09-09,USGS-415816106461501,0.6,
1977-11-12,USGS-354729097340101,15.6,
1977-11-26,USGS-353304097022001,1.2,
1977-11-06,USGS-355118097242001,6.6,
1977-02-22,USGS-322205103480701,0.8,
1977-10-21,USGS-352235097404301,0.5,
1977-11-12,USGS-355206097330101,1.3,
1977-11-12,USGS-354545097304901,1.0,
1977-12-30,USGS-350430097241501,8.8,
1977-12-31,USGS-350153097175901,8.8,
1977-11-27,USGS-352501096554901,7.9,
1977-12-02,USGS-354041097143901,8.4,
1977-12-16,USGS-350910097340701,5.7,
1977-11-13,USGS-354705097371701,1.7,
1977-11-26,USGS-352457097020601,11.7,
1977-04-08,USGS-323703112064601,3.5,
1977-12-16,USGS-350931097365601,1.3,
1977-11-26,USGS-354333097145901,8.5,
1977-11-19,USGS-353815097172502,1.4,
1977-10-11,USGS-411248107321401,0.07,
1977-12-03,USGS-352748097315201,1.6,
1977-11-11,USGS-320626111484101,1.0,
1977-11-10,USGS-352543097145101,0.2,
1977-11-07,USGS-415530106463301,12.0,
1977-11-12,USGS-355026097303601,0.9,
1977-11-27,USGS-354419097013501,79.9,
1977-03-02,USGS-361446108090801,0.2,
1977-11-13,USGS-321255111485201,1.9,
1977-12-23,USGS-350147097052401,4.1,
1977-11-26,USGS-353812097140201,0.6,
1978-01-06,USGS-354331096594701,0.4,
1978-08-18,USGS-452240102215001,0.3,
1978-06-14,USGS-442606097204901,9.0,
1978-06-07,USGS-441001097315101,0.8,
1978-06-21,USGS-443708097123201,40.0,
1978-06-30,USGS-450516097255501,7.3,
1978-06-13,USGS-442713097025901,3.4,
1978-07-10,USGS-452201096562701,6.6,
1978-10-13,USGS-451756103211801,1.1,
1978-07-18,USGS-453928097075101,8.3,
1978-03-13,USGS-345208097144801,6.8,
1978-12-08,USGS-320152111291501,4.6,
1978-07-19,USGS-454626097265201,1.8,
1978-03-20,USGS-320428111535101,4.0,
1978-03-20,USGS-320439111550201,1.4,
1978-03-25,USGS-345638097432001,2.4,
1978-06-27,USGS-405218104141501,9.7,
1978-09-27,USGS-452822103195801,3.4,
1978-06-12,USGS-442631097081601,4.9,
1978-08-10,USGS-454431102352701,0.3,
1978-06-09,USGS-440439096565401,1.2,
1978-06-14,USGS-442624096362801,1.1,
1978-07-06,USGS-404539104220801,0.06,
1978-05-11,USGS-321402092545701,0.6,
1978-03-20,USGS-320045111544301,3.6,
1978-06-21,USGS-443939096340001,6.8,
1978-01-29,USGS-351724097273001,9.2,
1978-07-06,USGS-451913096554301,0.4,
1978-03-11,USGS-345843097092801,1.2,
1978-04-02,USGS-344847097431701,2.1,
1978-01-04,USGS-350710096463201,1.1,
1978-06-12,USGS-441648097081301,0.5,
1978-12-08,USGS-320055111330701,53.0,
1978-07-20,USGS-453708097023101,0.9,
1978-06-20,USGS-403848104164101,0.06,
1978-07-13,USGS-452230097562401,2.4,
1978-09-14,USGS-454615103330301,0.2,
1978-10-17,USGS-451510103121001,1.2,
1978-06-29,USGS-450234097214601,10.0,
1978-10-11,USGS-452327103590601,182.0,
1978-07-11,USGS-451922096503401,0.5,
1978-03-27,USGS-321936111301201,10.0,
1978-08-23,USGS-451518102451401,3.1,
1978-08-10,USGS-453639102203101,0.3,
1978-07-14,USGS-453715097211001,32.0,
1978-08-15,USGS-454250102373001,1.4,
1978-08-15,USGS-453130102325201,45.0,
1978-07-17,USGS-455244097384901,0.8,
1978-10-18,USGS-450921103113801,0.9,
1978-06-16,USGS-445942097035401,2.8,
1978-07-19,USGS-454619097181801,19.0,
1978-07-11,USGS-452913097321301,38.0,
1978-12-20,USGS-322352103503602,4.3,
1978-06-09,USGS-440031096550601,65.0,
1978-08-21,USGS-452132102190401,4.8,
1978-09-27,USGS-452609103483601,11.0,
1978-06-30,USGS-450311097322301,4.7,
1978-01-05,USGS-353303096491601,10.1,
1978-07-11,USGS-405817104163401,7.6,
1978-09-27,USGS-452801103224801,0.2,
1978-07-06,USGS-450241097145301,20.0,
1978-06-13,USGS-442327096410901,2.9,
1978-06-22,USGS-443820097211401,0.3,
1978-07-20,USGS-455320096571401,24.0,
1978-08-17,USGS-453401102441601,1.0,
1978-09-12,USGS-453842103250101,0.3,
1978-07-17,USGS-453350097282601,0.2,
1978-06-30,USGS-451044096564501,1.6,
1978-07-11,USGS-452833097211001,9.3,
1978-06-08,USGS-441203096274301,0.7,
1978-08-15,USGS-453346102400101,17.0,
1978-12-14,USGS-314104111410001,12.0,
1978-07-20,USGS-455427097231102,8.5,
1978-08-23,USGS-451500102352401,6.1,
1978-03-14,USGS-344830097114501,6.8,
1978-08-24,USGS-354950106092101,189.0,
1978-07-11,USGS-451948097390701,0.6,
1978-07-19,USGS-455056097545701,0.6,
1978-08-10,USGS-454601102315101,8.3,
1978-06-15,USGS-403938104105801,0.7,
1978-07-18,USGS-453307097090701,1.1,
1978-06-19,USGS-445942097563101,14.0,
1978-03-29,USGS-414456104123801,140.0,
1978-07-21,USGS-453434096561901,2.6,
1978-07-20,USGS-455506097014501,3.1,
1978-06-09,USGS-441145096542801,7.5,
1978-06-16,USGS-445848097173101,1.4,
1978-07-18,USGS-404235104243901,36.0,
1978-07-14,USGS-453422097492601,0.2,
1978-09-09,USGS-450144102204901,0.2,
1978-08-17,USGS-451850102260901,0.3,
1978-09-08,USGS-455027103130101,7.2,
1978-07-25,USGS-454713097054501,10.0,
1978-06-21,USGS-444337096273601,2.1,
1978-05-17,USGS-314252111383301,2.1,
1978-08-18,USGS-452638102300701,0.2,
1978-08-22,USGS-451156102455001,15.0,
1978-06-15,USGS-445620097061401,3.6,
1978-07-13,USGS-453646097473101,0.3,
1978-09-20,USGS-431457084194401,0.03,
1978-03-13,USGS-345345097031001,1.9,
1978-12-19,USGS-322342103452402,1.0,
1978-08-16,USGS-452913102285101,0.4,
1978-08-31,USGS-454800103021301,0.4,
1978-08-31,USGS-343735108031701,0.7,
1978-03-13,USGS-345615097020601,13.5,
1978-06-22,USGS-444059097381301,1.2,
1978-06-12,USGS-442016097232701,0.8,
1978-06-16,USGS-445602097205201,0.2,
1978-10-17,USGS-450737103182101,36.0,
1978-08-09,USGS-455125102242801,54.0,
1978-11-29,USGS-320237111313001,29.0,
1978-08-16,USGS-452826102554801,7.9,
1978-08-29,USGS-450115102060301,15.0,
1978-09-26,USGS-454655103542501,0.5,
1978-09-26,USGS-455400103474901,29.0,
1978-07-19,USGS-455551097140901,3.5,
1978-01-29,USGS-352007097331801,6.5,
1978-08-22,USGS-451445102425001,0.3,
1978-06-16,USGS-445743097122501,4.5,
1978-06-20,USGS-443451096382401,11.0,
1978-06-29,USGS-451102096300001,0.6,
1978-03-01,USGS-323422112311201,0.9,
1978-06-19,USGS-445405096491401,1.1,
1978-06-06,USGS-440221097354001,0.6,
1978-01-04,USGS-352959096523701,1.4,
1978-07-10,USGS-452027097352701,42.0,
1978-07-11,USGS-405802104141701,37.0,
1978-07-24,USGS-453700096531502,12.0,
1978-06-09,USGS-441254096564501,22.0,
1978-06-15,USGS-403908104121101,41.0,
1978-03-12,USGS-345855097145301,3.5,
1978-06-08,USGS-440400097041601,2.1,
1978-07-19,USGS-453809097374001,3.6,
1978-06-09,USGS-440307096541401,1.3,
1978-04-20,USGS-345555096462601,1.3,
1978-03-14,USGS-345212097010101,18.8,
1978-06-12,USGS-442718097115601,6.9,
1978-03-29,USGS-414705104104601,15.0,
1978-06-13,USGS-441142096373301,12.0,
1978-08-21,USGS-451012102385201,5.5,
1978-08-21,USGS-451543102405101,0.3,
1978-09-19,USGS-455345103424601,0.4,
1978-07-19,USGS-454351097511401,0.2,
1978-09-19,USGS-454348103402201,15.0,
1978-06-21,USGS-445938096302501,1.6,
1978-01-04,USGS-351256096451401,3.4,
1978-01-09,USGS-350703097425002,1.9,
1978-01-07,USGS-353816096585901,30.4,
1978-06-21,USGS-404244104222001,9.2,
1978-06-15,USGS-445932096573701,0.4,
1978-06-13,USGS-442848097375501,22.0,
1978-07-21,USGS-453551097074801,2.9,
1978-07-10,USGS-452031096524401,0.4,
1978-06-28,USGS-404918104160101,0.8,
1978-07-12,USGS-405401104175001,4.1,
1978-01-05,USGS-354052096460101,2.1,
1978-09-19,USGS-423609085283201,0.25,
1978-09-11,USGS-455410103124301,82.0,
1978-10-18,USGS-450126103002101,8.0,
1978-02-04,USGS-355207097082901,0.9,
1978-06-22,USGS-444040097155701,8.6,
1978-06-30,USGS-450509097285801,24.0,
1978-01-04,USGS-350653096494301,48.2,
1978-06-20,USGS-445920096375501,2.5,
1978-08-22,USGS-450556102330001,0.5,
1978-01-09,USGS-350404097401401,0.8,
1978-07-12,USGS-405923104200101,18.0,
1978-05-21,USGS-314300111402901,11.0,
1978-06-30,USGS-451344096563801,34.0,
1978-06-13,USGS-440809096435501,1.2,
1978-07-20,USGS-455522096561601,6.7,
1978-04-02,USGS-345117097423801,0.3,
1978-07-07,USGS-405029104192001,17.0,
1978-01-04,USGS-350146096460601,0.2,
1978-09-14,USGS-453354103321301,3.4,
1978-03-20,USGS-320206111541701,63.0,
1978-07-21,USGS-455048097084901,7.8,
1978-03-12,USGS-345903097114201,4.5,
1978-06-29,USGS-450259097045901,0.3,
1978-08-23,USGS-450722102183901,0.3,
1978-03-14,USGS-321042112134101,20.0,
1978-06-30,USGS-450809096523001,0.8,
1978-06-13,USGS-442906096420001,6.3,
1978-06-21,USGS-443753097084101,5.6,
1978-10-19,USGS-451839103002501,0.4,
1978-06-14,USGS-441839096354501,8.8,
1978-09-23,USGS-453516103555501,9.2,
1978-07-20,USGS-454723096573301,39.0,
1978-11-28,USGS-343957108151601,0.4,
1978-12-13,USGS-314045111403501,6.5,
1978-06-21,USGS-445130096284801,18.0,
1978-05-21,USGS-314520111374001,5.0,
1978-06-13,USGS-442858097033601,64.0,
1978-07-20,USGS-455334096530201,9.1,
1978-08-22,USGS-451207102024501,0.5,
1978-06-23,USGS-443900097292001,4.1,
1978-02-04,USGS-354520097113301,4.0,
1978-07-20,USGS-455551097243901,20.0,
1978-07-13,USGS-452548097433001,1.4,
1978-06-19,USGS-443231096462601,20.0,
1978-06-21,USGS-443424096530201,5.3,
1978-01-07,USGS-353815096521701,8.7,
1978-09-13,USGS-453216103284001,5.1,
1978-08-24,USGS-373016105395601,1.2,
1978-06-29,USGS-450426097510001,4.5,
1978-06-22,USGS-445219096352401,5.6,
1978-02-26,USGS-355816097083401,0.5,
1978-06-21,USGS-445421097461201,15.0,
1978-06-14,USGS-441807097195101,0.2,
1978-01-08,USGS-350654097364001,1.6,
1978-07-20,USGS-454713096483901,28.0,
1978-07-18,USGS-454044097400801,0.4,
1978-06-22,USGS-443433096343601,9.3,
1978-09-08,USGS-453433103195501,0.7,
1978-08-08,USGS-455248102241401,5.0,
1978-03-06,USGS-320808112394501,1.0,
1978-12-01,USGS-350612106440901,7.0,
1978-04-29,USGS-345408096531001,4.2,
1978-07-25,USGS-454557097122801,1.7,
1978-07-11,USGS-405452104130501,6.4,
1978-03-15,USGS-344833097020901,0.4,
1978-06-29,USGS-451312097122401,10.0,
1978-07-18,USGS-404400104240001,22.0,
1978-06-19,USGS-444341096541901,1.0,
1978-07-11,USGS-405546104222801,10.0,
1978-06-20,USGS-445812096323801,0.3,
1978-09-13,USGS-455407103272501,3.1,
1978-07-11,USGS-452439097171601,56.0,
1978-07-14,USGS-453556097161901,1.1,
1978-01-05,USGS-353613096483501,3.4,
1978-06-21,USGS-443758096273901,6.6,
1978-07-27,USGS-353637107172801,1.1,
1978-07-27,USGS-353637107172801,24.0,
1978-06-22,USGS-445125097510301,2.1,
1978-07-19,USGS-454800097205601,27.0,
1978-03-23,USGS-313652111401301,58.0,
1978-06-20,USGS-443115097075101,7.3,
1978-07-17,USGS-455537097445201,0.2,
1978-06-14,USGS-441749096562001,13.0,
1978-09-20,USGS-453715103514301,0.4,
1978-08-17,USGS-452920102333901,0.5,
1978-04-08,USGS-344842097401201,2.3,
1978-03-12,USGS-345920097011001,0.6,
1978-07-10,USGS-451912096304301,10.0,
1978-06-12,USGS-442045097100801,32.0,
1978-07-19,USGS-455243097274401,37.0,
1978-10-17,USGS-451413103134001,0.2,
1978-09-25,USGS-452154103322401,8.5,
1978-10-18,USGS-451601103560201,36.0,
1978-10-18,USGS-450914103050901,0.4,
1978-06-16,USGS-403951104134001,0.04,
1978-10-13,USGS-451518103245001,4.2,
1978-06-22,USGS-444716096312201,3.0,
1978-07-21,USGS-454214096461501,3.7,
1978-01-29,USGS-352002097244301,2.5,
1978-06-29,USGS-450018097161201,45.0,
1978-10-12,USGS-434627084062001,0.54,
1978-08-23,USGS-450643102021301,0.4,
1978-04-22,USGS-345103096524901,0.5,
1978-01-09,USGS-350433097432201,1.8,
1978-08-15,USGS-453234102512101,1.7,
1978-07-18,USGS-453946097433701,0.3,
1978-08-09,USGS-454200102120701,0.5,
1978-08-10,USGS-454055102075801,1.4,
1978-07-17,USGS-453028097230901,40.0,
1978-07-13,USGS-452508097402601,5.8,
1978-06-29,USGS-451048097405101,7.7,
1978-09-28,USGS-443721084472901,0.4,
1978-03-17,USGS-345641097171801,1.6,
1978-08-08,USGS-455324102153901,0.4,
1978-03-29,USGS-415402104202001,270.0,
1978-08-30,USGS-450513102082401,1.1,
1978-08-16,USGS-452916102490101,0.4,
1978-09-14,USGS-454004103342201,13.0,
1978-06-13,USGS-441557097060701,4.9,
1978-05-11,USGS-321101092522103,0.6,
1978-08-24,USGS-450408102061801,0.7,
1978-06-29,USGS-451120097160801,17.0,
1978-09-13,USGS-455324103242101,0.4,
1978-06-23,USGS-444351097475601,2.5,
1978-11-07,USGS-460856103024401,24.0,
1978-04-02,USGS-345125097393901,3.7,
1978-06-20,USGS-444417096382901,23.0,
1978-02-25,USGS-355540097113301,2.0,
1978-06-16,USGS-445652097083401,1.7,
1978-06-13,USGS-440907096401201,7.8,
1978-07-10,USGS-451727097354201,22.0,
1978-08-28,USGS-344229107592701,3.9,
1978-06-30,USGS-451124096420001,0.5,
1978-08-09,USGS-454145102313701,0.3,
1978-08-23,USGS-450242102234501,0.2,
1978-08-15,USGS-454109102352001,0.7,
1978-06-15,USGS-442457097171301,2.4,
1978-09-27,USGS-451727103461901,15.0,
1978-02-04,USGS-354841097113301,2.5,
1978-07-12,USGS-452533097293801,0.3,
1978-03-28,USGS-345914097370101,0.7,
1978-08-08,USGS-455316102092101,0.7,
1978-06-09,USGS-440028096310801,0.9,
1978-07-18,USGS-455001097363801,0.3,
1978-07-20,USGS-455526096525801,9.9,
1978-06-16,USGS-445418097092801,16.0,
1978-04-29,USGS-345904096590501,5.2,
1978-09-21,USGS-453112103392101,1.0,
1978-10-19,USGS-450014103041201,7.1,
1978-03-25,USGS-345622097401101,0.4,
1978-08-17,USGS-452616102130801,0.9,
1978-03-29,USGS-420116104160001,200.0,
1978-06-22,USGS-444221097330001,0.6,
1978-06-08,USGS-440900096302801,0.5,
1978-06-15,USGS-445425096585501,1.1,
1978-06-06,USGS-440319097424101,0.5,
1978-02-23,USGS-354808096460901,1.6,
1978-08-11,USGS-454622102054901,0.2,
1978-06-29,USGS-450618096490401,1.4,
1978-06-28,USGS-451424096384901,0.3,
1978-06-20,USGS-443715096373001,23.0,
1978-08-22,USGS-451503102303601,0.6,
1978-07-13,USGS-453826097214601,6.3,
1978-06-15,USGS-445754097012601,15.0,
1978-08-31,USGS-343748108054801,7.7,
1978-09-25,USGS-452757103321601,11.0,
1978-09-08,USGS-455313103002101,0.3,
1978-11-06,USGS-460804103010101,0.6,
1978-01-08,USGS-350727097335401,2.9,
1978-06-13,USGS-441518096495101,19.0,
1978-10-13,USGS-450126103590901,2.0,
1978-09-28,USGS-452848103483601,19.0,
1978-06-30,USGS-450527097145201,0.4,
1978-05-18,USGS-443159097534301,0.2,
1978-01-06,USGS-354048096525001,0.2,
1978-06-22,USGS-444559097450501,22.0,
1978-06-13,USGS-441810096493701,4.7,
1978-09-22,USGS-454543103512801,0.2,
1978-07-19,USGS-455532097290101,9.6,
1978-06-29,USGS-451351097195801,20.0,
1978-01-29,USGS-351717097242001,1.5,
1978-02-04,USGS-355027096582801,0.9,
1978-09-26,USGS-455215103541001,0.5,
1978-08-15,USGS-455110102562001,0.2,
1978-07-10,USGS-452208096332501,6.5,
1978-05-18,USGS-313548111394601,27.0,
1978-08-16,USGS-453104102285501,0.2,
1978-06-19,USGS-444633096542101,9.0,
1978-09-19,USGS-455616103403301,0.2,
1978-09-06,USGS-344636108033901,2.6,
1978-06-23,USGS-444228097435101,4.9,
1978-01-06,USGS-354329096551601,11.4,
1978-09-20,USGS-454200103505601,0.2,
1978-10-16,USGS-452609103044401,0.7,
1978-06-14,USGS-442631096503801,6.4,
1978-03-14,USGS-320953112071701,2.3,
1978-01-08,USGS-352107097432901,0.5,
1978-06-15,USGS-403744104084201,0.05,
1978-03-11,USGS-345443097123101,2.6,
1978-06-13,USGS-442844097204901,1.1,
1978-06-22,USGS-444218097391801,5.8,
1978-07-20,USGS-454503096573101,3.0,
1978-03-14,USGS-321109112124601,19.0,
1978-07-11,USGS-451340097353801,0.8,
1978-07-21,USGS-454022096481401,0.3,
1978-01-03,USGS-351959096523901,8.1,
1978-06-12,USGS-442313097101201,5.3,
1978-02-04,USGS-355021097084501,1.1,
1978-01-03,USGS-350843096555801,6.4,
1978-08-23,USGS-450639102223701,11.0,
1978-07-24,USGS-453044097011701,0.6,
1978-06-13,USGS-442913096504501,32.0,
1978-07-17,USGS-455257097424401,1.5,
1978-05-24,USGS-360823107544001,1.2,
1978-09-19,USGS-455609103361001,0.3,
1978-02-01,USGS-252412080244501,0.14,
1978-02-15,USGS-354603096584501,2.6,
1978-08-17,USGS-452609102043301,0.2,
1978-10-11,USGS-452931103595201,17.0,
1978-08-23,USGS-450852102442701,0.3,
1978-08-08,USGS-455515102470901,0.3,
1978-07-18,USGS-404323104292801,160.0,
1978-07-14,USGS-453116097180902,9.0,
1978-07-19,USGS-454304097361801,10.0,
1978-10-18,USGS-450408103051601,70.0,
1978-08-18,USGS-452710102464801,0.4,
1978-08-22,USGS-452736102441601,0.6,
1978-08-18,USGS-452302102340401,0.2,
1978-06-22,USGS-443515097204201,1.1,
1978-06-21,USGS-445136097380901,10.0,
1978-07-12,USGS-453054097312201,6.2,
1978-01-03,USGS-351444096593102,1.0,
1978-07-06,USGS-451550096570301,0.8,
1978-08-11,USGS-454554102400401,7.6,
1978-03-14,USGS-344816097145401,10.7,
1978-06-19,USGS-445509096453601,7.3,
1978-08-18,USGS-452616102010401,1.2,
1978-01-03,USGS-350048096531701,0.3,
1978-02-26,USGS-355903097051201,1.0,
1978-08-08,USGS-455555102401501,19.0,
1978-07-21,USGS-455515096455701,3.7,
1978-03-12,USGS-345910097043001,1.6,
1978-07-20,USGS-455046096573301,9.1,
1978-06-13,USGS-443000097003901,4.9,
1978-12-14,USGS-314210111405401,1.2,
1978-06-19,USGS-445743097443401,0.5,
1978-02-04,USGS-354826096532401,1.3,
1978-07-20,USGS-455309097005701,11.0,
1978-07-18,USGS-455244097563801,0.3,
1978-07-06,USGS-451116097292701,15.0,
1978-05-18,USGS-443527097572501,0.3,
1978-06-30,USGS-450947097094401,8.3,
1978-03-15,USGS-344935097052501,2.2,
1978-07-07,USGS-405031104193401,5.3,
1978-08-22,USGS-450122102380901,10.0,
1978-06-20,USGS-445728096365901,7.7,
1978-06-12,USGS-441009096503301,0.3,
1978-07-11,USGS-452003096454901,5.1,
1978-06-15,USGS-444301097051601,18.0,
1978-08-18,USGS-452031102530601,0.3,
1978-06-12,USGS-440303096394301,0.4,
1978-06-21,USGS-443344096582301,12.0,
1978-07-10,USGS-452822097092101,4.1,
1978-06-29,USGS-450256097512801,38.0,
1978-10-24,USGS-382622104524001,4.2,
1978-08-16,USGS-454452102473101,20.0,
1978-03-14,USGS-321023112091001,1.3,
1978-01-03,USGS-350140096592801,4.2,
1978-06-20,USGS-445042097440601,0.4,
1978-12-17,USGS-315237111374801,1.8,
1978-02-23,USGS-354914097010901,10.3,
1978-03-17,USGS-345913097241301,5.8,
1978-06-28,USGS-450314097432201,6.4,
1978-07-21,USGS-453656096363601,0.2,
1978-10-12,USGS-452833103395401,0.4,
1978-09-27,USGS-454615103422101,0.2,
1978-09-25,USGS-455638103510001,12.0,
1978-06-20,USGS-445128097342201,0.3,
1978-09-19,USGS-454322103345501,5.1,
1978-08-23,USGS-453155103011201,0.6,
1978-06-15,USGS-442909096575701,15.0,
1978-06-21,USGS-444716097311501,30.0,
1978-08-31,USGS-453437103093201,8.7,
1978-06-22,USGS-443419096271001,5.8,
1978-10-17,USGS-450025103281901,11.0,
1978-07-17,USGS-453144097275701,16.0,
1978-06-21,USGS-445843097514501,0.5,
1978-02-25,USGS-355329097005801,0.8,
1978-01-08,USGS-351207097431601,2.2,
1978-06-12,USGS-441138096482501,8.1,
1978-03-29,USGS-393224105083301,22.0,
1978-01-05,USGS-353535096522001,17.6,
1978-07-13,USGS-453155097595201,0.3,
1978-07-20,USGS-455027096494801,11.0,
1978-06-14,USGS-442306097220401,4.8,
1978-06-20,USGS-444633097553301,12.0,
1978-09-27,USGS-452024103404001,74.0,
1978-06-14,USGS-442443096323401,64.0,
1978-08-31,USGS-453206103083101,183.0,
1978-12-15,USGS-314832111404701,3.9,
1978-07-25,USGS-452457096450001,15.0,
1978-01-03,USGS-351010096524201,29.3,
1978-09-26,USGS-451749103371201,24.0,
1978-06-20,USGS-444304097594901,2.8,
1978-02-24,USGS-354512096454101,18.5,
1978-06-14,USGS-442844096283301,16.0,
1978-06-13,USGS-442410096455001,5.9,
1978-12-08,USGS-315759111325301,1.8,
1978-06-19,USGS-443409096451601,0.9,
1978-04-20,USGS-345818096463401,9.5,
1978-10-11,USGS-452530103541801,1.6,
1978-06-15,USGS-442812096553701,24.0,
1978-07-10,USGS-452352097360701,3.4,
1978-01-04,USGS-351454096493201,0.8,
1978-06-20,USGS-444012096411301,12.0,
1978-01-23,USGS-360017107223901,0.1,
1978-07-13,USGS-453625097584401,0.3,
1978-08-10,USGS-455006102383101,34.0,
1978-07-11,USGS-405921104083901,21.0,
1978-06-14,USGS-441843097163701,13.0,
1978-06-09,USGS-440939096590601,21.0,
1978-09-12,USGS-453758103224801,0.7,
1978-08-18,USGS-451716102340801,2.3,
1978-06-20,USGS-404442104202001,0.12,
1978-09-19,USGS-453357103425401,0.7,
1978-07-06,USGS-451138096531301,1.9,
1978-07-11,USGS-451919097442401,0.9,
1978-07-07,USGS-451337097504901,1.4,
1978-06-21,USGS-443747096311302,9.3,
1978-12-05,USGS-462756085564401,0.04,
1978-06-14,USGS-441745096384201,5.7,
1978-08-17,USGS-452313102260901,0.4,
1978-07-13,USGS-453939097593801,0.4,
1978-01-03,USGS-351255096583701,13.2,
1978-10-18,USGS-450918103003901,1.5,
1978-06-08,USGS-441131097052401,15.0,
1978-07-19,USGS-404315104155001,4.6,
1978-09-20,USGS-453412103502701,1.7,
1978-10-13,USGS-451752103591301,30.0,
1978-06-26,USGS-444547096452001,0.3,
1978-08-31,USGS-454601103080201,0.3,
1978-03-17,USGS-345117097243301,1.2,
1978-06-20,USGS-443943096531301,3.6,
1978-07-21,USGS-454816097100401,3.6,
1978-09-19,USGS-453918103392501,22.0,
1978-06-22,USGS-445020096385401,1.1,
1978-07-11,USGS-405822104073201,15.0,
1978-07-19,USGS-454527097372501,6.2,
1978-03-25,USGS-345358097340001,3.6,
1978-04-21,USGS-345911096533301,56.8,
1978-08-21,USGS-451326102422501,21.0,
1978-01-09,USGS-351447097434001,3.2,
1978-01-03,USGS-351209096533201,9.8,
1978-07-24,USGS-453137096475601,3.1,
1978-08-15,USGS-454246102435101,10.0,
1978-10-16,USGS-451633103174201,0.3,
1978-06-19,USGS-444026096575401,51.0,
1978-10-19,USGS-451431103000301,0.2,
1978-01-04,USGS-353257096585501,57.0,
1978-07-07,USGS-452020097155001,3.0,
1978-09-26,USGS-452728103274601,2.8,
1978-09-23,USGS-453910103554001,0.5,
1978-06-12,USGS-441626097122101,6.6,
1978-06-30,USGS-450900096412701,0.4,
1978-01-04,USGS-351753096523801,5.2,
1978-06-28,USGS-450124097023701,5.3,
1978-06-14,USGS-442631096531301,0.7,
1978-07-20,USGS-455337097062402,5.3,
1978-03-17,USGS-345448097181101,7.5,
1978-08-29,USGS-450101102310101,0.5,
1978-07-12,USGS-453722097332801,0.3,
1978-07-06,USGS-451807097033201,1.9,
1978-08-10,USGS-345903107480901,2.4,
1978-10-24,USGS-382649104541201,51.0,
1978-10-18,USGS-451106103242501,14.0,
1978-06-28,USGS-404920104153701,1.4,
1978-06-14,USGS-442537096302801,13.0,
1978-03-06,USGS-320408112400601,2.1,
1978-08-17,USGS-452638102160101,0.3,
1978-06-16,USGS-445455097332301,0.3,
1978-10-17,USGS-451442103044001,0.4,
1978-03-10,USGS-323226112080701,2.3,
1978-04-29,USGS-345350096544701,0.5,
1978-06-16,USGS-444724097011201,0.4,
1978-08-11,USGS-454500102020901,3.0,
1978-06-13,USGS-442024097062101,0.3,
1978-06-23,USGS-444116097513001,3.5,
1978-08-08,USGS-455327102014401,0.5,
1978-09-28,USGS-451930103270701,3.7,
1978-09-25,USGS-455327103570301,0.5,
1978-06-07,USGS-440031097172601,20.0,
1978-01-05,USGS-353022096462601,0.3,
1978-06-08,USGS-441113096313301,0.5,
1978-06-22,USGS-443227096314801,17.0,
1978-07-06,USGS-451438097263401,23.0,
1978-01-03,USGS-350417096530101,2.2,
1978-07-05,USGS-405039104160301,5.8,
1978-06-14,USGS-442049096275701,1.0,
1978-07-10,USGS-452754096525501,9.9,
1978-06-20,USGS-445542096333801,0.4,
1978-06-14,USGS-442302096362801,2.4,
1978-06-28,USGS-450545097100001,32.0,
1978-06-30,USGS-450054097563101,32.0,
1978-06-13,USGS-442624097050601,15.0,
1978-07-06,USGS-451037096490801,5.7,
1978-07-14,USGS-453704097285501,12.0,
1978-01-06,USGS-354048096584601,8.8,
1978-08-08,USGS-455627102022701,0.3,
1978-08-22,USGS-450524102360001,0.5,
1978-02-25,USGS-355907097142301,6.2,
1978-03-13,USGS-345312097052401,0.5,
1978-03-23,USGS-314045111403501,6.6,
1978-07-13,USGS-453637097360501,2.2,
1978-07-25,USGS-455009097113801,1.9,
1978-06-21,USGS-445432096292401,0.3,
1978-09-14,USGS-454756103360301,1.5,
1978-08-23,USGS-450122102350201,0.2,
1978-08-18,USGS-452551102330301,0.5,
1978-07-07,USGS-451655097215401,5.2,
1978-08-23,USGS-452403102375801,0.4,
1978-09-26,USGS-454651103515401,0.2,
1978-08-08,USGS-455313102573201,0.3,
1978-07-24,USGS-454626096410201,7.7,
1978-06-14,USGS-441510096431201,8.3,
1978-03-14,USGS-321022112091001,2.0,
1978-06-30,USGS-450216097284401,2.9,
1978-08-23,USGS-450430102401201,1.9,
1978-03-17,USGS-345706097205201,12.1,
1978-03-06,USGS-320435112401401,1.8,
1978-10-17,USGS-451326103345101,32.0,
1978-08-09,USGS-454228102150001,0.8,
1978-07-06,USGS-450249096410201,10.0,
1978-07-07,USGS-451048097535601,7.3,
1978-06-28,USGS-404235104041501,0.18,
1978-07-21,USGS-453426097130901,6.1,
1978-03-20,USGS-320215111572201,4.0,
1978-06-13,USGS-442118096454301,18.0,
1978-07-11,USGS-451658097430101,1.2,
1978-06-21,USGS-444907097400202,0.3,
1978-01-04,USGS-353030096554901,17.7,
1978-03-17,USGS-344905097272501,4.1,
1978-06-14,USGS-442407096493301,36.0,
1978-03-17,USGS-345259097215001,13.6,
1978-01-03,USGS-350640096523701,50.3,
1978-06-19,USGS-445703097364601,0.4,
1978-06-27,USGS-404941104134501,0.7,
1978-01-07,USGS-353805096553801,15.8,
1978-06-20,USGS-443817096442901,0.4,
1978-06-07,USGS-435052103375801,7.6,
1978-08-23,USGS-374648105511901,6.3,
1978-07-19,USGS-453849097335701,0.9,
1978-06-20,USGS-404125104152701,45.0,
1978-06-16,USGS-445345097122801,3.3,
1978-03-29,USGS-415548104160001,160.0,
1978-08-08,USGS-455414102214301,0.2,
1978-09-21,USGS-453104103474201,20.0,
1978-08-18,USGS-452110102074801,0.3,
1978-06-19,USGS-444639097003501,21.0,
1978-06-19,USGS-445938097391201,0.6,
1978-09-22,USGS-453122103582601,25.0,
1978-06-29,USGS-451113097125401,3.5,
1978-06-22,USGS-445224096394502,1.1,
1978-08-29,USGS-450600102062501,0.5,
1978-07-20,USGS-454207097050501,1.3,
1978-04-23,USGS-344856096493901,2.1,
1978-07-25,USGS-454821097005401,5.4,
1978-09-21,USGS-453346103465801,0.6,
1978-08-30,USGS-343952108032301,0.6,
1978-01-09,USGS-351230097401002,1.2,
1978-06-07,USGS-441604097422801,0.2,
1978-06-29,USGS-450021097191201,17.0,
1978-07-14,USGS-454250097265201,3.0,
1978-03-23,USGS-314210111405401,3.0,
1978-07-20,USGS-453659097044501,34.0,
1978-07-11,USGS-452016097561301,13.0,
1978-07-07,USGS-451919096414201,0.4,
1978-06-22,USGS-434131105375302,0.0,
1978-07-21,USGS-453632097123901,7.4,
1978-05-23,USGS-364750108214701,0.6,
1978-06-16,USGS-445430097373201,0.2,
1978-10-16,USGS-450650103235201,17.0,
1978-07-17,USGS-455302097335001,10.0,
1978-09-09,USGS-451243102253701,0.3,
1978-07-07,USGS-452915097010901,1.2,
1978-06-22,USGS-443457096303501,14.0,
1978-06-30,USGS-450449097104901,1.0,
1978-07-05,USGS-405020104192301,9.4,
1978-07-07,USGS-451721097122701,1.2,
1978-06-23,USGS-444859096450001,10.0,
1978-06-28,USGS-450513097392101,47.0,
1978-09-26,USGS-451702103320601,1.7,
1978-08-28,USGS-344549107554401,2.5,
1978-08-09,USGS-453730102093901,0.3,
1978-10-12,USGS-434627084062005,0.01,
1978-06-29,USGS-450907097211401,15.0,
1978-07-11,USGS-451702096502401,0.6,
1978-07-13,USGS-453956097180001,20.0,
1978-10-17,USGS-451116103150001,0.2,
1978-08-17,USGS-452530102252601,0.4,
1978-06-12,USGS-440643096395701,2.9,
1978-12-13,USGS-313112111393501,3.8,
1978-08-16,USGS-454803102491501,0.3,
1978-06-20,USGS-444640097411401,0.5,
1978-09-19,USGS-423110085583301,0.01,
1978-08-21,USGS-451528102365001,0.4,
1978-06-30,USGS-450202097250401,69.0,
1978-07-07,USGS-451724097244301,13.0,
1978-07-07,USGS-452743097031001,4.8,
1978-07-11,USGS-452309097210301,3.5,
1978-07-19,USGS-454836097163301,35.0,
1978-03-23,USGS-451131102132601,18.0,
1978-08-08,USGS-455352102401501,21.0,
1978-07-07,USGS-404608104240101,0.03,
1978-03-18,USGS-344923097300301,6.1,
1978-06-19,USGS-445934096442701,1.3,
1978-01-04,USGS-351727096530601,12.1,
1978-08-23,USGS-452045102382001,0.2,
1978-11-06,USGS-460705103041101,0.1,
1978-07-19,USGS-454826097285901,33.0,
1978-08-22,USGS-451633102355601,0.4,
1978-06-15,USGS-444630097270301,0.2,
1978-09-28,USGS-452808103541801,135.0,
1978-08-17,USGS-452540102071901,0.4,
1978-02-11,USGS-315522111345201,0.9,
1978-08-22,USGS-451044102345501,3.8,
1978-07-10,USGS-452237096541001,82.0,
1978-03-25,USGS-345623097372101,1.0,
1978-10-11,USGS-452107103152101,0.6,
1978-11-02,USGS-345706108015701,4.9,
1978-09-14,USGS-454001103305401,6.5,
1978-06-08,USGS-440701096575701,14.0,
1978-05-19,USGS-313819111384801,38.0,
1978-01-03,USGS-351721096554701,18.6,
1978-08-16,USGS-453148102130101,0.6,
1978-03-28,USGS-345817097335401,2.6,
1978-01-06,USGS-354325096454901,3.1,
1978-07-25,USGS-455107097005001,7.6,
1978-06-16,USGS-445436097221501,19.0,
1978-02-26,USGS-354659097144201,7.7,
1978-07-21,USGS-453256097214601,6.7,
1978-03-25,USGS-345355097360102,74.9,
1978-02-23,USGS-354606097045701,16.8,
1978-07-19,USGS-454500097213901,2.0,
1978-07-18,USGS-454815097343201,47.0,
1978-06-14,USGS-441821096422501,0.7,
1978-06-27,USGS-404940104105901,14.0,
1978-07-11,USGS-452409097085001,4.8,
1978-03-11,USGS-345633097070501,3.2,
1978-07-14,USGS-453412097252201,29.0,
1978-09-26,USGS-451745103414901,107.0,
1978-06-13,USGS-441232096433001,35.0,
1978-07-19,USGS-455110097270702,8.8,
1978-10-16,USGS-451843103075101,20.0,
1978-01-03,USGS-350417096553901,1.2,
1978-08-22,USGS-452009102445201,7.3,
1978-08-11,USGS-454608102081301,0.2,
1978-02-04,USGS-354933096555901,1.3,
1978-06-29,USGS-451116096342601,1.1,
1978-06-29,USGS-450706097470001,0.3,
1978-06-13,USGS-403902104230901,0.09,
1978-08-17,USGS-451933102464401,3.3,
1978-03-19,USGS-320435112401401,2.95,
1978-06-21,USGS-443739096332801,19.0,
1978-06-16,USGS-445331097253301,7.6,
1978-08-23,USGS-373850105403302,0.9,
1978-08-24,USGS-355002106093301,15.0,
1978-02-15,USGS-354557096554201,3.0,
1978-06-13,USGS-441745096472701,19.0,
1978-01-04,USGS-353536096585001,13.7,
1978-08-29,USGS-450025102140201,4.0,
1978-01-06,USGS-354325096484501,5.9,
1978-07-11,USGS-405418104102001,18.0,
1978-06-23,USGS-443507097241101,3.7,
1978-07-13,USGS-453701097451401,0.4,
1978-05-17,USGS-314303111381501,3.4,
1978-06-12,USGS-442758097324701,0.4,
1978-06-15,USGS-444127097052401,6.3,
1978-06-16,USGS-444836096563801,15.0,
1978-09-22,USGS-454742103493001,0.2,
1978-06-27,USGS-405212104134001,1.6,
1978-09-23,USGS-454214103563801,6.6,
1978-09-11,USGS-455508103170201,0.3,
1978-06-20,USGS-445733097415501,0.3,
1978-03-07,USGS-320808112400101,22.0,
1978-08-21,USGS-451839102143101,0.3,
1978-08-08,USGS-455407102492201,0.8,
1978-06-28,USGS-450654097320601,10.0,
1978-03-25,USGS-345911097175901,1.3,
1978-06-08,USGS-441818097315501,0.5,
1978-06-20,USGS-444600097584102,0.4,
1978-02-04,USGS-355048096523601,1.3,
1978-12-15,USGS-315217111364801,18.0,
1978-08-31,USGS-343715108120601,3.5,
1978-07-14,USGS-453057097214301,5.7,
1978-09-29,USGS-440503084190101,0.07,
1978-06-13,USGS-440209096415801,0.3,
1978-07-25,USGS-454848097133701,15.0,
1978-12-15,USGS-314940111365001,2.8,
1978-09-20,USGS-455606103483201,0.2,
1978-06-23,USGS-443748097464801,0.2,
1978-01-04,USGS-350701097141801,0.5,
1978-07-24,USGS-453148097035001,7.4,
1978-06-19,USGS-445920096414201,20.0,
1978-07-14,USGS-453130097384501,0.3,
1978-03-25,USGS-345446097273201,3.2,
1978-06-16,USGS-445949097232001,19.0,
1978-12-13,USGS-313315111360201,3.8,
1978-08-22,USGS-452631102402601,0.4,
1978-02-25,USGS-355353097113701,4.5,
1978-08-15,USGS-454203102485701,17.0,
1978-05-25,USGS-360754107505201,1.6,
1978-06-23,USGS-444008097281201,9.9,
1978-07-19,USGS-454818097241001,24.0,
1978-06-21,USGS-444702097365601,0.9,
1978-08-28,USGS-344657107533401,1.6,
1978-10-14,USGS-451955103002501,2.1,
1978-08-17,USGS-452407102482501,0.4,
1978-01-03,USGS-350657096583501,11.7,
1978-07-21,USGS-455331096504501,8.7,
1978-09-14,USGS-453516103354901,6.2,
1978-02-22,USGS-392802118443201,2.2,
1978-07-06,USGS-404902104271201,18.0,
1978-01-07,USGS-350121097303602,0.5,
1978-08-29,USGS-344410107551301,8.0,
1978-06-13,USGS-442356097051601,4.4,
1978-08-31,USGS-454839103084501,16.0,
1978-07-11,USGS-452024097584001,2.8,
1978-01-29,USGS-352000097304502,19.1,
1978-06-21,USGS-444040096301701,0.2,
1978-06-13,USGS-441510096461501,1.9,
1978-06-14,USGS-441912097221901,1.2,
1978-08-17,USGS-452410102052401,6.5,
1978-02-25,USGS-355258097030601,9.5,
1978-09-14,USGS-453639103394301,0.3,
1978-07-10,USGS-452533096541001,0.5,
1978-06-28,USGS-450809097014401,11.0,
1978-09-20,USGS-453946103472001,1.8,
1978-07-11,USGS-451420097340401,0.8,
1978-03-25,USGS-345351097244401,7.0,
1978-08-17,USGS-451904102550801,15.0,
1978-08-09,USGS-454012102162201,0.2,
1978-08-08,USGS-455331102105801,0.9,
1978-06-15,USGS-443730097045501,2.1,
1978-07-11,USGS-452835097165401,15.0,
1978-06-08,USGS-440636096275001,0.3,
1978-06-14,USGS-441525096350601,8.3,
1978-03-28,USGS-345358097303201,12.7,
1978-01-14,USGS-351723097093501,1.7,
1978-06-29,USGS-451330097080601,2.2,
1978-07-14,USGS-454721097422101,0.2,
1978-09-06,USGS-343743107581401,4.7,
1978-10-12,USGS-452909103061801,0.2,
1978-07-12,USGS-405250104162901,5.5,
1978-09-26,USGS-452204103433701,7.7,
1978-11-06,USGS-433700096423402,4.2,
1978-02-15,USGS-354836096594001,13.1,
1978-06-15,USGS-444100097014801,3.5,
1978-06-09,USGS-440928096542101,0.3,
1978-08-16,USGS-452916102453601,0.5,
1978-07-18,USGS-404436104251001,0.12,
1978-07-06,USGS-405104104164301,38.0,
1978-06-20,USGS-445358096373701,2.0,
1978-07-19,USGS-454953097242601,28.0,
1978-02-26,USGS-355047097114701,13.6,
1978-06-28,USGS-451134097060601,4.7,
1978-03-08,USGS-315706112360701,1.6,
1978-03-25,USGS-345841097262701,16.0,
1978-08-23,USGS-374317105444401,1.2,
1978-08-22,USGS-450928102143801,0.4,
1978-06-23,USGS-444944096411801,4.0,
1978-07-12,USGS-453332097352401,2.5,
1978-10-12,USGS-452819103424601,36.0,
1978-06-15,USGS-445952096525801,7.3,
1978-01-07,USGS-350428097370201,0.9,
1978-08-09,USGS-454344102142701,0.7,
1978-11-13,USGS-345333107513401,2.6,
1978-03-11,USGS-345424097144501,3.0,
1978-07-21,USGS-455337096450801,8.3,
1978-09-25,USGS-454850103563801,0.3,
1978-06-13,USGS-442034096493701,4.6,
1978-06-29,USGS-450803097381201,18.0,
1978-07-19,USGS-454445097585101,0.3,
1978-10-13,USGS-452208103204501,0.9,
1978-10-11,USGS-452454103400801,0.5,
1978-06-08,USGS-441218097330701,1.8,
1978-07-13,USGS-452316097244301,15.0,
1978-06-19,USGS-445425097591301,11.0,
1978-07-21,USGS-453444096520101,0.9,
1978-03-17,USGS-345635097281601,7.9,
1978-06-20,USGS-404106104080901,1.1,
1978-07-12,USGS-452316097474501,0.3,
1978-06-08,USGS-440213096573601,0.2,
1978-06-12,USGS-442443097115601,1.0,
1978-08-09,USGS-453448102241801,1.9,
1978-09-11,USGS-454022103154301,1.2,
1978-02-25,USGS-350946097242001,10.7,
1978-07-06,USGS-451402097293801,6.5,
1978-03-19,USGS-322835112103601,2.0,
1978-06-15,USGS-444325097015002,6.0,
1978-01-03,USGS-350147096553901,2.3,
1978-07-22,USGS-360249107471701,0.08,
1978-07-20,USGS-454227097005701,0.4,
1978-03-19,USGS-323356112264501,0.6,
1978-06-26,USGS-404528104131401,0.45,
1978-07-13,USGS-453847097282801,3.5,
1978-06-22,USGS-444554097524302,93.0,
1978-01-03,USGS-351740096494001,0.3,
1978-05-01,USGS-393341118431601,0.6,
1978-06-16,USGS-443430096500201,16.0,
1978-07-13,USGS-453643097395701,0.4,
1978-08-08,USGS-455609102125401,2.3,
1978-06-12,USGS-442952097150001,0.8,
1978-07-06,USGS-404812104185701,8.8,
1978-05-25,USGS-360757107522701,0.9,
1978-10-16,USGS-451521103084201,0.4,
1978-07-13,USGS-452819097410901,0.3,
1978-06-14,USGS-403900104225801,0.07,
1978-01-08,USGS-350423096592801,5.0,
1978-08-16,USGS-452906102100401,0.4,
1978-07-12,USGS-452808097290201,0.4,
1978-10-11,USGS-452522104000001,61.0,
1978-02-23,USGS-354607097002101,10.7,
1978-06-07,USGS-440514097134301,0.3,
1978-09-28,USGS-442916083475001,0.3,
1978-10-19,USGS-452139103240001,0.4,
1978-06-14,USGS-441503096585801,4.0,
1978-07-14,USGS-453716097232001,0.6,
1978-06-20,USGS-443816097595201,8.4,
1978-06-14,USGS-441416096302801,11.0,
1978-09-19,USGS-454312103353101,0.9,
1978-06-16,USGS-445750097254801,15.0,
1978-08-23,USGS-450928102261601,0.5,
1978-03-16,USGS-344824097213801,7.9,
1978-06-14,USGS-442024096420301,2.6,
1978-01-06,USGS-351722097432701,2.8,
1978-08-16,USGS-453314102482501,1.4,
1978-03-25,USGS-345722097335601,3.2,
1978-01-08,USGS-350957097402201,5.6,
1978-06-16,USGS-445107097013301,15.0,
1978-06-22,USGS-443036097123201,2.8,
1978-08-10,USGS-350337107452601,5.9,
1978-08-22,USGS-450618102561301,0.2,
1978-02-25,USGS-355443097060801,5.8,
1978-06-22,USGS-443206096272501,4.6,
1978-08-31,USGS-455056103010401,1.4,
1978-08-23,USGS-453549103005701,0.3,
1978-08-22,USGS-451001102044001,0.4,
1978-07-12,USGS-405853104174201,6.1,
1978-08-10,USGS-455034102102201,0.2,
1978-01-03,USGS-350435096590701,61.9,
1978-07-18,USGS-453140097074001,20.0,
1978-04-29,USGS-345306096585701,0.9,
1978-06-15,USGS-445143097245401,6.4,
1978-07-13,USGS-452446097563801,7.1,
1978-05-31,USGS-442855097470901,1.0,
1978-06-26,USGS-445008096503701,10.0,
1978-03-28,USGS-345844097304001,3.4,
1978-06-22,USGS-444606097494201,7.1,
1978-09-25,USGS-451919103311901,0.2,
1978-06-22,USGS-443445097164201,24.0,
1978-09-13,USGS-453202103315101,6.5,
1978-05-31,USGS-441749097592701,0.2,
1978-09-28,USGS-443600084373001,0.1,
1978-06-29,USGS-450527096571701,2.5,
1978-08-30,USGS-453708102590901,0.2,
1978-05-18,USGS-313656111410901,9.2,
1978-07-24,USGS-455056096412401,4.6,
1978-06-21,USGS-444141097113601,27.0,
1978-06-15,USGS-442934097171301,4.9,
1978-10-15,USGS-451124103290901,5.7,
1978-06-13,USGS-443133097050901,7.3,
1978-08-21,USGS-450715102481401,0.4,
1978-07-20,USGS-455110096450301,1.8,
1978-06-30,USGS-450856096573201,3.3,
1978-07-10,USGS-452027096333201,21.0,
1978-05-17,USGS-314107111391401,5.5,
1978-06-23,USGS-443748097400401,1.0,
1978-12-13,USGS-313111111384001,1.0,
1978-06-22,USGS-444954096334401,0.6,
1978-10-13,USGS-451514103293401,0.4,
1978-05-23,USGS-364744108225001,0.6,
1978-07-25,USGS-454532097002101,3.4,
1978-03-15,USGS-320230112091001,1.1,
1978-09-25,USGS-425632084253301,1.4,
1978-06-14,USGS-441832096314401,1.2,
1978-07-19,USGS-455528097200802,2.5,
1978-07-06,USGS-450827097281501,4.8,
1978-03-07,USGS-321110112361501,0.5,
1978-06-16,USGS-404033104114101,0.03,
1978-02-26,USGS-354456097092701,1.1,
1978-10-11,USGS-451536103210301,1.6,
1978-06-22,USGS-443220096351601,23.0,
1978-09-21,USGS-453130103434801,0.3,
1978-06-12,USGS-441839097295201,2.6,
1978-06-20,USGS-443137096383101,57.0,
1978-09-19,USGS-455512103362801,0.4,
1978-07-11,USGS-451658096454601,6.1,
1978-05-10,USGS-321422092530801,0.5,
1978-08-16,USGS-453155102223301,0.3,
1978-10-17,USGS-450838103170601,0.5,
1978-06-30,USGS-451351097390301,5.6,
1978-06-26,USGS-444406097265601,13.0,
1978-07-11,USGS-405310104210001,10.0,
1978-07-14,USGS-453401097485001,0.2,
1978-07-14,USGS-453419097165501,3.3,
1978-06-12,USGS-442052097150001,0.3,
1978-06-14,USGS-442631096570301,12.0,
1978-03-18,USGS-344830097362901,0.9,
1978-09-27,USGS-451948103511001,118.0,
1978-06-14,USGS-442016096324901,3.8,
1978-03-13,USGS-345600097145401,5.6,
1978-08-31,USGS-302127082475801,2.0,
1978-08-16,USGS-453509102091001,0.2,
1978-08-15,USGS-453354102520401,0.6,
1978-07-14,USGS-454533097434001,0.4,
1978-01-15,USGS-351724097180202,0.2,
1978-06-12,USGS-441239096520101,33.0,
1978-03-12,USGS-345723097120401,0.9,
1978-06-23,USGS-444642096391201,11.0,
1978-03-15,USGS-320220112085001,1.7,
1978-09-20,USGS-454752103393601,0.4,
1978-08-24,USGS-450300102020201,0.3,
1978-09-25,USGS-452403103353401,2.6,
1978-09-21,USGS-453216103474501,1.6,
1978-06-06,USGS-440616097313101,0.4,
1978-06-15,USGS-442634097171301,7.4,
1978-09-28,USGS-452909103504201,30.0,
1978-07-10,USGS-452352097324201,5.1,
1978-09-13,USGS-455602103244301,0.9,
1978-08-23,USGS-451402102480701,16.0,
1978-08-31,USGS-344205107591101,1.5,
1978-03-29,USGS-415921104274001,38.0,
1978-08-17,USGS-453018102255501,0.4,
1978-06-12,USGS-442349097250801,6.0,
1978-06-20,USGS-445139097085201,10.0,
1978-08-31,USGS-344146108064601,1.1,
1978-01-09,USGS-350153097402201,0.7,
1978-07-17,USGS-454942097483901,3.8,
1978-01-04,USGS-352727096585501,10.1,
1978-03-25,USGS-345351097401301,2.6,
1978-06-07,USGS-435959097123801,0.5,
1978-01-08,USGS-352053097400502,4.4,
1978-06-21,USGS-444409097122101,56.0,
1978-06-15,USGS-403819104095101,0.09,
1978-09-20,USGS-455009103411301,0.3,
1978-06-21,USGS-444129097200101,100.0,
1978-03-19,USGS-320642112310301,0.08,
1978-11-29,USGS-315850111395801,1.7,
1978-10-13,USGS-452009103561601,6.8,
1978-06-15,USGS-444536097210501,60.0,
1978-01-03,USGS-350659097125301,0.7,
1978-06-22,USGS-443851097320601,4.9,
1978-07-24,USGS-454814096411601,3.0,
1978-06-28,USGS-404236104041501,120.0,
1978-01-03,USGS-350853096590301,24.1,
1978-07-11,USGS-450914097353401,2.4,
1978-01-03,USGS-351214096492402,2.8,
1978-08-09,USGS-453610102121801,0.7,
1978-07-11,USGS-452721096572101,0.7,
1978-08-09,USGS-453827102301001,0.2,
1978-08-08,USGS-455421102310101,12.0,
1978-07-07,USGS-404751104235001,0.11,
1978-06-08,USGS-441142096344001,0.4,
1978-07-11,USGS-451933097510001,0.4,
1978-06-20,USGS-445956096493701,15.0,
1978-09-13,USGS-453112103354201,15.0,
1978-06-21,USGS-443950096282601,10.0,
1978-08-31,USGS-344626107524901,1.7,
1978-06-19,USGS-445656097331801,0.3,
1978-06-09,USGS-442356097303201,0.4,
1978-06-14,USGS-441503096384201,17.0,
1978-10-19,USGS-451601103132201,1.4,
1978-02-01,USGS-252321080244301,0.05,
1978-12-10,USGS-313325111383801,1.6,
1978-09-26,USGS-435543086011401,0.01,
1978-06-23,USGS-443231097400401,2.0,
1978-06-29,USGS-450506097164401,56.0,
1978-08-30,USGS-450032102103701,0.3,
1978-09-27,USGS-451948103480701,37.0,
1978-06-30,USGS-451315097430801,0.2,
1978-01-03,USGS-351426096555101,2.5,
1978-01-04,USGS-350049096500901,39.9,
1978-06-29,USGS-450802097172401,46.0,
1978-09-22,USGS-453332103574601,15.0,
1978-08-10,USGS-454727102380601,28.0,
1978-03-29,USGS-415353104181601,97.0,
1978-06-15,USGS-445707097281501,0.8,
1978-06-16,USGS-445931097122501,13.0,
1978-07-07,USGS-451937097091401,2.6,
1978-06-29,USGS-450809096345501,0.7,
1978-01-03,USGS-351951096583401,2.7,
1978-06-20,USGS-444039097091401,4.9,
1978-06-20,USGS-445156097392501,0.5,
1978-07-10,USGS-452313097155801,6.7,
1978-07-19,USGS-455330097084701,2.0,
1978-09-28,USGS-444044083354601,0.19,
1978-04-21,USGS-345647096555501,2.2,
1978-09-22,USGS-414955086372501,0.05,
1978-06-19,USGS-444315096562501,0.6,
1978-08-29,USGS-450346102301001,1.0,
1978-06-22,USGS-443130097171601,1.4,
1978-03-15,USGS-345228097093701,1.2,
1978-06-23,USGS-445635097160601,12.0,
1978-08-29,USGS-450158102523001,11.0,
1978-09-22,USGS-453636103435801,26.0,
1978-02-20,USGS-354917096501301,44.8,
1978-08-24,USGS-450806102020201,0.8,
1978-07-19,USGS-454514097233401,1.0,
1978-08-10,USGS-454221102091801,0.6,
1978-07-22,USGS-442927104063201,0.0,
1978-06-22,USGS-444505097353001,1.3,
1978-09-27,USGS-452222103513601,7.4,
1978-09-14,USGS-350727106423201,4.2,
1978-08-23,USGS-450422102194001,11.0,
1978-01-03,USGS-351957096471901,8.4,
1978-06-13,USGS-442721096422101,10.0,
1978-02-04,USGS-355045097145301,60.1,
1978-01-29,USGS-351740097304501,22.4,
1978-06-13,USGS-442858097001801,35.0,
1978-08-29,USGS-450701102091001,1.1,
1978-08-16,USGS-453636102452501,0.5,
1978-07-18,USGS-454134097131201,9.8,
1978-08-18,USGS-451800102000301,0.2,
1978-02-25,USGS-355544097082301,1.4,
1978-01-03,USGS-351452096523202,4.4,
1978-03-17,USGS-321706112084401,2.4,
1978-01-04,USGS-353254096560501,10.1,
1978-06-23,USGS-444033097473401,2.0,
1978-08-09,USGS-453636102241401,0.3,
1978-02-21,USGS-364744108225001,1.7,
1978-06-27,USGS-404936104142601,6.1,
1978-04-22,USGS-344838096525201,0.4,
1978-07-15,USGS-485958105274901,7.8,
1978-10-13,USGS-451937103195501,0.4,
1978-01-29,USGS-351728097323401,3.8,
1978-12-20,USGS-322352103503601,6.7,
1978-07-19,USGS-453940097005501,0.3,
1978-08-23,USGS-450151102164401,1.0,
1978-08-31,USGS-454633103041901,0.8,
1978-06-29,USGS-451418097160801,0.2,
1978-06-21,USGS-445942096342601,40.0,
1978-06-19,USGS-404040104101801,6.1,
1978-05-17,USGS-442258097534201,0.2,
1978-06-23,USGS-443537097444201,1.7,
1978-08-17,USGS-452855102361001,0.3,
1978-03-29,USGS-415821104122401,120.0,
1978-06-14,USGS-441445096275701,1.2,
1978-06-22,USGS-445220097490501,4.5,
1978-02-25,USGS-351216097240801,29.8,
1978-09-22,USGS-453712103544301,38.0,
1978-07-07,USGS-450856097323801,1.0,
1978-06-15,USGS-403840104201501,0.07,
1978-06-28,USGS-450206097001401,5.3,
1978-09-25,USGS-350646106443201,5.6,
1978-06-13,USGS-440451096442001,0.5,
1978-08-29,USGS-450516102434401,0.3,
1978-07-24,USGS-455327096410901,5.3,
1978-04-20,USGS-345634096503901,0.3,
1978-07-07,USGS-452624097060001,2.6,
1978-02-16,USGS-355025096500101,0.7,
1978-10-13,USGS-452313103115601,46.0,
1978-06-20,USGS-443520097084201,21.0,
1978-07-06,USGS-451624096544301,4.1,
1978-06-06,USGS-440354097292401,0.5,
1978-06-20,USGS-444850097134001,18.0,
1978-07-19,USGS-454228097311501,12.0,
1978-06-14,USGS-441738096523701,31.0,
1978-07-20,USGS-454546096445201,4.3,
1978-06-12,USGS-442931097085201,8.0,
1978-07-18,USGS-404316104283201,26.0,
1978-09-20,USGS-454044103451401,0.4,
1978-12-14,USGS-322023103482002,2.9,
1978-07-10,USGS-452533097321301,0.8,
1978-06-20,USGS-404304104163601,0.07,
1978-06-13,USGS-442913096461901,13.0,
1978-06-30,USGS-450343096540701,1.0,
1978-06-20,USGS-444749097451001,0.3,
1978-07-10,USGS-452009097322701,18.0,
1978-06-26,USGS-404658104084801,7.1,
1978-12-03,USGS-350701097200201,1.7,
1978-06-19,USGS-443756096473901,0.4,
1978-07-06,USGS-405005104242001,17.0,
1978-12-14,USGS-322023103482001,0.08,
1978-06-29,USGS-450235096453901,4.5,
1978-02-28,USGS-393027118461501,2.4,
1978-06-21,USGS-445324096275001,0.6,
1978-06-19,USGS-445710096420501,2.9,
1978-07-11,USGS-451756097593801,1.1,
1978-06-19,USGS-445407097430301,0.3,
1978-01-14,USGS-352026097180201,0.4,
1978-08-21,USGS-452627102353101,0.3,
1978-06-08,USGS-440942096341701,0.5,
1978-07-07,USGS-451109097320601,1.0,
1978-08-29,USGS-344344107544301,2.8,
1978-07-13,USGS-452302097292001,3.6,
1978-07-17,USGS-455537097362801,0.4,
1978-06-28,USGS-450046097392901,0.3,
1978-09-08,USGS-455540103054501,14.0,
1978-06-13,USGS-442540097293801,0.3,
1978-10-17,USGS-452136103002101,1.9,
1978-01-29,USGS-351455097274701,11.4,
1978-08-09,USGS-454001102314401,0.3,
1978-06-23,USGS-445924097203101,14.0,
1978-08-10,USGS-453918102195801,1.0,
1978-09-08,USGS-455446103090001,4.2,
1978-08-18,USGS-452421102281201,0.3,
1978-06-12,USGS-441557097101201,12.0,
1978-01-29,USGS-351959097272001,32.4,
1978-06-30,USGS-450137096540701,32.0,
1978-07-06,USGS-450856097254001,0.6,
1978-06-07,USGS-440119097100101,5.8,
1978-06-29,USGS-450252096493701,6.8,
1978-08-31,USGS-344448108024901,3.4,
1978-07-12,USGS-452558097240701,17.0,
1978-10-11,USGS-452233103561601,23.0,
1978-06-15,USGS-445439097050601,5.9,
1978-07-12,USGS-405948104163501,4.3,
1978-09-22,USGS-454742103460101,3.1,
1978-07-11,USGS-451745097535601,0.4,
1978-11-30,USGS-345618107500501,4.6,
1978-06-15,USGS-403733104100101,0.05,
1978-07-25,USGS-454508097050901,2.8,
1978-02-27,USGS-321851112401801,2.4,
1978-07-13,USGS-453936097561601,0.4,
1978-07-07,USGS-451113097361401,5.6,
1978-07-17,USGS-453115097485001,0.4,
1978-10-17,USGS-450643103160101,48.0,
1978-01-03,USGS-350653096553901,1.2,
1978-02-23,USGS-355159097010201,8.0,
1978-02-04,USGS-355311097141601,11.2,
1978-01-14,USGS-351905097211301,0.4,
1978-07-24,USGS-454810096380901,1.2,
1978-07-07,USGS-452155097054701,1.7,
1978-03-22,USGS-411606107362601,0.07,
1978-02-04,USGS-355113096563501,1.8,
1978-06-19,USGS-404235104105501,1.0,
1978-05-17,USGS-442800097555602,0.2,
1978-03-27,USGS-314104111410001,12.0,
1978-01-04,USGS-352527096523401,1.1,
1978-05-19,USGS-313942111385801,1.2,
1978-07-15,USGS-485956105243301,0.8,
1978-06-14,USGS-404102104291201,0.05,
1978-09-26,USGS-451727103443801,18.0,
1978-08-09,USGS-454218102253001,0.5,
1978-10-11,USGS-452924103174901,0.2,
1978-08-21,USGS-451850102395401,1.5,
1978-08-18,USGS-451904102213901,0.2,
1978-06-28,USGS-451315096284801,1.0,
1978-07-19,USGS-404130104094201,0.07,
1978-06-30,USGS-451315096431901,6.8,
1978-07-13,USGS-452349097392101,31.0,
1978-12-08,USGS-320006111330701,29.0,
1978-06-20,USGS-444933097083801,10.0,
1978-09-08,USGS-455052103073301,0.3,
1978-01-05,USGS-353440096455501,1.8,
1978-01-06,USGS-351723097400002,12.7,
1978-04-29,USGS-345724096590301,4.0,
1978-09-28,USGS-451807103280401,0.2,
1978-06-22,USGS-443158097252601,6.0,
1978-02-25,USGS-355354097075401,0.2,
1978-09-12,USGS-454922103151001,0.2,
1978-07-12,USGS-452208097524001,3.1,
1978-06-29,USGS-450252096590601,0.3,
1978-08-09,USGS-453524102002801,1.9,
1978-07-20,USGS-455049096523001,11.0,
1978-07-10,USGS-452519096575401,1.0,
1978-06-14,USGS-442309096552201,8.6,
1978-06-12,USGS-440607096351601,22.0,
1978-08-08,USGS-455616102370801,5.5,
1978-06-14,USGS-442858096303601,10.0,
1978-07-07,USGS-451557097330301,3.7,
1978-01-04,USGS-353539096554401,2.4,
1978-06-29,USGS-451134097210301,46.0,
1978-06-09,USGS-440625096454301,7.5,
1978-06-22,USGS-444918097480201,2.0,
1978-10-16,USGS-450643103251901,75.0,
1978-01-04,USGS-353019096585001,14.9,
1978-09-25,USGS-455519103580401,0.7,
1978-06-13,USGS-443445097002401,1.7,
1978-10-12,USGS-434627084062002,0.01,
1978-08-29,USGS-450104102453901,4.5,
1978-08-09,USGS-455222102210701,1.4,
1978-11-29,USGS-315802111393301,17.0,
1978-01-03,USGS-350430097175501,26.5,
1978-10-17,USGS-451510103180001,1.9,
1978-06-21,USGS-444229096312201,2.6,
1978-06-19,USGS-445324096413401,2.8,
1978-08-17,USGS-462649111591300,0.6,
1978-08-16,USGS-454001102501601,0.7,
1978-01-04,USGS-350055097115101,2.1,
1978-06-28,USGS-450539097435301,44.0,
1978-03-15,USGS-345121097122501,3.1,
1978-08-17,USGS-451948102240001,0.5,
1978-06-14,USGS-442118096383801,1.7,
1978-07-06,USGS-450509096384201,0.5,
1978-08-11,USGS-345425107511001,3.3,
1978-08-09,USGS-454554102220801,2.2,
1978-10-13,USGS-451702103251201,8.4,
1978-03-28,USGS-345121097303601,6.6,
1978-07-13,USGS-452407097440901,2.9,
1978-01-15,USGS-351658097211701,0.5,
1978-06-20,USGS-445110097134401,7.4,
1978-04-20,USGS-345917096493501,22.2,
1978-10-13,USGS-450021103575701,2.5,
1978-06-20,USGS-444458097564301,0.5,
1978-06-19,USGS-445939097354301,0.4,
1978-10-12,USGS-452428103230901,0.5,
1978-07-12,USGS-452609097523501,5.5,
1978-06-15,USGS-443842097013001,15.0,
1978-06-13,USGS-442114096562701,4.7,
1978-09-08,USGS-455400103061401,25.0,
1978-07-13,USGS-453328097442701,0.5,
1978-10-16,USGS-450701103294901,97.0,
1978-07-07,USGS-404753104251701,7.4,
1978-02-23,USGS-355211097054101,12.3,
1978-07-21,USGS-455530096493701,19.0,
1978-06-16,USGS-445045096585101,35.0,
1978-07-07,USGS-451657096365801,1.1,
1978-06-26,USGS-404529104091001,2.8,
1978-01-03,USGS-351203096562801,26.0,
1978-06-19,USGS-444640097052801,0.3,
1978-05-19,USGS-314805111414501,3.4,
1978-06-12,USGS-440054096493701,0.3,
1978-01-09,USGS-350125097435401,0.8,
1978-09-27,USGS-443324085222201,0.07,
1978-07-13,USGS-452544097592001,6.0,
1978-07-20,USGS-454818096450301,11.0,
1978-12-11,USGS-321125111211101,13.0,
1978-01-07,USGS-350148097365001,2.6,
1978-01-09,USGS-350701097400601,2.7,
1978-08-23,USGS-450849102481001,0.3,
1978-06-26,USGS-445052096452101,19.0,
1978-05-23,USGS-364613108221801,58.5,
1978-09-21,USGS-433133086082601,0.08,
1978-03-15,USGS-344930097082801,4.3,
1978-04-29,USGS-345351096492701,0.7,
1978-06-22,USGS-443827097172001,13.0,
1978-01-04,USGS-350824096473001,0.7,
1978-03-09,USGS-323703112064601,2.7,
1978-09-26,USGS-452038103354501,13.0,
1978-03-25,USGS-345910097200801,0.3,
1978-03-12,USGS-345630097060001,0.6,
1978-07-11,USGS-452034097485701,0.4,
1978-07-18,USGS-453109097123101,2.8,
1978-01-04,USGS-353035096492801,6.9,
1978-07-07,USGS-450842096500201,1.0,
1978-08-17,USGS-452410102503801,1.2,
1978-07-11,USGS-451651097523001,1.5,
1978-08-17,USGS-452746102415601,0.4,
1978-06-22,USGS-444843096322301,4.0,
1978-03-28,USGS-345029097333501,68.1,
1978-03-18,USGS-345157097365701,5.1,
1978-09-14,USGS-454720103215001,22.0,
1978-06-02,USGS-440028097550801,0.3,
1978-06-21,USGS-443112096564901,9.3,
1978-06-08,USGS-440033096280801,1.8,
1978-07-13,USGS-453419097594501,0.4,
1978-09-13,USGS-453350103242501,1.5,
1978-08-23,USGS-450412102242101,0.4,
1978-08-30,USGS-344142108024101,0.7,
1978-06-13,USGS-442345096380601,5.4,
1978-06-23,USGS-443137097423901,18.0,
1978-01-03,USGS-351750096585501,4.6,
1978-07-10,USGS-452837097363201,2.5,
1978-07-19,USGS-455547097081901,4.7,
1978-06-08,USGS-442157097442001,0.2,
1978-06-22,USGS-444040097445201,2.4,
1978-10-13,USGS-451948103250101,0.2,
1978-06-20,USGS-444637097140801,18.0,
1978-06-19,USGS-443108096422101,1.8,
1978-06-28,USGS-404913104154901,9.0,
1978-07-07,USGS-452327097022701,2.2,
1978-07-10,USGS-452309096372201,18.0,
1978-10-11,USGS-452602103170201,3.7,
1978-07-25,USGS-452204096451001,3.0,
1978-07-19,USGS-404218104091101,1.3,
1978-03-25,USGS-345555097252701,4.8,
1978-07-07,USGS-451744097164702,4.9,
1978-12-28,USGS-433844097043101,22.4,
1978-08-29,USGS-450108102564201,0.3,
1978-08-18,USGS-451825102031401,0.3,
1978-07-14,USGS-453433097405501,0.3,
1978-07-25,USGS-452306096492201,9.8,
1978-07-10,USGS-452835097121701,6.9,
1978-09-06,USGS-345013108023801,4.0,
1978-06-28,USGS-404913104154001,0.06,
1978-01-04,USGS-350427096493601,0.6,
1978-09-25,USGS-454449104000001,4.6,
1978-08-09,USGS-454546102242501,0.3,
1978-01-09,USGS-351439097401601,0.3,
1978-08-02,USGS-345456107511901,3.7,
1978-06-13,USGS-441930096542501,2.9,
1978-06-29,USGS-450534097210301,10.0,
1978-07-11,USGS-405403104213101,3.7,
1978-07-14,USGS-454724097480701,0.4,
1978-01-14,USGS-352004097090201,0.2,
1978-08-09,USGS-454550102273901,4.9,
1978-07-13,USGS-454221097235801,78.0,
1978-07-05,USGS-450231097082401,40.0,
1978-07-06,USGS-450252096332101,3.0,
1978-01-05,USGS-353309096455701,16.9,
1978-10-19,USGS-451037103010401,14.0,
1978-06-22,USGS-443748097344401,7.0,
1978-06-08,USGS-441507097345501,3.0,
1978-07-18,USGS-455110097311201,21.0,
1978-07-19,USGS-454613097321901,0.4,
1978-06-22,USGS-443820097243601,0.4,
1978-01-07,USGS-350427097335301,3.9,
1978-09-20,USGS-453936103495101,0.9,
1978-07-12,USGS-405754104170601,6.2,
1978-02-11,USGS-315535111341401,10.0,
1978-06-22,USGS-443126097210301,1.5,
1978-12-14,USGS-322342103452401,1.0,
1978-09-23,USGS-453122103533401,16.0,
1978-06-30,USGS-450925097132601,2.3,
1978-06-14,USGS-404015104290201,0.14,
1978-01-06,USGS-354048096550801,3.5,
1978-01-03,USGS-350707097175501,0.9,
1978-08-21,USGS-451518102534201,0.2,
1978-07-05,USGS-404826104161401,19.0,
1978-06-21,USGS-444216096362001,21.0,
1978-09-22,USGS-453740103583701,31.0,
1978-07-25,USGS-455052097042601,6.5,
1978-07-06,USGS-450520096423601,0.2,
1978-06-22,USGS-444033097314401,1.4,
1978-06-14,USGS-441608096554701,18.0,
1978-02-23,USGS-360822107561601,1.4,
1978-07-11,USGS-451601097392101,9.4,
1978-07-24,USGS-455320096384501,1.1,
1978-01-14,USGS-351923097144901,2.5,
1978-10-18,USGS-451200103095701,5.2,
1978-07-10,USGS-452222097083801,0.9,
1978-09-22,USGS-455042103521901,0.3,
1978-10-11,USGS-452533103521501,7.5,
1978-03-16,USGS-345025097172801,3.8,
1978-09-25,USGS-452555103350201,8.6,
1978-07-19,USGS-455334097120301,4.1,
1978-08-16,USGS-453151102410601,0.7,
1978-07-24,USGS-455518096424101,0.3,
1978-08-17,USGS-452212102403001,0.3,
1978-07-13,USGS-452624097481401,0.6,
1978-06-23,USGS-443751097505201,0.3,
1978-04-20,USGS-345911096560301,7.1,
1978-08-17,USGS-451915102272101,0.2,
1978-07-19,USGS-455604097171301,13.0,
1978-08-15,USGS-453209102063601,0.3,
1978-10-19,USGS-452219103285101,26.0,
1978-09-25,USGS-455342103592401,1.1,
1978-06-13,USGS-442938096383801,17.0,
1978-08-08,USGS-455616102225801,9.4,
1978-10-12,USGS-452309103401201,5.4,
1978-06-19,USGS-443744096565601,13.0,
1978-07-19,USGS-455039097200101,14.0,
1978-04-22,USGS-344857096555701,3.3,
1978-07-24,USGS-455512096375801,0.8,
1978-03-27,USGS-321838111301201,4.4,
1978-07-17,USGS-454724097551501,0.6,
1978-09-11,USGS-455613103121001,1.2,
1978-09-27,USGS-443653084593101,0.2,
1978-02-25,USGS-351452097240201,8.8,
1978-07-19,USGS-455034097145201,1.6,
1978-08-16,USGS-452916102011501,0.4,
1978-06-15,USGS-442334096580801,56.0,
1978-09-19,USGS-423401086024601,0.02,
1978-01-06,USGS-353812096455302,0.5,
1978-09-20,USGS-455555103450001,10.0,
1978-05-25,USGS-360731107494701,2.3,
1978-09-05,USGS-344859107530201,8.2,
1978-12-13,USGS-313928111403501,13.0,
1978-01-08,USGS-350517097303301,5.5,
1978-03-15,USGS-320150112085001,0.6,
1978-09-12,USGS-454142103293101,0.4,
1978-09-23,USGS-454207103592701,0.8,
1978-10-18,USGS-450824103080901,0.2,
1978-06-29,USGS-450834097435501,6.8,
1978-10-07,USGS-434340097230901,1.7,
1978-07-12,USGS-452710097250801,2.5,
1978-07-07,USGS-451959097205101,5.1,
1978-08-17,USGS-452548102185401,0.5,
1978-08-11,USGS-454102102010801,0.5,
1978-07-06,USGS-451239097585101,15.0,
1978-01-04,USGS-352753096523401,16.6,
1978-08-16,USGS-454214102525101,0.2,
1978-01-07,USGS-350153097335401,1.2,
1978-08-29,USGS-450245102452801,0.2,
1978-06-15,USGS-445230097160401,1.6,
1978-06-19,USGS-445942097315801,0.3,
1978-07-12,USGS-453357097313301,10.0,
1978-09-11,USGS-455128103190101,0.3,
1978-07-18,USGS-453919097123301,31.0,
1978-07-17,USGS-455355097411001,0.3,
1978-07-06,USGS-451055097254401,0.5,
1978-02-25,USGS-355656097051801,0.4,
1978-08-22,USGS-450303102365701,13.0,
1978-10-14,USGS-452146103054501,0.2,
1978-03-17,USGS-345100097271901,1.5,
1978-09-26,USGS-451958103440201,76.0,
1978-01-06,USGS-354323096524201,3.7,
1978-07-20,USGS-455612097043901,5.7,
1978-07-17,USGS-454246097172401,16.0,
1978-07-13,USGS-453742097261801,0.6,
1978-07-10,USGS-452544097111301,0.2,
1978-01-15,USGS-351724097154301,2.7,
1978-06-29,USGS-450502096450301,2.0,
1978-06-29,USGS-450444097060301,9.9,
1978-03-25,USGS-345928097432501,0.5,
1978-10-13,USGS-452006103583701,23.0,
1978-07-25,USGS-452822096460801,0.6,
1978-10-25,USGS-383049104522801,60.0,
1978-06-19,USGS-443231096504201,15.0,
1978-06-23,USGS-444413097512501,14.0,
1978-06-12,USGS-441846097144501,5.9,
1978-06-21,USGS-443112096530901,2.0,
1978-02-04,USGS-354653096523101,23.7,
1978-02-25,USGS-355633097010901,4.0,
1978-07-24,USGS-453012096524102,1.9,
1978-08-23,USGS-375106105532802,18.7,
1978-08-23,USGS-451449102375101,5.9,
1978-09-22,USGS-453054103512801,14.0,
1978-06-22,USGS-443834097424601,1.5,
1978-08-23,USGS-450813102564201,16.0,
1978-06-13,USGS-440651096431401,0.4,
1978-06-21,USGS-444405097172701,25.0,
1978-09-20,USGS-454210103472001,0.4,
1978-06-12,USGS-440101096392901,0.3,
1978-08-10,USGS-453737102240001,0.3,
1978-09-28,USGS-452508103431501,10.0,
1978-08-10,USGS-454142102203101,0.4,
1978-01-04,USGS-353302096522201,9.3,
1978-08-24,USGS-450552102120301,0.3,
1978-07-13,USGS-452909097543201,0.5,
1978-06-19,USGS-445927097425401,38.0,
1978-09-22,USGS-455027103434801,0.7,
1978-03-20,USGS-434257096292802,5.8,
1978-07-06,USGS-451601097015801,6.4,
1978-03-25,USGS-345348097432401,1.5,
1978-07-13,USGS-454152097193301,17.0,
1978-08-17,USGS-452240102440201,0.2,
1978-08-22,USGS-450549102523001,0.5,
1978-08-15,USGS-455114102525501,1.5,
1978-03-14,USGS-440058097311502,1.0,
1978-06-13,USGS-443449097063301,11.0,
1978-12-15,USGS-314803111395001,2.3,
1978-06-13,USGS-442627096452501,1.7,
1978-07-12,USGS-485958105274801,1.0,
1978-07-06,USGS-451651097292001,3.5,
1978-01-03,USGS-350503097210501,2.0,
1978-07-13,USGS-453046097550801,0.2,
1978-02-04,USGS-355529097143401,8.8,
1978-07-10,USGS-452301097125502,1.9,
1978-10-16,USGS-452515103015501,0.2,
1978-03-23,USGS-313651111401101,4.3,
1979-04-23,USGS-435244102331401,3.8,
1979-06-11,USGS-440018103025201,4.3,
1979-04-19,USGS-434514102261601,0.5,
1979-08-15,USGS-432642104030301,0.2,
1979-08-24,USGS-440346097315301,0.04,
1979-05-17,USGS-431116103104801,34.0,
1979-06-04,USGS-441102102133301,0.5,
1979-08-22,USGS-410531093153001,0.1,
1979-08-08,USGS-432208103522201,2.1,
1979-11-19,USGS-425345096545001,0.5,
1979-08-28,USGS-433743097591101,0.36,
1979-06-07,USGS-430437103490101,4.5,
1979-08-01,USGS-440949103140401,5.6,
1979-11-26,USGS-424503096512801,0.7,
1979-06-27,USGS-443050103152101,0.2,
1979-08-03,USGS-373828104485101,6.1,
1979-06-11,USGS-434351103461501,1.6,
1979-10-22,USGS-425334097543201,4.7,
1979-04-22,USGS-435840102250401,10.0,
1979-08-18,USGS-445830102023101,0.6,
1979-08-23,USGS-435331097274201,0.12,
1979-08-10,USGS-432432103564901,0.8,
1979-06-13,USGS-445313102504501,47.0,
1979-11-26,USGS-424127096440901,4.1,
1979-07-12,USGS-452639088402701,29.0,
1979-05-02,USGS-434228103065001,40.0,
1979-08-20,USGS-415154084315401,0.62,
1979-05-31,USGS-440538102320601,1.7,
1979-10-12,USGS-445457103512501,0.5,
1979-06-08,USGS-434326103555101,1.7,
1979-07-07,USGS-445728102410601,12.0,
1979-07-11,USGS-443101103311501,27.0,
1979-06-19,USGS-441355103230901,2.1,
1979-08-16,USGS-404939092251801,5.9,
1979-07-12,USGS-442519103111601,32.0,
1979-05-07,USGS-433921103163001,23.0,
1979-05-19,USGS-430513103155401,1.0,
1979-06-06,USGS-441355102250801,8.1,
1979-02-05,USGS-350422106312601,2.1,
1979-07-11,USGS-443542103305701,35.0,
1979-05-08,USGS-432833103210701,21.0,
1979-08-12,USGS-470633109303001,0.11,
1979-06-05,USGS-431243103230201,4.2,
1979-07-06,USGS-444803102383801,34.0,
1979-11-27,USGS-425609096361801,18.0,
1979-08-23,USGS-435550097461601,0.03,
1979-05-16,USGS-431919103035001,10.0,
1979-11-13,USGS-425100096450001,0.3,
1979-06-20,USGS-443943102320601,2.5,
1979-07-28,USGS-444452102133701,15.0,
1979-06-04,USGS-441720102103701,19.0,
1979-05-04,USGS-433202103091401,7.4,
1979-11-07,USGS-423300096331801,1.3,
1979-07-03,USGS-443325103433301,3.5,
1979-05-08,USGS-433206103035401,25.0,
1979-07-06,USGS-444752102354501,45.0,
1979-08-02,USGS-440433103481801,0.3,
1979-07-19,USGS-455414103263401,13.0,
1979-08-14,USGS-432522103574301,0.8,
1979-11-07,USGS-425339097351301,16.0,
1979-06-07,USGS-434420103391401,5.4,
1979-11-15,USGS-425309097250101,2.5,
1979-06-27,USGS-443104103182501,71.0,
1979-11-08,USGS-425649097322401,0.4,
1979-05-17,USGS-430849103155401,19.0,
1979-08-18,USGS-445056102040801,1.0,
1979-06-21,USGS-442631102401201,0.5,
1979-06-13,USGS-432139103582201,0.2,
1979-05-07,USGS-432754103125001,24.0,
1979-08-23,USGS-440312101081101,0.03,
1979-05-17,USGS-431344103123601,2.1,
1979-05-04,USGS-435139103050901,2.3,
1979-05-03,USGS-434557103123201,0.3,
1979-05-30,USGS-431937103261301,18.0,
1979-06-14,USGS-441416103074801,5.2,
1979-07-21,USGS-445204102183901,19.0,
1979-06-04,USGS-432306103464401,30.0,
1979-08-14,USGS-432627103573201,4.3,
1979-04-26,USGS-403802104030401,21.0,
1979-06-20,USGS-442530102371501,40.0,
1979-10-08,USGS-442016103473401,2.1,
1979-08-05,USGS-432728103595301,0.7,
1979-08-02,USGS-440330103080001,7.1,
1979-06-11,USGS-432703103592001,0.6,
1979-11-19,USGS-425049096471301,5.3,
1979-05-02,USGS-435031103005701,10.0,
1979-09-05,USGS-382744107483001,15.0,
1979-06-10,USGS-435334103233401,0.7,
1979-06-21,USGS-443939102212101,4.1,
1979-06-13,USGS-445338102454601,26.0,
1979-07-16,USGS-443905103501201,0.9,
1979-08-03,USGS-432128103422101,0.7,
1979-08-07,USGS-471054110283501,0.09,
1979-10-18,USGS-424725097591601,2.1,
1979-08-16,USGS-432837103593401,0.4,
1979-06-26,USGS-444254102384201,0.5,
1979-11-14,USGS-425612097245601,1.3,
1979-06-07,USGS-434644103240001,7.5,
1979-07-11,USGS-452450103080901,0.3,
1979-04-24,USGS-435038102570701,0.4,
1979-07-10,USGS-445750102350201,1.2,
1979-05-25,USGS-440708103214301,0.7,
1979-08-16,USGS-433054104024901,2.2,
1979-06-12,USGS-445443102592001,26.0,
1979-08-21,USGS-432130085150601,0.3,
1979-08-05,USGS-432455099324701,0.15,
1979-08-02,USGS-340103107461701,1.5,
1979-11-27,USGS-425855096385201,11.0,
1979-11-27,USGS-425533096411301,0.5,
1979-06-28,USGS-445410103003901,62.0,
1979-04-27,USGS-434330102542501,18.0,
1979-08-10,USGS-432602103582602,0.8,
1979-05-30,USGS-431427103205601,40.0,
1979-04-23,USGS-435645102515401,27.0,
1979-08-16,USGS-432956104031001,2.1,
1979-10-02,USGS-424828098022401,0.2,
1979-06-20,USGS-442533102372201,32.0,
1979-08-23,USGS-333653108134501,3.2,
1979-05-09,USGS-432826103280101,6.5,
1979-10-24,USGS-425902097473801,2.0,
1979-06-12,USGS-432334103422801,1.0,
1979-06-06,USGS-442128102074801,3.6,
1979-07-09,USGS-445031102292001,2.3,
1979-05-08,USGS-433506103193301,26.0,
1979-06-12,USGS-443155102283701,6.2,
1979-08-21,USGS-442300102035301,0.16,
1979-11-02,USGS-425852096585601,3.7,
1979-08-29,USGS-433740098144602,0.14,
1979-05-03,USGS-435237103013301,10.0,
1979-04-28,USGS-322610103424201,0.29,
1979-06-21,USGS-443715102383101,17.0,
1979-08-18,USGS-445649102014001,0.6,
1979-10-08,USGS-441648103481401,0.7,
1979-08-26,USGS-440825098145601,28.0,
1979-08-13,USGS-302052082312401,0.17,
1979-06-21,USGS-440527103220401,1.4,
1979-06-21,USGS-443636102251201,0.3,
1979-06-18,USGS-440824103160401,3.6,
1979-06-05,USGS-440946102063201,13.0,
1979-08-04,USGS-471913110234902,0.16,
1979-04-26,USGS-403756104040601,5.6,
1979-04-27,USGS-434156102511801,33.0,
1979-06-04,USGS-441058102014401,8.1,
1979-10-18,USGS-441615103314401,0.8,
1979-04-23,USGS-434644102423901,51.0,
1979-08-12,USGS-433014104010401,2.0,
1979-05-03,USGS-433831103053101,11.0,
1979-04-03,USGS-322031103492801,0.08,
1979-05-16,USGS-432006103121401,29.0,
1979-05-21,USGS-430224103394601,4.0,
1979-06-19,USGS-443318103121801,20.0,
1979-08-05,USGS-433000103585501,15.0,
1979-05-30,USGS-440224102010801,10.0,
1979-04-25,USGS-403838103575801,0.8,
1979-05-31,USGS-432703103364601,3.9,
1979-06-08,USGS-435927103494801,1.1,
1979-06-20,USGS-402900106245301,2.0,
1979-07-17,USGS-372913104581401,3.8,
1979-06-10,USGS-435338103285801,0.5,
1979-08-29,USGS-435147098293501,0.08,
1979-11-19,USGS-424818096470201,1.9,
1979-04-18,USGS-435533102144501,2.6,
1979-10-08,USGS-442240103301001,1.2,
1979-06-21,USGS-403450106202701,1.3,
1979-06-14,USGS-443314102324901,6.9,
1979-05-03,USGS-435052103075801,55.0,
1979-08-10,USGS-432421103563101,0.2,
1979-05-14,USGS-403645104004701,0.09,
1979-07-17,USGS-442815103191201,6.8,
1979-06-29,USGS-444030102062801,4.9,
1979-04-17,USGS-434207102035701,113.0,
1979-08-16,USGS-432750104000001,0.5,
1979-08-21,USGS-441910100203001,0.06,
1979-10-29,USGS-425906097093601,0.5,
1979-05-09,USGS-431948103154601,3.1,
1979-06-05,USGS-432732103462601,2.4,
1979-08-15,USGS-432815104011501,15.0,
1979-06-01,USGS-440610102374001,3.2,
1979-06-07,USGS-440628103014401,0.3,
1979-06-21,USGS-444210102390701,1.4,
1979-05-10,USGS-322136103473001,0.24,
1979-11-13,USGS-424427096393601,0.8,
1979-07-16,USGS-371057104482401,1.9,
1979-11-15,USGS-425336097201101,0.2,
1979-10-06,USGS-442757103431201,1.1,
1979-08-24,USGS-443400084090001,0.23,
1979-05-01,USGS-403927104050801,4.1,
1979-05-04,USGS-433404103095401,10.0,
1979-06-21,USGS-442638102431201,33.0,
1979-07-18,USGS-454055103341501,0.8,
1979-07-06,USGS-445045102390301,14.0,
1979-06-21,USGS-444004102232401,0.2,
1979-08-20,USGS-441520102144401,0.04,
1979-08-28,USGS-443451103403801,1.4,
1979-08-23,USGS-441209101141501,0.02,
1979-07-10,USGS-452515103093901,38.0,
1979-05-15,USGS-404217104032601,65.0,
1979-06-06,USGS-440834103271401,1.9,
1979-11-26,USGS-424225096462601,6.0,
1979-07-31,USGS-452512103010401,10.0,
1979-02-07,USGS-445805070405501,0.19,
1979-05-29,USGS-440148103040101,6.8,
1979-10-29,USGS-425418097132201,1.0,
1979-08-06,USGS-471430110275802,0.13,
1979-06-04,USGS-430014103542101,94.0,
1979-05-17,USGS-430534103195501,5.8,
1979-06-05,USGS-441731102292001,13.0,
1979-04-18,USGS-435009102310801,190.0,
1979-05-30,USGS-431633103263401,33.0,
1979-08-08,USGS-432324103595201,0.5,
1979-06-18,USGS-441843102313701,33.0,
1979-08-09,USGS-441333103403001,0.5,
1979-10-24,USGS-425102097022801,1.1,
1979-05-18,USGS-430607103132601,32.0,
1979-10-24,USGS-424743097023201,0.8,
1979-05-31,USGS-442215102222201,9.6,
1979-10-18,USGS-442822103534501,2.0,
1979-05-07,USGS-432952103004601,8.1,
1979-05-02,USGS-433928103113801,0.3,
1979-05-04,USGS-434818103053101,9.2,
1979-07-12,USGS-441413102525101,21.0,
1979-05-15,USGS-404246104270901,10.0,
1979-10-29,USGS-425247096583001,0.2,
1979-06-19,USGS-441402103161201,3.3,
1979-09-05,USGS-435658098365001,0.04,
1979-07-17,USGS-374025105031801,4.0,
1979-05-04,USGS-433108103055601,2.5,
1979-04-18,USGS-435551102444901,5.9,
1979-06-10,USGS-435848103283301,2.0,
1979-10-08,USGS-441803103465501,1.8,
1979-06-14,USGS-441301103035401,13.0,
1979-08-12,USGS-470812109340501,0.14,
1979-09-23,USGS-443900103533101,8.6,
1979-05-31,USGS-431904103441301,1.0,
1979-08-04,USGS-444738102130101,0.4,
1979-08-30,USGS-432834103203301,7.1,
1979-06-18,USGS-371914104565901,25.5,
1979-05-19,USGS-431409103253001,115.0,
1979-07-28,USGS-445421102131901,0.2,
1979-10-13,USGS-440918103501301,1.2,
1979-06-01,USGS-441803102024901,6.5,
1979-10-08,USGS-441749103515701,3.2,
1979-06-18,USGS-443531102272801,6.5,
1979-06-06,USGS-440730102343701,26.0,
1979-06-26,USGS-444344102350201,0.6,
1979-11-07,USGS-425358097333601,0.4,
1979-06-07,USGS-440032103075101,3.5,
1979-08-23,USGS-441030101112201,0.06,
1979-07-29,USGS-455527098490301,0.23,
1979-11-13,USGS-423921096361801,17.0,
1979-11-19,USGS-425845096482901,0.2,
1979-04-27,USGS-434803102592401,0.3,
1979-08-17,USGS-433144104022701,6.4,
1979-05-14,USGS-404001104001201,0.09,
1979-05-31,USGS-431818103405101,48.0,
1979-05-15,USGS-404554104271601,51.0,
1979-06-07,USGS-442157102112401,14.0,
1979-05-31,USGS-441304102292401,16.0,
1979-05-07,USGS-434351103200901,3.7,
1979-09-08,USGS-444116103510301,0.6,
1979-07-27,USGS-453704103032101,0.2,
1979-11-02,USGS-424904097115601,0.2,
1979-05-17,USGS-430458103035401,8.7,
1979-06-04,USGS-434257103282601,0.3,
1979-06-14,USGS-441752102414901,27.0,
1979-06-04,USGS-441912102282601,34.0,
1979-04-17,USGS-403644103572901,24.0,
1979-10-14,USGS-441940103383801,0.6,
1979-06-27,USGS-445801103084501,9.6,
1979-07-18,USGS-442316103260201,1.6,
1979-06-14,USGS-443133102354501,6.2,
1979-06-05,USGS-440910102434801,6.3,
1979-11-07,USGS-423610096320601,19.0,
1979-06-07,USGS-440646103035401,34.0,
1979-04-17,USGS-434113102115201,92.0,
1979-07-12,USGS-441109102473801,3.0,
1979-08-11,USGS-444857102013701,0.6,
1979-07-17,USGS-374152104553501,2.5,
1979-07-12,USGS-440755102515401,21.0,
1979-07-11,USGS-383927104454501,24.0,
1979-05-01,USGS-403723104022801,3.2,
1979-07-09,USGS-453025103030301,0.3,
1979-06-27,USGS-442309102575001,7.7,
1979-06-04,USGS-440538102404401,37.0,
1979-06-13,USGS-432804103553001,14.0,
1979-07-19,USGS-441640103160401,0.3,
1979-08-09,USGS-432302103502401,23.0,
1979-08-31,USGS-435601097390401,0.21,
1979-05-31,USGS-440643102135501,0.3,
1979-08-09,USGS-440339103391401,10.0,
1979-08-24,USGS-440734097330601,0.6,
1979-08-24,USGS-440734097330601,0.05,
1979-04-18,USGS-435103102395001,47.0,
1979-08-10,USGS-343905108182001,9.5,
1979-07-20,USGS-454225103375801,13.0,
1979-06-06,USGS-434807103420001,0.4,
1979-11-07,USGS-423842096394601,1.5,
1979-05-19,USGS-431304103091801,9.3,
1979-07-03,USGS-425440097212501,0.06,
1979-05-19,USGS-431113103310401,70.0,
1979-07-09,USGS-443932103390301,11.0,
1979-07-21,USGS-444843102204501,0.3,
1979-11-14,USGS-425558097283301,0.3,
1979-06-05,USGS-433545103502701,10.0,
1979-06-20,USGS-443057103113801,13.0,
1979-06-25,USGS-442219102412401,5.5,
1979-07-17,USGS-442830103153201,13.0,
1979-11-02,USGS-425058096590801,1.4,
1979-08-28,USGS-433416098002701,0.09,
1979-08-17,USGS-405320092484501,1.9,
1979-10-13,USGS-440755103451801,1.8,
1979-06-27,USGS-442436102524801,27.0,
1979-08-10,USGS-432436103563401,0.4,
1979-08-17,USGS-433140104021301,9.5,
1979-11-13,USGS-425858097245101,2.6,
1979-09-07,USGS-384056104475601,2.8,
1979-06-07,USGS-440148103150001,5.9,
1979-06-07,USGS-440730103112001,3.4,
1979-08-23,USGS-450630084095801,0.74,
1979-08-02,USGS-424113096411301,0.07,
1979-08-22,USGS-410830092295001,3.0,
1979-08-30,USGS-280254082232701,0.38,
1979-06-10,USGS-435837103244601,0.8,
1979-06-11,USGS-435045103160801,2.8,
1979-06-20,USGS-403318106235501,1.4,
1979-06-26,USGS-444713102463301,3.9,
1979-08-29,USGS-335858107542601,1.8,
1979-06-01,USGS-433607103383401,4.0,
1979-07-12,USGS-453722088582701,0.14,
1979-08-14,USGS-432710103553001,0.2,
1979-08-08,USGS-432222103574601,0.5,
1979-06-26,USGS-444554102500201,6.8,
1979-06-05,USGS-440524102064301,0.2,
1979-10-24,USGS-425616097011501,0.2,
1979-08-04,USGS-430826098190601,0.03,
1979-06-05,USGS-434236103303201,2.7,
1979-06-04,USGS-432945103323801,6.1,
1979-04-18,USGS-435110102352701,16.0,
1979-08-23,USGS-454427084424001,0.33,
1979-08-08,USGS-432146103521201,0.5,
1979-04-25,USGS-435746103045101,0.5,
1979-04-24,USGS-435927102403701,75.0,
1979-08-11,USGS-432107103422101,109.0,
1979-07-23,USGS-441807103235601,8.6,
1979-08-17,USGS-433151104021601,7.5,
1979-11-06,USGS-425840097394301,0.7,
1979-06-01,USGS-433000103393901,5.2,
1979-07-26,USGS-442808103074801,10.0,
1979-06-12,USGS-435515103313001,4.0,
1979-06-06,USGS-433112103502701,17.0,
1979-07-29,USGS-453000103141301,0.3,
1979-09-06,USGS-383119104550401,32.0,
1979-05-30,USGS-440144102225101,28.0,
1979-08-21,USGS-340427107373601,3.7,
1979-07-18,USGS-442258103170601,1.0,
1979-08-06,USGS-432645103575401,4.4,
1979-07-30,USGS-452746103141601,1.3,
1979-11-14,USGS-440417088172701,3.3,
1979-06-07,USGS-430010103560901,66.0,
1979-10-15,USGS-425633098260601,6.0,
1979-08-23,USGS-445920084425801,0.16,
1979-06-14,USGS-441109103013701,6.1,
1979-05-03,USGS-433701103075501,36.0,
1979-06-12,USGS-435356103320601,1.5,
1979-07-10,USGS-442219102514601,11.0,
1979-08-14,USGS-432512103551901,2.9,
1979-08-16,USGS-374355105460701,0.03,
1979-11-13,USGS-424810096392501,45.0,
1979-08-17,USGS-433144104021601,0.5,
1979-06-12,USGS-442515102300301,22.0,
1979-08-23,USGS-441158101172201,0.14,
1979-05-06,USGS-433245103134401,0.2,
1979-07-20,USGS-455331103230601,0.6,
1979-07-29,USGS-453101103174501,0.4,
1979-06-11,USGS-432403103554801,0.2,
1979-11-27,USGS-425345096322401,3.3,
1979-08-15,USGS-432710104005401,7.9,
1979-08-04,USGS-431945099052001,0.1,
1979-06-25,USGS-442812102170601,38.0,
1979-01-17,USGS-314104111410001,15.0,
1979-08-09,USGS-441048103361401,0.3,
1979-11-08,USGS-425258097401201,0.6,
1979-08-08,USGS-440010103422801,0.8,
1979-10-05,USGS-445356103480001,48.0,
1979-06-12,USGS-443715102455001,0.7,
1979-06-14,USGS-443336102400101,11.0,
1979-05-16,USGS-433057103200601,10.0,
1979-05-20,USGS-431445103352401,8.5,
1979-06-11,USGS-433252103583001,34.0,
1979-07-30,USGS-452604098305601,0.17,
1979-08-13,USGS-302052082312402,0.08,
1979-06-19,USGS-441142103173101,7.3,
1979-09-20,USGS-442754103343301,10.0,
1979-04-23,USGS-434109102213201,17.0,
1979-07-19,USGS-454146088595501,0.4,
1979-06-14,USGS-443440102032101,11.0,
1979-06-26,USGS-443708102444901,0.7,
1979-07-31,USGS-452530103000301,3.7,
1979-11-15,USGS-460804103010101,0.4,
1979-07-12,USGS-440531102571001,19.0,
1979-08-11,USGS-470904109371301,1.6,
1979-08-31,USGS-432549103215701,1.9,
1979-10-24,USGS-425522097060701,0.6,
1979-06-28,USGS-443751103264201,33.0,
1979-07-11,USGS-445544102313301,0.4,
1979-05-30,USGS-431536103301001,26.0,
1979-07-27,USGS-402529107445901,0.9,
1979-09-15,USGS-443603103494001,2.2,
1979-06-10,USGS-435642103233401,1.5,
1979-03-12,USGS-321817103250001,3.4,
1979-06-27,USGS-442551102550401,35.0,
1979-07-24,USGS-441653099153301,0.02,
1979-06-12,USGS-433108103241001,9.0,
1979-08-30,USGS-274318082202801,0.02,
1979-08-16,USGS-432945104015501,1.3,
1979-07-09,USGS-453256103015101,0.2,
1979-04-22,USGS-435645102262701,59.0,
1979-06-27,USGS-403312106185501,0.8,
1979-06-07,USGS-431904103473801,18.0,
1979-07-29,USGS-402647107400600,2.3,
1979-08-13,USGS-432240103525501,32.0,
1979-05-31,USGS-433332103362801,10.0,
1979-07-23,USGS-441857103215001,0.3,
1979-09-11,USGS-373811105390601,0.56,
1979-02-05,USGS-432359097062001,1.0,
1979-04-10,USGS-435848102194001,9.7,
1979-09-22,USGS-443339103575701,4.2,
1979-04-25,USGS-435830102310402,33.0,
1979-06-18,USGS-443614102203801,1.7,
1979-07-21,USGS-452013103103301,1.7,
1979-06-04,USGS-433303103225801,4.0,
1979-09-08,USGS-444207103564201,0.4,
1979-08-07,USGS-432425103571001,0.4,
1979-06-08,USGS-435833103381601,0.3,
1979-05-20,USGS-432233103230901,11.0,
1979-06-11,USGS-431022103582201,4.8,
1979-06-12,USGS-431218103512501,10.0,
1979-08-02,USGS-434832103150501,6.4,
1979-08-02,USGS-440607103440901,0.5,
1979-08-14,USGS-432714103564901,0.6,
1979-08-28,USGS-435046098330301,0.06,
1979-07-10,USGS-442819102550401,10.0,
1979-08-07,USGS-471316110285901,1.8,
1979-06-28,USGS-444156102113101,7.7,
1979-10-22,USGS-425609097551201,2.8,
1979-09-30,USGS-340004113443601,8.2,
1979-07-18,USGS-454109103352001,0.4,
1979-07-27,USGS-452645103165501,16.0,
1979-08-21,USGS-412106093092801,2.7,
1979-07-20,USGS-454843103260901,33.0,
1979-06-11,USGS-434218103463701,10.0,
1979-08-08,USGS-432457104015101,1.1,
1979-09-11,USGS-443842103463301,0.3,
1979-04-09,USGS-434825102030301,31.0,
1979-06-04,USGS-432808103294901,11.0,
1979-11-07,USGS-423549096401201,1.8,
1979-08-29,USGS-432113103224801,0.38,
1979-08-17,USGS-404617093053101,7.2,
1979-07-11,USGS-445154102280401,0.6,
1979-01-21,USGS-315303111523001,1.8,
1979-07-21,USGS-454624088414801,3.8,
1979-06-04,USGS-441510102121801,1.4,
1979-07-10,USGS-370737104434601,4.0,
1979-07-11,USGS-335617108065501,3.2,
1979-10-18,USGS-441612103342201,1.1,
1979-06-29,USGS-443621102091001,10.0,
1979-08-08,USGS-431904104023101,0.4,
1979-08-22,USGS-334747108194401,1.4,
1979-07-28,USGS-444500102174901,3.4,
1979-04-23,USGS-435927102450001,15.0,
1979-07-19,USGS-440509103334601,6.7,
1979-06-06,USGS-433339103433301,2.8,
1979-06-13,USGS-443936102500901,27.0,
1979-06-07,USGS-430025103494401,20.0,
1979-06-12,USGS-432725103382701,13.0,
1979-08-09,USGS-432327103521901,20.0,
1979-07-27,USGS-453701103065001,0.4,
1979-06-04,USGS-440542102444201,2.5,
1979-09-05,USGS-280707082221501,0.05,
1979-05-31,USGS-432537103301401,4.9,
1979-06-29,USGS-442118102535601,0.2,
1979-05-30,USGS-441933102243201,12.0,
1979-08-09,USGS-470500109272001,1.0,
1979-06-22,USGS-443910102134801,6.8,
1979-05-17,USGS-431116103065001,25.0,
1979-05-17,USGS-431102103223001,16.0,
1979-06-07,USGS-430003103400801,1.7,
1979-07-20,USGS-454152103404001,6.8,
1979-07-11,USGS-443108103361401,28.0,
1979-07-02,USGS-432638103585201,8.0,
1979-06-18,USGS-403128106213301,1.0,
1979-11-06,USGS-425701096511201,0.9,
1979-11-28,USGS-424510096545701,8.7,
1979-11-28,USGS-424814096353801,4.0,
1979-07-11,USGS-445808102284801,0.5,
1979-10-18,USGS-425045097544601,0.9,
1979-06-08,USGS-442858102093201,7.3,
1979-07-17,USGS-440307102564201,33.0,
1979-05-20,USGS-431124103431501,0.2,
1979-06-29,USGS-431232103513501,20.3,
1979-04-17,USGS-434749102144901,0.8,
1979-04-23,USGS-435931102533801,11.0,
1979-06-13,USGS-441622102324501,23.0,
1979-08-09,USGS-431958103515001,0.2,
1979-07-12,USGS-453626088594101,1.6,
1979-08-27,USGS-272920081260300,0.13,
1979-07-18,USGS-454218103340401,10.0,
1979-06-25,USGS-442652102241001,0.3,
1979-07-25,USGS-441720103084901,25.0,
1979-09-20,USGS-442757103303901,10.0,
1979-08-14,USGS-432804103553001,8.0,
1979-11-06,USGS-425830097432601,0.8,
1979-10-07,USGS-442721103493701,2.2,
1979-08-11,USGS-444818102101201,0.7,
1979-07-09,USGS-453216103021301,0.4,
1979-07-09,USGS-445345102322001,41.0,
1979-10-18,USGS-425624097580801,0.5,
1979-08-30,USGS-433050098435501,0.05,
1979-04-10,USGS-435931102082001,91.0,
1979-07-20,USGS-455331103230901,47.0,
1979-08-10,USGS-432407103562401,0.3,
1979-05-17,USGS-430907103004601,21.0,
1979-05-30,USGS-440252102322701,23.0,
1979-06-14,USGS-440834103013301,14.0,
1979-08-31,USGS-432214103234301,0.55,
1979-07-10,USGS-453300103031401,0.3,
1979-04-20,USGS-435352102011201,9.7,
1979-08-22,USGS-441210085560301,0.09,
1979-05-31,USGS-432240103312601,11.0,
1979-08-09,USGS-432212103543201,0.3,
1979-06-12,USGS-445233102570701,0.4,
1979-08-15,USGS-432616104015501,0.3,
1979-05-02,USGS-433932103084201,8.9,
1979-10-06,USGS-442450103422801,1.0,
1979-08-29,USGS-335321107523901,1.4,
1979-07-25,USGS-440632098400401,0.05,
1979-11-14,USGS-425612097211301,2.1,
1979-06-04,USGS-432508103272501,8.4,
1979-08-23,USGS-333718108110201,1.1,
1979-09-08,USGS-444330103502701,0.6,
1979-05-31,USGS-441124102290601,8.2,
1979-05-04,USGS-435934103140901,9.4,
1979-08-27,USGS-442804103330401,0.15,
1979-04-10,USGS-435750102064301,20.0,
1979-05-14,USGS-403733104062601,0.14,
1979-06-05,USGS-431724103224401,9.9,
1979-04-18,USGS-404224104052801,9.1,
1979-04-24,USGS-434724102490801,30.0,
1979-05-22,USGS-372725104441601,1.2,
1979-08-14,USGS-432522103570701,0.4,
1979-08-23,USGS-440331097473701,0.07,
1979-11-26,USGS-425613096472001,0.2,
1979-06-01,USGS-440531102173801,0.9,
1979-07-17,USGS-440209102521901,22.0,
1979-07-31,USGS-452739103064601,0.6,
1979-03-06,USGS-434723096555501,9.3,
1979-06-21,USGS-443939102163001,0.5,
1979-11-02,USGS-425425097023401,1.1,
1979-11-15,USGS-460705103041101,0.4,
1979-05-15,USGS-404419104265001,0.29,
1979-05-04,USGS-435855103085201,50.0,
1979-07-31,USGS-454027097432201,0.03,
1979-11-02,USGS-424825097093201,0.5,
1979-05-31,USGS-433119103360001,7.3,
1979-05-31,USGS-435830102310401,24.0,
1979-08-16,USGS-432703103594201,0.6,
1979-08-15,USGS-432609103595201,0.3,
1979-06-04,USGS-434113103363201,1.8,
1979-06-05,USGS-440126102174501,0.3,
1979-10-30,USGS-425606098062801,1.5,
1979-04-25,USGS-435638102564501,1.7,
1979-09-02,USGS-445819102053801,6.8,
1979-11-28,USGS-425349096360701,0.6,
1979-11-15,USGS-425920097202401,1.1,
1979-06-04,USGS-432233103423201,12.0,
1979-08-01,USGS-454535096495801,0.03,
1979-10-14,USGS-441622103422101,0.7,
1979-11-06,USGS-425154096554201,1.1,
1979-11-28,USGS-425928096533901,0.4,
1979-08-30,USGS-431242103451001,0.07,
1979-06-18,USGS-441037103110601,3.0,
1979-05-29,USGS-440307103193001,1.6,
1979-05-06,USGS-433715103122801,6.1,
1979-07-30,USGS-453050103183601,0.3,
1979-10-23,USGS-425849097504701,1.0,
1979-05-06,USGS-432519103202401,65.0,
1979-05-02,USGS-434246103130801,28.0,
1979-06-07,USGS-440307103073301,44.0,
1979-04-09,USGS-435020102040401,181.0,
1979-08-15,USGS-432906104025201,6.4,
1979-06-13,USGS-444152102475201,5.1,
1979-05-03,USGS-434601103074401,62.0,
1979-04-23,USGS-434301102234201,37.0,
1979-07-10,USGS-453039103054201,0.2,
1979-06-07,USGS-441608102260201,10.0,
1979-11-15,USGS-425840097165101,2.3,
1979-10-29,USGS-425638097090001,0.6,
1979-08-08,USGS-471619110250401,0.09,
1979-04-19,USGS-434832102283001,33.0,
1979-04-23,USGS-435526102333901,39.0,
1979-08-05,USGS-433000103585101,13.0,
1979-07-02,USGS-444713102292701,24.0,
1979-10-29,USGS-425812097142001,1.0,
1979-06-20,USGS-443039103075101,9.2,
1979-08-31,USGS-431632103511501,0.06,
1979-06-05,USGS-435927102403301,61.0,
1979-11-19,USGS-425612096544901,1.9,
1979-08-01,USGS-440800103131301,1.3,
1979-07-31,USGS-403440106252801,3.1,
1979-07-27,USGS-452602103170202,3.6,
1979-07-31,USGS-452144098145101,0.08,
1979-01-24,USGS-313928111403501,13.0,
1979-06-23,USGS-403347106194801,5.0,
1979-06-14,USGS-443202102321301,17.0,
1979-06-01,USGS-435837103204201,1.2,
1979-08-14,USGS-432248103530201,9.7,
1979-04-27,USGS-322610103424201,0.52,
1979-06-05,USGS-433245103532701,4.8,
1979-06-27,USGS-443556102170901,4.3,
1979-02-09,USGS-442311070455501,1.3,
1979-11-14,USGS-425609096325601,8.0,
1979-08-21,USGS-441400101203501,0.06,
1979-08-04,USGS-343220108470001,1.2,
1979-08-17,USGS-433144104020901,0.2,
1979-07-19,USGS-452013103141601,5.0,
1979-07-20,USGS-454854103264501,7.8,
1979-05-31,USGS-440231102371501,5.8,
1979-08-24,USGS-334032107431801,6.5,
1979-11-26,USGS-425101096513901,3.0,
1979-07-09,USGS-453021103032101,0.4,
1979-09-08,USGS-444124103551901,0.6,
1979-06-11,USGS-431106103504901,8.8,
1979-05-15,USGS-404102104014601,5.8,
1979-08-09,USGS-465910109250801,0.7,
1979-10-18,USGS-425331097582601,0.4,
1979-11-02,USGS-424740097065301,0.7,
1979-09-04,USGS-425356098170402,0.08,
1979-08-07,USGS-441142103315501,0.4,
1979-07-22,USGS-440827103342601,0.9,
1979-08-06,USGS-440325101141301,0.11,
1979-05-30,USGS-431843103361801,13.0,
1979-05-17,USGS-431120103152501,11.0,
1979-11-20,USGS-445125092464002,1.4,
1979-08-14,USGS-432649103575001,3.5,
1979-11-28,USGS-424810096552601,1.0,
1979-05-09,USGS-432110103224001,0.2,
1979-05-21,USGS-430842103380201,95.0,
1979-08-16,USGS-432826103581501,0.3,
1979-08-24,USGS-411258092534001,7.0,
1979-05-03,USGS-434752103130801,11.0,
1979-07-25,USGS-441933103062801,8.6,
1979-10-07,USGS-442356103482501,3.8,
1979-05-07,USGS-403733103591801,2.1,
1979-11-06,USGS-425400098100401,0.6,
1979-07-19,USGS-455414103264201,0.5,
1979-08-11,USGS-470555109275501,1.1,
1979-06-20,USGS-350931106315501,3.3,
1979-12-28,USGS-324131112130401,3.5,
1979-08-04,USGS-373742104550901,2.2,
1979-06-28,USGS-441037102554001,10.0,
1979-08-08,USGS-432125103521501,0.4,
1979-07-10,USGS-445558102345101,2.2,
1979-05-30,USGS-440824102281501,7.2,
1979-05-17,USGS-430213103255801,16.0,
1979-04-19,USGS-435154102414201,14.0,
1979-10-24,USGS-425248097065701,0.7,
1979-06-08,USGS-434846103481801,0.9,
1979-07-09,USGS-443849103423201,10.0,
1979-08-09,USGS-441131103375501,0.5,
1979-06-11,USGS-440451102455401,5.0,
1979-08-09,USGS-470219109251001,1.6,
1979-07-16,USGS-452857089004801,0.06,
1979-06-11,USGS-435616103344801,0.3,
1979-06-11,USGS-440310103000001,6.0,
1979-05-08,USGS-432233103194001,54.0,
1979-03-21,USGS-350410106310001,1.4,
1979-11-06,USGS-425624097430301,28.0,
1979-11-15,USGS-425342097162601,0.6,
1979-06-26,USGS-444416102413101,0.8,
1979-06-26,USGS-444138102412401,0.3,
1979-06-12,USGS-445219102541001,43.0,
1979-08-24,USGS-273249081480501,0.01,
1979-08-29,USGS-435116098235701,0.03,
1979-07-17,USGS-453211088550401,0.07,
1979-06-12,USGS-431651103530901,0.2,
1979-06-06,USGS-440458103261601,0.7,
1979-08-23,USGS-451845083335001,0.29,
1979-06-18,USGS-442551102331001,0.8,
1979-07-23,USGS-442038103255501,3.4,
1979-08-12,USGS-471135109480701,1.8,
1979-04-26,USGS-403616104022801,0.8,
1979-05-31,USGS-432522103410901,29.0,
1979-06-06,USGS-433440103465501,2.1,
1979-08-30,USGS-434409098354001,0.06,
1979-08-24,USGS-440029097392601,0.09,
1979-10-18,USGS-425103097583901,0.4,
1979-06-12,USGS-443206102232401,0.4,
1979-05-08,USGS-432244103164801,31.0,
1979-11-26,USGS-424218096394601,1.0,
1979-07-26,USGS-435142097503901,0.03,
1979-07-19,USGS-455414103264501,20.0,
1979-05-01,USGS-403900104024201,2.8,
1979-06-22,USGS-440032103184601,1.6,
1979-08-09,USGS-432233103542501,0.3,
1979-06-14,USGS-441550102385201,17.0,
1979-08-29,USGS-433527098205501,0.02,
1979-07-18,USGS-442515103191901,19.0,
1979-08-06,USGS-471245110252501,0.07,
1979-11-06,USGS-425519098122801,59.0,
1979-06-22,USGS-440003103151001,3.8,
1979-07-06,USGS-372311104493501,0.9,
1979-05-19,USGS-431113103185701,1.2,
1979-07-02,USGS-444427102285801,10.0,
1979-06-12,USGS-443007102474901,38.0,
1979-06-08,USGS-435913103160801,2.7,
1979-06-20,USGS-443621102332801,21.0,
1979-06-29,USGS-442201102552201,6.0,
1979-04-19,USGS-434803102271401,15.0,
1979-08-06,USGS-432327103550401,0.2,
1979-06-07,USGS-434752103311901,1.5,
1979-07-30,USGS-453310103142401,0.7,
1979-07-26,USGS-434555098051201,0.03,
1979-06-04,USGS-440057102281201,25.0,
1979-06-06,USGS-441106102320601,11.0,
1979-06-27,USGS-444203103275401,36.0,
1979-07-19,USGS-435944102145801,0.05,
1979-06-25,USGS-442656102334301,23.0,
1979-04-25,USGS-435938102502001,16.0,
1979-05-08,USGS-433137103013001,3.2,
1979-01-17,USGS-314045111403501,5.0,
1979-04-25,USGS-435913102572101,0.8,
1979-05-17,USGS-371700104472401,1.4,
1979-05-17,USGS-371700104472401,1.4,
1979-11-08,USGS-425906097315101,0.3,
1979-08-14,USGS-432548103572101,0.8,
1979-08-09,USGS-440556103304301,1.2,
1979-05-16,USGS-431239103060701,12.0,
1979-08-30,USGS-335037108102901,2.1,
1979-08-17,USGS-433350104030301,4.5,
1979-06-18,USGS-443907102275001,2.0,
1979-06-25,USGS-442139102390001,7.1,
1979-06-11,USGS-435642103433701,0.6,
1979-07-17,USGS-454134103324501,0.3,
1979-08-23,USGS-435949097492901,0.02,
1979-11-13,USGS-423921096331801,31.0,
1979-06-11,USGS-434243103581901,4.4,
1979-06-15,USGS-403223106272801,2.7,
1979-07-16,USGS-403708107522301,5.9,
1979-08-14,USGS-432522103574601,0.4,
1979-05-09,USGS-432009103192601,15.0,
1979-06-12,USGS-445700102501601,4.7,
1979-05-03,USGS-434810103103001,0.4,
1979-10-06,USGS-442754103384901,0.6,
1979-05-14,USGS-371140104530301,1.4,
1979-08-27,USGS-442720103380601,1.8,
1979-07-20,USGS-455313103281901,58.0,
1979-06-26,USGS-443610103232701,21.0,
1979-07-21,USGS-444926102212501,8.1,
1979-09-28,USGS-444828103503801,0.2,
1979-09-03,USGS-445443102193301,2.3,
1979-09-23,USGS-443831103575701,0.5,
1979-06-21,USGS-442515102404801,47.0,
1979-04-24,USGS-435544102294201,1.6,
1979-11-14,USGS-425924096322401,10.0,
1979-07-11,USGS-444651102252601,35.0,
1979-05-31,USGS-431532103392501,18.0,
1979-06-07,USGS-435334103421801,1.7,
1979-05-07,USGS-434424103154601,22.0,
1979-05-08,USGS-403810104004201,18.0,
1979-09-11,USGS-444152103464001,12.0,
1979-08-31,USGS-432816103513801,60.0,
1979-07-28,USGS-402505107435501,1.7,
1979-05-19,USGS-431420103302101,29.0,
1979-05-18,USGS-430025103132601,0.2,
1979-11-14,USGS-460856103024401,26.0,
1979-11-14,USGS-433034088595801,1.6,
1979-06-13,USGS-445533102460101,16.0,
1979-06-05,USGS-440845102101501,0.2,
1979-05-14,USGS-404009104020101,57.0,
1979-06-13,USGS-443838102482101,0.4,
1979-06-27,USGS-442345102595201,7.5,
1979-08-09,USGS-432128103531601,0.4,
1979-06-14,USGS-443245102344801,27.0,
1979-07-03,USGS-443054103430801,7.8,
1979-05-14,USGS-404124104042001,0.11,
1979-06-04,USGS-430708103363201,0.2,
1979-08-07,USGS-432125103543201,0.2,
1979-05-22,USGS-372603104470101,1.1,
1979-06-05,USGS-440820102190401,14.0,
1979-06-26,USGS-443708103192601,38.0,
1979-04-20,USGS-435616102083801,27.0,
1979-04-25,USGS-404059104000601,0.21,
1979-07-30,USGS-452924103175201,0.5,
1979-07-20,USGS-454857103261301,144.0,
1979-08-23,USGS-335112107430801,3.0,
1979-06-12,USGS-435338103160801,3.2,
1979-07-19,USGS-454912103225101,3.8,
1979-02-24,USGS-322205103480703,0.34,
1979-08-07,USGS-445244103431901,28.0,
1979-05-09,USGS-431601103192601,6.1,
1979-07-19,USGS-454846103242801,1.6,
1979-07-17,USGS-373328104505501,2.6,
1979-08-09,USGS-440003103301001,0.6,
1979-07-18,USGS-442515103220101,40.0,
1979-06-07,USGS-432114103494401,17.0,
1979-06-08,USGS-433003103420701,4.9,
1979-04-25,USGS-435631103053801,20.0,
1979-07-30,USGS-452703103155401,0.3,
1979-06-07,USGS-434742103351301,0.5,
1979-09-28,USGS-444706103581501,0.5,
1979-05-18,USGS-430900103123901,9.5,
1979-08-28,USGS-440321098245601,0.11,
1979-07-12,USGS-444919102261601,4.4,
1979-11-02,USGS-425504096590501,0.8,
1979-08-22,USGS-441822085425801,0.48,
1979-11-15,USGS-425631097164401,1.8,
1979-07-02,USGS-444752102323401,17.0,
1979-06-05,USGS-441113102155401,0.4,
1979-07-29,USGS-452927103155401,0.3,
1979-06-07,USGS-433852103384901,39.0,
1979-06-05,USGS-432703103493301,53.0,
1979-05-17,USGS-430455103012201,13.0,
1979-11-07,USGS-423119096353801,2.5,
1979-07-19,USGS-454904103225501,22.0,
1979-07-13,USGS-453348088533101,8.7,
1979-08-11,USGS-470718109340201,2.0,
1979-06-11,USGS-435212103200201,7.3,
1979-05-03,USGS-435251103114901,6.7,
1979-08-11,USGS-444402102022001,20.0,
1979-06-21,USGS-443925102213601,0.4,
1979-07-16,USGS-403654107513400,7.1,
1979-06-19,USGS-441033103210301,4.1,
1979-05-03,USGS-435558103082701,10.0,
1979-08-30,USGS-335416108114201,3.3,
1979-06-23,USGS-371218104411801,3.2,
1979-05-07,USGS-434254103150301,44.0,
1979-05-31,USGS-433506103344001,4.5,
1979-05-02,USGS-434528103002801,12.0,
1979-09-07,USGS-383700104485801,0.04,
1979-08-30,USGS-335248108053901,1.8,
1979-10-18,USGS-442024103545701,1.2,
1979-08-21,USGS-434017085530301,0.11,
1979-07-18,USGS-442519103263101,1.1,
1979-07-17,USGS-442047103011801,0.07,
1979-05-17,USGS-430328103162201,17.0,
1979-06-07,USGS-441406102435501,13.0,
1979-11-27,USGS-425103096395701,1.7,
1979-06-07,USGS-434210103394601,10.0,
1979-08-23,USGS-454427084424002,0.04,
1979-10-06,USGS-442634103425701,1.2,
1979-06-22,USGS-442942102230601,8.2,
1979-08-09,USGS-432302103502001,20.0,
1979-07-09,USGS-445320102363201,0.9,
1979-07-06,USGS-444955102372201,0.7,
1979-08-30,USGS-340326107481801,1.6,
1979-06-11,USGS-433234103494401,46.0,
1979-05-19,USGS-431355103161501,9.5,
1979-05-08,USGS-432551103084201,29.0,
1979-08-29,USGS-433116098172701,0.08,
1979-06-01,USGS-440755102374001,38.0,
1979-07-19,USGS-455421103263801,7.3,
1979-04-27,USGS-434521102461201,0.8,
1979-06-18,USGS-440628103111601,22.0,
1979-06-14,USGS-441413103000001,7.7,
1979-07-28,USGS-445236099173801,0.03,
1979-07-29,USGS-455148098525302,0.15,
1979-08-10,USGS-432302103493701,2.1,
1979-04-11,USGS-322031103492801,2.2,
1979-06-07,USGS-434503103183601,4.6,
1979-08-15,USGS-431836103363901,29.0,
1979-06-28,USGS-440813102561301,23.0,
1979-07-25,USGS-442134100202601,0.04,
1979-05-08,USGS-432746103164801,27.0,
1979-04-18,USGS-435450102201601,70.0,
1979-10-22,USGS-425327097510001,0.8,
1979-06-12,USGS-445837102572801,0.4,
1979-05-08,USGS-432508103122801,22.0,
1979-07-19,USGS-454803103253701,0.9,
1979-09-29,USGS-445201103534201,0.2,
1979-05-17,USGS-430748103242501,6.2,
1979-06-27,USGS-444507102220801,0.5,
1979-08-18,USGS-445110102091801,17.0,
1979-04-24,USGS-435851102381601,10.0,
1979-06-11,USGS-433831103475201,2.2,
1979-08-06,USGS-432327103550101,0.4,
1979-08-01,USGS-455002103223301,0.3,
1979-08-09,USGS-440451103383801,10.0,
1979-06-08,USGS-435031103333201,0.3,
1979-06-06,USGS-434521103380601,7.0,
1979-08-04,USGS-444528102074001,0.4,
1979-06-12,USGS-432407103242501,3.3,
1979-11-06,USGS-425609097394601,0.4,
1979-10-07,USGS-442754103471301,3.1,
1979-09-21,USGS-443318103532701,5.6,
1979-07-29,USGS-453003103160101,0.6,
1979-08-09,USGS-432255103534201,0.3,
1979-09-21,USGS-443032103575001,1.7,
1979-07-17,USGS-455240103195501,1.0,
1979-07-17,USGS-454315103331801,0.5,
1979-08-31,USGS-435105098445201,0.03,
1979-06-21,USGS-441127103195801,2.8,
1979-10-02,USGS-372920105405601,1.1,
1979-05-07,USGS-433813103201601,5.2,
1979-09-14,USGS-443227103503401,3.9,
1979-11-14,USGS-425909096352001,0.5,
1979-07-12,USGS-440448102520801,27.0,
1979-04-18,USGS-434915102342601,6.1,
1979-08-23,USGS-441033101173301,0.07,
1979-06-04,USGS-433021103273601,2.6,
1979-07-07,USGS-445558102403701,33.0,
1979-07-10,USGS-341520107375601,2.2,
1979-08-21,USGS-411726092463401,1.3,
1979-05-21,USGS-430451103384901,11.0,
1979-07-19,USGS-441745103164001,23.0,
1979-08-21,USGS-335937107483301,4.3,
1979-05-11,USGS-322121103405501,0.05,
1979-07-23,USGS-441821103173101,2.7,
1979-08-22,USGS-453921088451701,2.7,
1979-05-30,USGS-432009103301001,28.0,
1979-10-16,USGS-425320098173401,2.8,
1979-01-26,USGS-315144111541401,2.2,
1979-06-07,USGS-434803103162601,2.6,
1979-07-18,USGS-454232103325201,0.5,
1979-07-09,USGS-452942103061801,0.4,
1979-08-30,USGS-334602108171301,1.6,
1979-07-27,USGS-443412098093401,0.08,
1979-07-19,USGS-440115103465101,0.5,
1979-05-09,USGS-433231103152501,37.0,
1979-08-23,USGS-410626092561801,0.11,
1979-06-11,USGS-435327103351601,9.5,
1979-02-07,USGS-444312070031101,0.9,
1979-07-13,USGS-335727107480501,5.5,
1979-06-05,USGS-440946102212501,4.5,
1979-07-12,USGS-440531102485401,24.0,
1979-08-18,USGS-445230102041501,14.0,
1979-08-08,USGS-431958103504201,0.4,
1979-06-28,USGS-444221102060701,41.0,
1979-09-14,USGS-443618103464401,7.8,
1979-03-09,USGS-443409070334501,0.28,
1979-05-16,USGS-431250103002801,24.0,
1979-07-17,USGS-442754103220801,0.2,
1979-09-14,USGS-443347103474701,7.1,
1979-06-12,USGS-443433102081301,50.0,
1979-08-03,USGS-373828104485101,6.1,
1979-06-27,USGS-445851103074401,9.7,
1979-06-26,USGS-443907102435801,36.0,
1979-06-04,USGS-433657103322701,2.0,
1979-06-26,USGS-443834102394301,18.0,
1979-08-28,USGS-433324098035601,0.21,
1979-05-17,USGS-430050103255101,2.9,
1979-08-07,USGS-443040101123001,0.09,
1979-05-04,USGS-433043103103301,32.0,
1979-08-29,USGS-433511098322301,0.02,
1979-11-02,USGS-425247096583001,0.8,
1979-11-26,USGS-424543096465801,0.2,
1979-11-15,USGS-425352097275701,0.9,
1979-07-31,USGS-452739103065401,18.0,
1979-07-28,USGS-445345102143401,0.6,
1979-02-09,USGS-443247070501001,1.3,
1979-06-11,USGS-440025103000001,7.1,
1979-11-07,USGS-423312096284301,0.7,
1979-05-16,USGS-431814103125001,12.0,
1979-08-06,USGS-440722103430401,0.4,
1979-07-17,USGS-455248103195801,0.7,
1979-06-27,USGS-444210102193001,8.8,
1979-11-27,USGS-425425096423201,26.0,
1979-06-20,USGS-444308102324901,0.3,
1979-11-06,USGS-424902096504901,1.5,
1979-08-28,USGS-433009098013801,0.05,
1979-07-06,USGS-372813104511401,9.7,
1979-04-17,USGS-434912102142001,0.5,
1979-07-07,USGS-445327102385601,0.3,
1979-08-27,USGS-443557103360401,0.07,
1979-04-17,USGS-404047104032401,64.0,
1979-05-07,USGS-433932103011901,52.0,
1979-08-30,USGS-432813103210601,31.0,
1979-10-15,USGS-425823098275701,10.0,
1979-05-07,USGS-432504103163001,20.0,
1979-05-09,USGS-433628103173801,3.3,
1979-11-02,USGS-425851097021301,0.9,
1979-07-18,USGS-453929088300101,0.4,
1979-08-04,USGS-444500102093901,9.8,
1979-06-13,USGS-441514102364301,2.3,
1979-11-27,USGS-425819096432601,0.2,
1979-10-24,USGS-425927098060001,0.2,
1979-05-29,USGS-440538103161201,2.5,
1979-10-18,USGS-441644103380601,1.3,
1979-11-02,USGS-425853097043101,0.9,
1979-08-22,USGS-434755102145201,0.06,
1979-07-20,USGS-454908103261601,1.1,
1979-10-22,USGS-425639097512201,0.7,
1979-11-08,USGS-425631097354901,0.8,
1979-05-09,USGS-431713103150301,3.4,
1979-10-29,USGS-425143097140201,0.7,
1979-06-25,USGS-442143102414201,2.9,
1979-06-11,USGS-433101103582601,11.0,
1979-08-30,USGS-335155108112001,3.0,
1979-05-04,USGS-434958103114901,10.0,
1979-08-29,USGS-434318098241101,0.03,
1979-05-21,USGS-430813103335701,26.0,
1979-08-23,USGS-271253081502901,0.01,
1979-07-19,USGS-455418103263802,3.6,
1979-06-13,USGS-431915103523001,0.2,
1979-08-16,USGS-432952104030701,4.3,
1979-07-17,USGS-454449103291601,16.0,
1979-06-12,USGS-442858102284801,8.4,
1979-07-27,USGS-443401098422602,0.03,
1979-06-26,USGS-443300103242501,4.9,
1979-06-01,USGS-442024102032801,4.5,
1979-06-01,USGS-350835106314601,3.9,
1979-05-02,USGS-434800103022401,14.0,
1979-05-07,USGS-434236103201601,4.1,
1979-05-18,USGS-430234103095401,59.0,
1979-08-22,USGS-441608101183001,0.06,
1979-10-08,USGS-441926103423201,1.2,
1979-08-17,USGS-433158104021601,1.5,
1979-08-17,USGS-433206104012601,15.0,
1979-08-01,USGS-453043103004301,12.0,
1979-05-31,USGS-440408102040401,0.4,
1979-05-29,USGS-453017099530401,8.4,
1979-05-15,USGS-404336104293001,17.0,
1979-11-21,USGS-445125092464003,2.7,
1979-06-29,USGS-443632102051301,9.9,
1979-05-29,USGS-440300103165801,3.9,
1979-08-16,USGS-432909104003901,2.1,
1979-07-17,USGS-440209102494401,86.0,
1979-11-26,USGS-424040096470901,4.6,
1979-06-04,USGS-440538102404001,14.0,
1979-07-24,USGS-453043103100101,0.7,
1979-06-28,USGS-445754103063201,11.0,
1979-08-15,USGS-432540103592401,0.7,
1979-04-24,USGS-435230102374001,14.0,
1979-10-08,USGS-442515103340401,1.1,
1979-10-29,USGS-425609097134801,0.8,
1979-07-07,USGS-371844104461001,3.2,
1979-06-13,USGS-444445102474501,12.0,
1979-06-12,USGS-443249102204201,7.6,
1979-06-04,USGS-441424102100801,25.0,
1979-08-21,USGS-411351092382401,11.0,
1979-10-30,USGS-425616098022401,0.3,
1979-05-17,USGS-430903103201301,17.0,
1979-09-02,USGS-445902102100101,0.5,
1979-06-07,USGS-430227103432601,11.0,
1979-10-08,USGS-442027103501301,0.9,
1979-09-06,USGS-432906099513001,0.1,
1979-06-04,USGS-441434102095701,9.0,
1979-05-16,USGS-431127103001801,6.3,
1979-05-21,USGS-372922104445801,1.4,
1979-05-06,USGS-432833103071501,17.0,
1979-03-16,USGS-322023103482003,1.2,
1979-05-16,USGS-430831103031401,6.1,
1979-06-07,USGS-433849103442701,7.8,
1979-05-31,USGS-432512103352401,16.0,
1979-10-18,USGS-425855097585501,0.8,
1979-07-11,USGS-442215103014401,21.0,
1979-11-27,USGS-425338096382001,0.3,
1979-06-13,USGS-445139102501301,32.0,
1979-05-07,USGS-433831102563801,59.0,
1979-11-13,USGS-424142096371901,38.0,
1979-06-27,USGS-403239106193801,1.5,
1979-08-08,USGS-440007103383401,1.1,
1979-05-15,USGS-371200104385601,1.3,
1979-05-15,USGS-371200104385601,1.3,
1979-07-09,USGS-403005106295701,2.6,
1979-09-03,USGS-445251102220801,0.4,
1979-10-22,USGS-425555097474501,0.6,
1979-06-04,USGS-433444103300001,5.7,
1979-08-24,USGS-405935092492201,6.2,
1979-10-08,USGS-442306103352001,1.3,
1979-11-20,USGS-445125092464001,2.1,
1979-08-22,USGS-333946108222301,1.7,
1979-02-07,USGS-444014070092801,0.01,
1979-06-06,USGS-441828102012601,6.6,
1979-07-18,USGS-442526103170201,25.0,
1979-10-24,USGS-425040097054801,2.2,
1979-05-03,USGS-435410103075101,1.5,
1979-08-09,USGS-432403103505601,7.1,
1979-05-15,USGS-430231103203801,12.0,
1979-10-24,USGS-425125097093201,0.5,
1979-08-06,USGS-431825103414201,1.5,
1979-07-02,USGS-444109102285801,0.9,
1979-08-01,USGS-440441096403601,0.04,
1979-05-08,USGS-433440103022701,13.0,
1979-05-31,USGS-433339103385601,7.6,
1979-05-03,USGS-435309103033601,7.6,
1979-06-05,USGS-432327103534701,0.6,
1979-08-03,USGS-432128103421401,45.0,
1979-08-20,USGS-411258093041601,1.8,
1979-09-11,USGS-383641104532501,3.3,
1979-08-17,USGS-433224104021301,10.0,
1979-06-05,USGS-433834103320601,1.4,
1979-08-01,USGS-373537105002401,5.4,
1979-07-21,USGS-453926088523101,1.2,
1979-05-31,USGS-440437102131501,2.2,
1979-06-07,USGS-440610103085201,6.9,
1979-07-10,USGS-453209103083401,7.1,
1979-04-17,USGS-434232102073001,55.0,
1979-07-17,USGS-452918088403201,0.08,
1979-06-07,USGS-434200103410201,7.0,
1979-11-13,USGS-424720096444201,0.5,
1979-04-17,USGS-434828102532001,13.0,
1979-04-22,USGS-435313102314001,4.1,
1979-07-25,USGS-442132103055601,17.0,
1979-08-23,USGS-441004097221301,0.85,
1979-11-07,USGS-425334097433801,0.6,
1979-10-22,USGS-425340097473701,1.1,
1979-06-08,USGS-435645103211801,0.6,
1979-08-22,USGS-441324101132401,0.04,
1979-04-10,USGS-440000102150001,0.3,
1979-08-17,USGS-404712093055101,6.4,
1979-08-23,USGS-440312101081101,0.13,
1979-06-25,USGS-442707102205201,0.3,
1979-06-12,USGS-443346102282201,1.7,
1979-06-18,USGS-440824103185701,4.6,
1979-07-18,USGS-453916088341901,2.6,
1979-07-11,USGS-445551102240701,0.5,
1979-04-24,USGS-435934102230601,0.5,
1979-06-07,USGS-430422103451401,5.4,
1979-06-12,USGS-430914103492601,8.4,
1979-06-04,USGS-440021102164001,0.9,
1979-07-16,USGS-373135105020501,3.1,
1979-05-30,USGS-440531102264201,2.6,
1979-08-30,USGS-434357098454201,0.1,
1979-08-22,USGS-270601082261402,0.12,
1979-03-13,USGS-322204103474001,0.16,
1979-05-07,USGS-403648104040701,0.18,
1979-07-28,USGS-452729098382401,0.05,
1979-06-05,USGS-433556103564501,4.9,
1979-11-28,USGS-425056096333901,2.0,
1979-08-14,USGS-432436103545401,0.4,
1979-08-09,USGS-441344103401201,0.5,
1979-05-19,USGS-431200103342201,29.0,
1979-07-23,USGS-442038103240001,1.1,
1979-06-12,USGS-443437102233401,5.4,
1979-06-20,USGS-444138102330701,0.4,
1979-02-15,USGS-451129070274801,2.1,
1979-10-22,USGS-425904097542101,0.9,
1979-11-19,USGS-425840096500901,26.0,
1979-11-27,USGS-425616096440901,0.6,
1979-08-07,USGS-432356103570301,0.2,
1979-04-18,USGS-434648102365701,15.0,
1979-04-24,USGS-435316102261301,95.0,
1979-09-05,USGS-382607104470301,2.3,
1979-10-02,USGS-425015098060601,1.0,
1979-10-29,USGS-425308097092201,0.8,
1979-08-17,USGS-432414111184001,1.7,
1979-08-08,USGS-432544104030701,2.0,
1979-04-26,USGS-403641104000501,0.6,
1979-07-10,USGS-370754104495001,6.9,
1979-01-19,USGS-315918111364401,2.6,
1979-06-12,USGS-443440102170601,4.3,
1979-04-24,USGS-435013102530901,10.0,
1979-10-16,USGS-425859098205301,0.3,
1979-08-18,USGS-445338102015101,0.9,
1979-05-30,USGS-440126102045801,11.0,
1979-11-02,USGS-424713096592001,1.0,
1979-11-07,USGS-423242096362501,2.3,
1979-07-25,USGS-441514103113101,9.2,
1979-06-04,USGS-432808103413801,6.7,
1979-05-17,USGS-430202103234901,39.0,
1979-05-04,USGS-435927102595201,18.0,
1979-08-23,USGS-441146097450001,0.06,
1979-08-31,USGS-334038107402201,0.9,
1979-06-04,USGS-440310102403701,5.7,
1979-06-13,USGS-432034103392801,51.0,
1979-07-12,USGS-441312102494401,5.2,
1979-05-08,USGS-432244103140201,12.0,
1979-11-07,USGS-423542096344801,20.0,
1979-09-06,USGS-383802104544201,11.0,
1979-08-09,USGS-415206083414401,0.1,
1979-08-14,USGS-432638103541801,5.3,
1979-08-06,USGS-440202101394001,0.08,
1979-05-04,USGS-435725103134001,7.9,
1979-06-13,USGS-445157102490801,71.0,
1979-07-31,USGS-441219103090801,3.3,
1979-06-04,USGS-434445103344801,0.6,
1979-07-27,USGS-453538103093901,0.2,
1979-06-21,USGS-442638102403001,6.7,
1979-04-23,USGS-435443102420301,4.2,
1979-07-12,USGS-441055102531301,30.0,
1979-09-03,USGS-445913102195101,2.5,
1979-06-26,USGS-443014103275401,13.0,
1980-09-05,USGS-421507089062601,1.2,
1980-08-20,AZ014-335807113455101,7.6,
1980-07-15,USGS-332612111481801,11.4,
1980-07-23,USGS-271021082151601,5.1,
1980-08-20,USGS-440342083542802,0.21,
1980-08-19,USGS-445515083244701,0.13,
1980-06-27,USGS-332241112132801,7.5,
1980-03-18,USGS-322200103524801,5.2,
1980-09-17,USGS-475605118053001,17000.0,
1980-05-27,USGS-334646107112801,3.2,
1980-11-19,USGS-475658118051601,0.8,
1980-06-30,USGS-444516100533701,0.06,
1980-09-02,USGS-440237093000701,1.0,
1980-10-30,USGS-340534106535401,5.6,
1980-08-21,USGS-350452113391001,9.5,
1980-04-02,USGS-445403099051902,1.1,
1980-08-21,USGS-464800088292001,3.3,
1980-03-04,USGS-361407108081901,0.34,
1980-08-17,USGS-332935112563701,1.2,
1980-03-17,USGS-433244097591301,3.1,
1980-07-03,USGS-340927106553501,141.0,
1980-08-18,USGS-441849088051801,1.1,
1980-09-03,USGS-431620095250201,3.7,
1980-09-02,USGS-422611092552501,0.7,
1980-03-24,USGS-351023106321301,4.2,
1980-09-04,USGS-300356097563801,1.4,
1980-07-10,USGS-440655100253801,0.01,
1980-10-22,USGS-443716103522501,3.7,
1980-09-09,USGS-431427099311301,2.1,
1980-11-21,USGS-335815106532601,6.2,
1980-03-04,USGS-361446108083701,4.1,
1980-09-04,USGS-274302082061001,0.06,
1980-12-12,USGS-431420097344702,1.0,
1980-05-06,USGS-424113096411301,0.08,
1980-07-09,USGS-435400100090001,0.03,
1980-10-28,USGS-460804103010101,0.2,
1980-06-10,USGS-425713091373101,2.4,
1980-07-30,USGS-350344108510001,5.0,
1980-07-18,USGS-430055089534001,0.7,
1980-09-25,USGS-335759106371401,2.1,
1980-09-11,USGS-390253107563001,2.6,
1980-07-30,USGS-302052082312402,0.13,
1980-09-17,USGS-475605118053101,21000.0,
1980-10-06,USGS-312109092255001,0.8,
1980-09-17,USGS-442918097445901,7.7,
1980-12-23,USGS-364744114533201,3.3,
1980-07-30,USGS-462730087290701,0.11,
1980-09-04,USGS-423840095135001,0.7,
1980-07-10,USGS-434840100100501,0.02,
1980-08-19,USGS-333028112501001,6.8,
1980-09-04,USGS-444614093470201,2.8,
1980-08-21,USGS-435607083163901,0.11,
1980-05-07,USGS-440953103140801,3.0,
1980-09-17,USGS-475550118053001,497.0,
1980-05-07,USGS-430246105343501,70.0,
1980-11-19,USGS-475605118053101,21400.0,
1980-06-18,USGS-332935112264301,2.4,
1980-05-08,USGS-341048107590501,7.0,
1980-07-02,USGS-331543112262101,18.3,
1980-08-05,USGS-403839091333801,0.9,
1980-11-19,USGS-475558118053101,40000.0,
1980-09-05,USGS-422136094173401,1.1,
1980-05-14,USGS-475605118053101,35000.0,
1980-09-02,USGS-422339094375101,1.2,
1980-05-02,USGS-351302106424501,3.4,
1980-08-06,USGS-331250111482201,16.5,
1980-08-28,USGS-274626082033401,0.5,
1980-08-14,USGS-322336103522401,6.1,
1980-07-22,USGS-430058089251401,0.8,
1980-11-18,USGS-475530118052301,49.2,
1980-02-05,USGS-321443103472402,34.0,
1980-11-14,USGS-352428120173401,3.2,
1980-04-23,USGS-341210106424801,13.7,
1980-05-08,USGS-430314105405201,31.3,
1980-05-29,USGS-431308105382401,0.7,
1980-10-22,USGS-340040106541101,3.9,
1980-08-09,USGS-334229113492301,2.2,
1980-06-18,USGS-333357112250201,2.3,
1980-06-17,USGS-360916107543901,0.11,
1980-09-04,USGS-322336103522401,8.4,
1980-09-02,USGS-422855093481501,1.2,
1980-01-29,USGS-434547094095802,1.0,
1980-01-30,USGS-434039092553201,1.0,
1980-08-29,USGS-274428082054301,0.09,
1980-07-14,USGS-455203103311701,0.33,
1980-06-03,USGS-340603107140101,6.3,
1980-07-16,USGS-362212108340701,1.9,
1980-08-29,USGS-274242082051701,0.18,
1980-08-04,USGS-433347103385101,12.0,
1980-09-03,USGS-421507089062601,0.9,
1980-05-28,USGS-340347107351401,5.1,
1980-07-16,USGS-390833091550801,0.4,
1980-08-21,USGS-340025106570901,10.7,
1980-07-18,USGS-340047107001301,20.6,
1980-06-20,USGS-443859103502801,0.38,
1980-08-22,USGS-322814103531501,4.9,
1980-09-05,USGS-444409093120702,0.8,
1980-09-04,USGS-345239114084001,6.8,
1980-01-14,USGS-434259098290901,12.0,
1980-03-20,USGS-322912103485701,2.7,
1980-08-14,USGS-444504092473601,1.5,
1980-06-09,USGS-453115098350801,3.6,
1980-03-20,USGS-321820103510502,9.7,
1980-09-03,USGS-441851093341801,3.1,
1980-09-22,USGS-340547107464401,1.0,
1980-10-01,USGS-340927106553501,155.0,
1980-08-20,USGS-355400107224201,0.33,
1980-06-09,USGS-425550091233001,0.4,
1980-08-19,USGS-342633108433101,1.3,
1980-08-21,USGS-340229107044501,0.9,
1980-08-26,USGS-274745082033401,0.5,
1980-06-23,USGS-332816112121401,14.6,
1980-10-27,USGS-460856103024401,28.3,
1980-05-09,USGS-350418106412201,3.1,
1980-07-01,USGS-331306112263301,8.5,
1980-06-18,USGS-320222112185101,5.1,
1980-11-18,USGS-475529118052301,40.5,
1980-09-03,USGS-354306108134001,0.26,
1980-09-05,USGS-274236082060801,0.07,
1980-08-11,USGS-442857103513401,1.6,
1980-03-05,USGS-364845108214201,0.02,
1980-07-15,USGS-452930103062001,0.21,
1980-06-25,USGS-432300094184201,0.6,
1980-08-12,USGS-333525113464401,2.9,
1980-08-28,USGS-301339097483701,1.3,
1980-11-19,USGS-475648118051201,11.3,
1980-08-27,USGS-462457084333001,0.83,
1980-11-19,USGS-475710118053001,13.1,
1980-08-17,USGS-333121113413001,3.6,
1980-07-16,USGS-360721108103201,2.5,
1980-07-24,USGS-462702087252701,0.08,
1980-08-29,USGS-300639097571001,0.55,
1980-06-24,USGS-431638091284102,0.5,
1980-08-25,USGS-302652097430501,1.1,
1980-08-20,USGS-442839083312301,0.13,
1980-03-05,USGS-364750108214701,0.09,
1980-06-24,USGS-430330091264301,1.4,
1980-10-21,USGS-435959103181301,0.29,
1980-08-26,USGS-302148097422801,0.03,
1980-08-13,USGS-332216113120801,10.5,
1980-10-30,USGS-340525106535901,8.2,
1980-08-19,USGS-464735088245601,0.76,
1980-05-19,USGS-432218096591301,35.0,
1980-09-02,USGS-433615093403001,1.2,
1980-05-07,USGS-432000105354201,0.4,
1980-02-07,USGS-361446108090801,0.68,
1980-08-04,USGS-330753111241901,7.7,
1980-09-18,USGS-475658118051601,7.0,
1980-01-31,USGS-433458093455201,3.2,
1980-06-05,USGS-352240120165801,194.0,
1980-05-08,USGS-430354105343601,24.4,
1980-06-05,USGS-340611107135801,5.8,
1980-10-22,USGS-443839103514701,9.6,
1980-06-05,USGS-352232120164701,19.4,
1980-07-01,USGS-430357105292201,3.5,
1980-09-22,USGS-340914107512301,7.4,
1980-07-30,USGS-402940091222301,1.1,
1980-06-25,USGS-332426112151901,12.8,
1980-08-13,USGS-332335113093901,21.6,
1980-08-08,USGS-441849088051801,1.4,
1980-05-28,USGS-430401105420901,94.2,
1980-09-04,USGS-274302082061001,0.25,
1980-07-16,USGS-362217108335701,2.7,
1980-08-19,USGS-355447107224301,0.19,
1980-09-04,USGS-421507089062601,1.1,
1980-08-20,USGS-274401081434401,5.1,
1980-09-02,USGS-335332106550801,7.5,
1980-08-29,USGS-274428082054301,0.3,
1980-09-04,USGS-303138097511501,0.04,
1980-05-13,USGS-475620118055701,8.9,
1980-05-20,USGS-321443103472403,0.45,
1980-06-05,USGS-352242120165701,12.8,
1980-08-13,USGS-440735103030701,8.0,
1980-02-12,USGS-321218103504901,0.08,
1980-08-12,USGS-360754107505201,0.63,
1980-08-08,USGS-441318103221301,2.3,
1980-06-25,USGS-443330101003401,0.13,
1980-08-20,USGS-442230083360501,0.34,
1980-09-04,USGS-424348095231602,6.1,
1980-01-19,USGS-321847106433501,6.4,
1980-08-21,USGS-432404083285602,0.08,
1980-09-19,USGS-344732113365301,6.4,
1980-07-15,USGS-455414103124501,2.4,
1980-11-19,USGS-352330120172601,1.3,
1980-02-20,USGS-462710092454001,1.1,
1980-02-11,USGS-321218103504902,7.4,
1980-09-18,USGS-335704106501601,1.8,
1980-04-25,USGS-430441098555801,10.5,
1980-07-16,USGS-352428120173401,9.7,
1980-08-28,USGS-341014107514601,8.5,
1980-08-20,USGS-440342083542801,0.05,
1980-02-05,USGS-321443103472401,0.15,
1980-08-26,USGS-445020086012201,0.32,
1980-08-15,USGS-332142113052701,27.0,
1980-05-09,USGS-341712107462701,3.8,
1980-10-01,USGS-340334106540201,2.9,
1980-09-04,USGS-421831095152101,0.6,
1980-06-11,USGS-425049092063801,0.5,
1980-08-19,USGS-355446107204801,0.03,
1980-06-27,USGS-340348107553701,2.4,
1980-08-05,USGS-443320104004501,2.5,
1980-10-22,USGS-422418090255501,0.7,
1980-08-20,USGS-322037103580901,18.0,
1980-06-03,USGS-340500106390101,13.2,
1980-05-08,USGS-430414105372001,7.2,
1980-11-19,USGS-475605118053001,17000.0,
1980-09-03,USGS-431620095250511,1.6,
1980-03-20,USGS-321820103510503,1.9,
1980-11-18,USGS-475549118053501,620.0,
1980-03-21,USGS-321701103413902,0.08,
1980-01-30,USGS-434122093432205,3.4,
1980-11-04,USGS-341230107535901,1.4,
1980-06-03,USGS-335349106382501,6.7,
1980-09-05,USGS-274236082060801,0.5,
1980-09-03,USGS-441714093575001,2.1,
1980-10-02,USGS-432932103190801,16.3,
1980-08-21,USGS-440207082592801,0.04,
1980-05-09,USGS-431609105355901,24.1,
1980-07-16,USGS-352330120172601,1.0,
1980-09-26,USGS-340400107441801,0.7,
1980-12-08,USGS-422803087475301,1.1,
1980-08-21,USGS-360757107522701,2.7,
1980-11-18,USGS-475550118053001,279.0,
1980-06-19,USGS-440735103105601,4.3,
1980-07-16,USGS-475605118053001,73000.0,
1980-07-31,USGS-331218111314201,2.5,
1980-09-20,USGS-322814103531501,5.8,
1980-07-16,USGS-362208108341201,2.8,
1980-09-03,USGS-354304108133801,0.05,
1980-09-06,USGS-321218103504903,0.04,
1980-07-16,USGS-362213108340501,5.6,
1980-07-16,USGS-475550118053001,476.0,
1980-07-01,USGS-434931100225301,0.02,
1980-07-16,USGS-475558118053101,58000.0,
1980-05-28,USGS-340351107255401,3.4,
1980-03-18,USGS-322037103580901,2.0,
1980-11-13,USGS-352400120145701,6.0,
1980-05-06,USGS-440330103080001,1.0,
1980-08-25,USGS-445011086031401,0.2,
1980-10-31,USGS-340438106195701,1.7,
1980-01-10,USGS-382522104542501,18.0,
1980-07-07,USGS-340334106540201,4.4,
1980-10-15,USGS-341121108584901,1.5,
1980-09-18,USGS-475710118053001,19.0,
1980-05-19,USGS-321701103413903,0.37,
1980-05-28,USGS-431154105364201,0.6,
1980-06-23,USGS-421008092181001,1.1,
1980-09-18,USGS-475648118051201,43.2,
1980-09-02,USGS-441805092472501,0.6,
1980-09-17,USGS-475558118053101,40000.0,
1980-09-04,USGS-423618095194501,1.3,
1980-08-21,USGS-435743089485701,2.0,
1980-06-25,USGS-430337092190701,0.4,
1980-08-14,USGS-333045113181101,18.5,
1980-08-13,USGS-322632103472201,0.29,
1980-11-25,USGS-352240120170301,1600.0,
1980-11-25,USGS-352242120165701,16.0,
1980-08-21,USGS-275007081544601,1.6,
1980-11-25,USGS-352240120165801,114.0,
1980-08-17,USGS-332848113425101,2.4,
1980-09-04,USGS-340515106352801,5.9,
1980-05-12,USGS-430136089274301,22.0,
1980-09-24,USGS-322632103472201,0.02,
1980-04-03,USGS-360822107561601,1.0,
1980-08-21,USGS-322912103485701,1.3,
1980-07-29,USGS-462443087262901,0.21,
1980-08-28,USGS-301031097515801,1.1,
1980-05-08,USGS-430414105372002,18.0,
1980-08-29,USGS-440737085483701,0.07,
1980-09-04,USGS-345232114091701,8.7,
1980-08-29,USGS-440945085190201,0.09,
1980-04-03,USGS-360823107544001,0.05,
1980-08-21,USGS-462446086391201,1.2,
1980-08-27,USGS-301811097470401,1.1,
1980-07-16,USGS-475620118055701,10.0,
1980-08-26,USGS-341639108235101,9.6,
1980-08-19,USGS-274506081485101,1.3,
1980-05-20,USGS-322121103405501,0.31,
1980-03-04,USGS-361457108090901,0.45,
1980-03-19,USGS-322336103522401,0.29,
1980-08-29,USGS-300934097552201,0.62,
1980-09-04,USGS-334243107020001,1.6,
1980-08-25,USGS-302719097362901,0.8,
1980-07-15,USGS-475605118053101,77000.0,
1980-06-23,USGS-431216091572001,0.8,
1980-09-10,USGS-421507089062601,1.7,
1980-08-26,USGS-424407090200001,1.0,
1980-09-10,USGS-390257107561301,2.4,
1980-07-24,USGS-431849089311002,0.9,
1980-10-15,USGS-341525108461801,10.0,
1980-05-07,USGS-430409105361501,27.0,
1980-06-05,USGS-352240120170301,344.0,
1980-06-10,USGS-432202091133001,0.5,
1980-09-03,USGS-274334082095701,1.2,
1980-08-28,USGS-300803097483801,0.4,
1980-08-28,USGS-445429085033601,0.24,
1980-07-15,USGS-455343103041701,0.09,
1980-03-13,USGS-341024106440601,20.5,
1980-10-20,USGS-335549106511801,1.2,
1980-03-05,USGS-364744108225001,0.4,
1980-12-09,USGS-422803087475301,0.8,
1980-07-02,USGS-443124099494801,0.06,
1980-07-23,USGS-420718091165401,1.6,
1980-09-17,USGS-475605118053201,8200.0,
1980-08-14,USGS-332518113121801,26.1,
1980-07-02,USGS-443142099435401,0.07,
1980-08-18,USGS-322200103524801,12.0,
1980-02-07,USGS-361435108093001,0.07,
1980-06-30,USGS-450251101355701,11.5,
1980-08-28,USGS-461432084110001,1.0,
1980-11-18,USGS-475547118053001,61.2,
1980-07-16,USGS-475605118053201,1200.0,
1980-08-04,USGS-322446106290801,2.2,
1980-08-19,USGS-440219088555701,3.7,
1980-08-19,USGS-275203082023601,11.0,
1980-09-04,USGS-443623094042801,1.9,
1980-07-08,USGS-435548100560401,0.01,
1980-06-09,USGS-424820091324001,4.9,
1980-04-03,USGS-360849107561801,0.14,
1980-05-14,USGS-475605118053201,1200.0,
1980-10-06,USGS-340906106540601,6.9,
1980-08-12,USGS-360731107494701,0.18,
1980-10-22,USGS-440016103190601,1.1,
1980-04-26,USGS-351025106323801,2.1,
1980-08-19,USGS-344443113360701,10.9,
1980-07-30,USGS-462630087310401,0.05,
1980-07-15,USGS-451737103462501,16.0,
1980-09-09,USGS-421507089062601,1.1,
1980-08-25,USGS-274920082001801,0.7,
1980-09-03,USGS-443710093453501,3.2,
1980-08-20,USGS-274546081531201,1.4,
1980-08-22,USGS-333633113414901,20.8,
1980-11-21,USGS-430618087571001,0.8,
1980-05-21,USGS-322814103531501,0.07,
1980-07-29,USGS-462515087284801,0.11,
1980-05-15,USGS-475550118053001,54.9,
1980-02-12,USGS-441454092101001,1.2,
1980-11-14,USGS-352232120164701,32.3,
1980-08-29,USGS-300453097503301,0.85,
1980-08-19,USGS-444938084283401,0.2,
1980-08-28,USGS-460930084214701,0.1,
1980-08-26,USGS-424423090552801,0.9,
1981-08-31,USGS-434522084350001,0.14,
1981-06-09,USGS-410115091571801,1.3,
1981-11-24,USGS-370534114495201,7.6,
1981-09-01,USGS-444250086071001,0.16,
1981-08-27,USGS-395029113233601,3.2,
1981-08-21,USGS-432010071001402,0.2,
1981-08-25,USGS-302251082194902,0.07,
1981-09-16,USGS-443426096370901,7.7,
1981-07-30,USGS-332718105330601,2.4,
1981-09-14,USGS-270808082270501,1.6,
1981-07-19,USGS-382259115090801,1.5,
1981-08-26,USGS-422757096243902,1.2,
1981-07-22,USGS-443835103492001,12.0,
1981-12-07,USGS-455515086203701,0.14,
1981-08-28,USGS-433447084470201,0.06,
1981-06-17,USGS-435709103370801,1.1,
1981-04-06,USGS-391622091343301,1.9,
1981-08-26,USGS-423348096423001,3.3,
1981-08-26,USGS-392815113593001,3.8,
1981-07-20,USGS-373153115135801,3.8,
1981-08-10,USGS-302316097430401,0.43,
1981-08-21,USGS-431437070535901,0.03,
1981-08-28,USGS-404425112384801,0.8,
1981-03-18,USGS-342947107064901,0.9,
1981-03-11,USGS-360726108102801,0.68,
1981-04-07,USGS-343251111513401,2.9,
1981-04-06,USGS-383543092103001,0.8,
1981-12-09,USGS-462955090032801,0.09,
1981-04-30,USGS-352232120164701,20.8,
1981-07-22,USGS-364744114533201,3.4,
1981-09-29,USGS-352428120173401,10.0,
1981-06-02,USGS-462449087285101,0.08,
1981-11-24,USGS-371446114422101,4.4,
1981-09-09,USGS-432412094503301,2.6,
1981-09-02,USGS-270808082270501,0.7,
1981-03-11,USGS-361318108150301,10.4,
1981-03-13,USGS-362145108310901,15.2,
1981-07-22,USGS-353420108002201,22.8,
1981-08-12,USGS-425246091042101,1.0,
1981-03-09,USGS-360721108103201,0.67,
1981-04-01,USGS-430039097063501,0.1,
1981-08-26,USGS-423141090385801,0.8,
1981-04-28,USGS-352240120165801,120.0,
1981-08-18,USGS-402727096551201,2.5,
1981-04-29,USGS-352428120173401,14.2,
1981-01-05,USGS-453008099530901,5.6,
1981-08-26,USGS-450237096454003,4.1,
1981-08-20,USGS-333643104421201,0.9,
1981-08-11,USGS-365218121490301,6.7,
1981-08-21,USGS-432351071055101,15.0,
1981-06-04,USGS-462506087273001,0.09,
1981-08-25,USGS-442104106392901,11.4,
1981-09-01,USGS-422803087475301,0.7,
1981-07-18,USGS-383540115081801,1.2,
1981-08-27,USGS-425428098405801,0.07,
1981-08-31,USGS-434518084352601,0.02,
1981-11-05,USGS-432800091062501,1.3,
1981-08-28,USGS-433447084470301,0.16,
1981-01-06,USGS-335634106595201,3.6,
1981-08-25,USGS-392527113290901,3.4,
1981-08-10,USGS-334722113562001,3.0,
1981-08-31,USGS-462732087253401,0.2,
1981-08-12,USGS-424655105384501,2.4,
1981-08-12,USGS-424655105384501,2.4,
1981-08-26,USGS-423819091115101,1.1,
1981-01-06,USGS-432800091062501,11.2,
1981-08-13,USGS-270808082270501,2.7,
1981-09-08,USGS-462553087253901,0.11,
1981-08-26,USGS-424633097545201,0.41,
1981-09-01,USGS-431704071004301,0.01,
1981-06-01,USGS-462239087243101,0.15,
1981-09-01,USGS-462514087301001,0.23,
1981-06-09,USGS-405750092142001,1.2,
1981-08-18,USGS-404349096433801,0.52,
1981-03-12,USGS-362212108340701,0.82,
1981-08-05,USGS-302259097422301,6.9,
1981-08-05,USGS-302259097422301,0.9,
1981-09-02,USGS-414659108502701,1.1,
1981-04-09,USGS-343157111492601,11.0,
1981-06-03,USGS-462811087262501,0.48,
1981-04-06,USGS-391920091334601,7.8,
1981-08-21,USGS-431111070500501,0.11,
1981-03-13,USGS-363503108342101,4.3,
1981-04-28,USGS-352240120170301,1700.0,
1981-01-13,USGS-302148097422801,0.02,
1981-07-14,USGS-354103108083901,0.02,
1981-04-28,USGS-352242120165701,15.5,
1981-09-02,USGS-270808082270501,3.6,
1981-07-21,USGS-362239114263501,3.4,
1981-08-19,USGS-413118096342301,1.1,
1981-08-27,USGS-402815114012901,4.3,
1981-03-12,USGS-362208108341201,2.9,
1981-03-12,USGS-361503108243801,228.0,
1981-04-29,USGS-352330120172601,1.5,
1981-03-11,USGS-361142108220401,2.0,
1981-03-26,USGS-340040106464601,15.6,
1981-01-27,USGS-425246091042101,0.9,
1981-08-18,USGS-322928104382501,1.9,
1981-03-12,USGS-362217108335701,1.8,
1981-03-13,USGS-364325108353001,0.18,
1981-08-27,USGS-424349084252501,0.04,
1981-07-14,USGS-395415115524301,2.6,
1981-03-13,USGS-363113108333501,8.6,
1981-07-17,USGS-383346115313801,1.9,
1981-08-11,USGS-332209104572401,1.5,
1981-12-09,USGS-462735090044801,11.0,
1981-12-09,USGS-462735090044801,11.0,
1981-08-20,USGS-432525071084801,1.2,
1981-08-06,USGS-270808082270501,11.0,
1981-07-14,USGS-354017108092201,0.63,
1981-08-20,USGS-333731104401101,1.0,
1981-07-19,USGS-382624115004001,1.9,
1981-07-14,USGS-354038108091801,6.1,
1981-07-15,USGS-354105108091001,0.02,
1981-08-25,USGS-302052082312401,0.27,
1981-07-16,USGS-383321115461501,1.0,
1981-02-17,USGS-322309106290201,2.0,
1981-08-26,USGS-392411113514301,3.4,
1981-07-15,USGS-392731114382801,1.2,
1981-08-03,USGS-270808082270501,13.0,
1981-07-13,USGS-395628116042801,0.5,
1981-09-01,USGS-431352070561501,0.13,
1981-03-09,USGS-360733108103201,0.61,
1981-08-25,USGS-302052082312402,0.23,
1981-10-22,USGS-432800091062501,0.6,
1981-07-18,USGS-383730115025201,1.6,
1981-08-20,USGS-431510071051801,0.03,
1981-08-21,USGS-432138071020001,0.06,
1981-09-01,USGS-432557071091401,0.08,
1981-08-27,USGS-340306106562001,4.4,
1981-09-15,USGS-270808082270501,1.4,
1981-08-19,USGS-415559096154401,0.38,
1981-09-29,USGS-352232120164701,24.0,
1981-02-17,USGS-322331106293801,7.4,
1981-08-10,USGS-330400105010501,0.8,
1981-03-12,USGS-362213108340501,0.3,
1981-04-06,USGS-435251097301202,2.8,
1981-07-23,USGS-330300104405101,1.6,
1981-03-27,USGS-343055111504501,18.0,
1981-11-18,USGS-425926085034301,0.47,
1981-09-03,USGS-340914107512301,8.0,
1981-01-05,USGS-442935098205201,1.0,
1981-07-15,USGS-393212114545001,1.7,
1981-08-26,USGS-270808082270501,2.7,
1981-08-31,USGS-444248086070001,0.08,
1981-06-05,USGS-462425087255201,0.03,
1981-11-24,USGS-365908114592901,2.2,
1981-10-14,USGS-422616107145501,10.0,
1981-08-18,USGS-322923104410301,1.6,
1981-09-29,USGS-352240120170301,1700.0,
1981-07-22,USGS-364320114424801,4.0,
1981-12-10,USGS-461354088270201,1.5,
1981-12-10,USGS-461354088270201,1.5,
1981-03-13,USGS-361554108333201,1.7,
1981-09-01,USGS-431406070584901,0.01,
1981-08-20,USGS-333952104394801,2.2,
1981-08-19,USGS-425246091042101,0.7,
1981-12-18,USGS-454450087043901,0.09,
1981-05-19,USGS-440016103190601,3.1,
1981-07-17,USGS-391637116021801,1.0,
1981-09-02,USGS-415021094072801,0.7,
1981-11-24,USGS-371612114384401,0.7,
1981-08-26,USGS-423935097151401,0.25,
1981-12-07,USGS-454625086330801,0.2,
1981-11-24,USGS-370808114420201,2.0,
1981-03-09,USGS-360729108102901,0.79,
1981-04-29,USGS-352400120145701,4.3,
1981-08-26,USGS-422704096335601,0.14,
1981-09-01,USGS-432533071081601,0.39,
1981-08-13,USGS-322757104350101,1.3,
1981-09-02,USGS-424503084330101,1.0,
1982-04-14,USGS-360725108102701,0.6,
1982-09-03,USGS-435127103125201,3.9,
1982-08-04,USGS-384056104475601,2.5,
1982-07-06,USGS-271026082204001,13.0,
1982-02-22,USGS-340932106464801,22.0,
1982-07-31,USGS-334453106062001,3.5,
1982-06-30,USGS-270936082183801,0.6,
1982-09-16,USGS-460659085214601,0.02,
1982-08-27,USGS-355744107010001,1.8,
1982-07-06,USGS-270932082195201,0.7,
1982-07-12,USGS-271117082134701,0.7,
1982-09-07,USGS-433858103202001,18.0,
1982-08-11,USGS-382701104520401,29.0,
1982-06-29,USGS-271212082173501,1.8,
1982-09-07,USGS-434407103461401,3.9,
1982-03-24,USGS-435956097060504,17.5,
1982-04-15,USGS-362145108310901,18.0,
1982-06-29,USGS-271121082173501,0.9,
1982-08-27,USGS-391713084414000,1.5,
1982-08-31,USGS-352130113413901,11.0,
1982-09-01,USGS-435607096461501,5.7,
1982-07-06,USGS-271035082185001,7.6,
1982-07-07,USGS-270748082184401,1.5,
1982-06-29,USGS-271303082173401,1.5,
1982-09-01,USGS-434111103183801,19.0,
1982-07-19,USGS-271025082144401,2.9,
1982-08-26,USGS-442027103235501,7.0,
1982-08-30,USGS-391607084412500,3.2,
1982-11-17,USGS-274520082035101,4.5,
1982-08-31,USGS-272119082324801,0.5,
1982-09-03,USGS-434554103121701,0.12,
1982-08-26,USGS-270932082124601,0.9,
1982-09-07,USGS-433055103202801,5.5,
1982-08-27,USGS-391704084414100,2.2,
1982-09-21,USGS-420838085344501,0.49,
1982-12-01,USGS-422803087475302,4.8,
1982-06-30,USGS-271207082154301,1.0,
1982-01-28,USGS-340130106234201,1.6,
1982-07-07,USGS-270832082183801,1.2,
1982-11-17,USGS-274517082032901,1.8,
1982-08-30,USGS-272120082322701,0.4,
1982-08-02,USGS-383927104454501,26.0,
1982-09-16,USGS-425702088052801,2.1,
1982-12-02,USGS-422803087475303,2.0,
1982-08-30,USGS-272122082330801,0.5,
1982-09-02,USGS-354036114110601,1.9,
1982-09-02,USGS-354036114110601,1.9,
1982-07-06,USGS-271023082193701,0.8,
1982-09-15,USGS-451254087364101,0.28,
1982-04-14,USGS-361318108150301,13.0,
1982-08-03,USGS-302316097430401,0.6,
1982-08-03,USGS-383407104500701,5.6,
1982-08-30,USGS-442435103320301,2.5,
1982-03-17,USGS-440659103064701,15.4,
1982-08-31,USGS-391800084415200,5.1,
1982-06-30,USGS-270934082174401,3.0,
1982-08-22,USGS-351452113592301,5.0,
1982-02-28,USGS-353258108171601,22.0,
1982-11-24,USGS-270742082124601,1.6,
1982-08-26,USGS-441345103210701,3.1,
1982-09-02,USGS-434556103123801,0.04,
1982-04-15,USGS-362213108340501,1.1,
1982-09-02,USGS-434600103123501,0.31,
1982-08-30,USGS-352910111553001,11.0,
1982-09-01,USGS-351817114004101,1.4,
1982-02-18,USGS-270959082203003,1.9,
1982-08-24,USGS-391713084414400,0.4,
1982-08-30,USGS-435641103195801,2.5,
1982-07-19,USGS-270934082154101,1.2,
1982-08-25,USGS-391742084415900,1.4,
1982-03-19,USGS-382404105132002,5450.0,
1982-06-09,USGS-272317082302401,3.8,
1982-09-08,USGS-342821108422701,0.05,
1982-09-21,USGS-422032085091801,1.0,
1982-01-25,USGS-444337103363001,1.5,
1982-11-24,USGS-422803087475304,4.7,
1982-07-07,USGS-270751082203801,2.6,
1982-08-30,USGS-272129082330202,0.9,
1982-08-25,USGS-391713084410800,0.7,
1982-08-31,USGS-391745084415100,1.6,
1982-08-04,USGS-334156106045401,1.4,
1982-08-24,USGS-391721084414600,1.4,
1982-07-19,USGS-270926082144201,0.6,
1982-07-19,USGS-271021082163901,2.1,
1982-09-02,USGS-434803103103501,0.1,
1982-04-13,USGS-364325108353001,0.29,
1982-09-21,USGS-440642096314001,17.0,
1982-07-08,USGS-270807082164701,2.1,
1982-09-09,USGS-441431103315801,1.3,
1982-07-08,USGS-270839082152901,0.6,
1982-05-26,USGS-425202106462001,0.01,
1982-09-08,USGS-434908103145201,5.6,
1982-07-07,USGS-270839082203701,1.1,
1982-08-30,USGS-442708103311401,12.0,
1982-06-29,USGS-271208082164201,0.6,
1982-04-12,USGS-360415108022201,2.6,
1982-07-08,USGS-270842082163901,1.5,
1982-08-28,USGS-353558107241001,0.03,
1982-09-16,USGS-452551084505901,0.26,
1982-08-31,USGS-391654084413000,46.0,
1982-08-31,USGS-434832103161701,2.9,
1982-07-07,USGS-270838082194301,0.7,
1982-08-28,USGS-353558107241002,0.03,
1982-10-05,USGS-433623096455102,3.0,
1982-08-30,USGS-391746084403200,1.5,
1982-04-20,USGS-434244096301701,18.5,
1982-08-30,USGS-352044113415501,11.0,
1982-11-24,USGS-270752082144401,0.6,
1982-09-08,USGS-434830103134301,4.7,
1982-07-06,USGS-270933082203601,1.5,
1982-08-27,USGS-391628084405500,1.2,
1982-07-26,USGS-340932106464801,19.0,
1982-07-08,USGS-270807082173301,2.4,
1982-08-27,USGS-391806084394900,1.0,
1982-09-16,USGS-450850083393401,0.11,
1982-02-10,USGS-340600106561501,15.0,
1982-08-25,USGS-391721084403600,1.5,
1982-07-07,USGS-270744082194901,4.5,
1982-09-23,USGS-465002089321601,6.8,
1982-07-08,USGS-270752082154401,1.8,
1982-08-27,USGS-391606084410800,0.6,
1982-07-12,USGS-271152082123701,3.7,
1982-09-15,USGS-443931085564201,1.0,
1982-09-08,USGS-435309103124501,2.1,
1982-09-15,USGS-443921085213501,0.18,
1982-08-30,USGS-441834103232501,8.4,
1982-09-16,USGS-452552084505901,0.14,
1982-09-22,USGS-433439082523601,0.09,
1982-04-13,USGS-363113108333501,8.4,
1982-04-13,USGS-363503108342101,5.3,
1982-07-09,USGS-272317082302401,3.0,
1982-08-25,USGS-391709084412500,250.0,
1982-08-25,USGS-441839103204901,11.0,
1982-08-25,USGS-440832103160901,3.7,
1982-08-26,USGS-441812103230501,10.0,
1982-06-10,USGS-272317082302401,4.1,
1982-02-24,USGS-353016108100401,0.03,
1982-06-09,USGS-272317082302401,8.9,
1982-09-15,USGS-443930085562901,0.07,
1982-08-25,USGS-391659084412900,430.0,
1982-09-01,USGS-433720103192301,18.0,
1982-10-22,USGS-342802106572401,22.0,
1982-07-19,USGS-271024082154101,2.1,
1982-08-31,USGS-391803084414200,8.2,
1982-08-26,USGS-271019082124701,0.8,
1982-08-04,USGS-302148097422801,0.36,
1982-09-09,USGS-441820103205801,3.2,
1982-09-22,USGS-430258083090701,1.4,
1982-08-21,USGS-351702113582701,1.3,
1982-08-31,USGS-391616084404300,0.9,
1982-08-03,USGS-383119104550401,18.0,
1982-09-22,USGS-430048082474201,0.6,
1982-08-24,USGS-391715084414800,0.6,
1982-07-08,USGS-270807082173301,2.4,
1982-06-30,USGS-271301082163801,1.3,
1982-08-31,USGS-391633084411700,0.4,
1983-02-17,USGS-430029088163001,0.7,
1983-08-01,USGS-311840092375601,0.05,
1983-08-30,USGS-464922103210301,19.0,
1983-08-29,USGS-464626103264501,11.0,
1983-08-30,USGS-465407103083101,0.9,
1983-09-23,USGS-274520082035101,0.07,
1983-11-02,USGS-374107110414701,0.9,
1983-07-20,USGS-312652092293601,0.02,
1983-08-31,USGS-465049103011901,0.4,
1983-07-28,USGS-312047092320601,0.02,
1983-09-21,USGS-432936083484201,6.3,
1983-07-26,USGS-303210091451403,0.11,
1983-02-15,USGS-424007088171701,0.7,
1983-08-30,USGS-465425103005401,0.6,
1983-06-23,USGS-314615091492801,0.04,
1983-07-19,USGS-312230092233401,0.56,
1983-06-30,USGS-314050091260602,0.1,
1983-02-22,USGS-364325108353001,0.34,
1983-06-15,USGS-313143092215501,0.05,
1983-09-22,USGS-433652084015401,2.0,
1983-07-21,USGS-430031088274501,0.6,
1983-06-30,USGS-313144091320702,0.03,
1983-08-29,USGS-464532103231601,0.3,
1983-08-08,USGS-311610092422102,0.09,
1983-07-26,USGS-341904108344201,4.1,
1983-06-29,USGS-425723087591401,0.4,
1983-09-07,USGS-423819088090301,0.7,
1983-02-14,USGS-424623088561901,1.0,
1983-06-27,USGS-313415091582801,0.17,
1983-08-31,USGS-464901103045801,4.0,
1983-07-11,USGS-302922092505202,0.34,
1983-05-09,USGS-363838115055201,1.0,
1983-08-31,USGS-464658103040801,220.0,
1983-08-30,USGS-465927103051301,7.3,
1983-05-11,USGS-363800115122701,0.6,
1983-07-27,USGS-343345108345801,0.11,
1983-07-22,USGS-312500092284301,0.52,
1983-09-01,USGS-423819088090301,0.5,
1983-07-28,USGS-312042092313202,0.04,
1983-06-17,USGS-430028087575101,0.9,
1983-07-29,USGS-310839092392905,0.01,
1983-09-14,USGS-423819088090301,0.7,
1983-08-30,USGS-464933103174501,3.1,
1983-02-15,USGS-423329088084001,0.9,
1983-07-21,USGS-312038092254701,0.02,
1983-08-29,USGS-465826103133001,130.0,
1983-07-15,USGS-314954091484601,0.16,
1983-07-26,USGS-343206108333401,0.04,
1983-06-29,USGS-310845093152601,0.05,
1983-11-03,USGS-361118090242201,0.01,
1983-07-28,USGS-311612092270603,0.03,
1983-07-26,USGS-311307092440104,0.02,
1983-06-23,USGS-314941091424501,0.11,
1983-08-29,USGS-464648103112702,0.3,
1983-02-17,USGS-430049088140701,0.5,
1983-08-31,USGS-462927103022001,20.0,
1983-08-30,USGS-465045103172401,0.7,
1983-08-31,USGS-465118103061401,0.2,
1983-07-29,USGS-310839092392904,0.04,
1983-02-15,USGS-422956087524601,0.7,
1983-09-02,USGS-395048105165303,14.0,
1983-11-02,USGS-374531110420001,6.2,
1983-06-28,USGS-305828092350503,0.05,
1983-06-27,USGS-313917091532201,0.05,
1983-08-29,USGS-465139103143101,74.0,
1983-07-28,USGS-311555092295504,1.0,
1983-07-21,USGS-443213104332601,3.3,
1983-05-10,USGS-363501115182601,1.7,
1983-08-29,USGS-465750103093201,12.0,
1983-06-28,USGS-425723087591401,0.4,
1983-05-10,USGS-364230115142001,1.7,
1983-08-31,USGS-464948103011801,0.3,
1983-10-21,USGS-413932087274201,1.8,
1983-06-29,USGS-313542092244701,0.12,
1983-03-03,USGS-431753087591101,0.4,
1983-06-22,USGS-425723087591401,0.6,
1983-05-25,USGS-423421087592101,0.5,
1983-09-23,USGS-274517082032901,0.09,
1983-07-26,USGS-312119092262201,0.02,
1983-07-26,USGS-311542093002901,0.02,
1983-11-02,USGS-361552090172801,0.01,
1983-06-29,USGS-310035093214101,0.01,
1983-08-30,USGS-465114103233401,0.3,
1983-07-29,USGS-310736092383202,0.02,
1983-08-29,USGS-464633103073301,29.0,
1983-09-15,USGS-423819088090301,0.8,
1983-06-27,USGS-313445092314501,0.2,
1983-06-28,USGS-310043092173501,0.02,
1983-07-13,USGS-341642108484401,0.39,
1983-08-29,USGS-465938103160401,10.0,
1983-06-16,USGS-313723091504201,0.06,
1983-07-21,USGS-311920092260801,0.1,
1983-02-01,USGS-271018082134601,2.1,
1983-02-14,USGS-423956088331901,0.4,
1983-02-15,USGS-423334087551401,0.7,
1983-07-13,USGS-305724091510501,0.01,
1983-07-01,USGS-313241092104101,0.41,
1983-02-23,USGS-362213108340501,0.54,
1983-08-31,USGS-464713103011902,0.4,
1983-06-16,USGS-312527092490301,0.12,
1983-07-11,USGS-302915092510201,1.1,
1983-07-22,USGS-312341092094501,1.0,
1983-09-16,USGS-395048105165303,9.9,
1983-08-29,USGS-464521103162601,12.0,
1983-07-12,USGS-303757092242201,0.09,
1983-08-30,USGS-465746103053101,0.3,
1983-06-23,USGS-425723087591401,0.4,
1983-02-16,USGS-430135088232501,0.4,
1983-06-16,USGS-385538115045701,3.1,
1983-02-16,USGS-430024088064301,0.9,
1983-09-22,USGS-423819088090301,0.8,
1983-08-29,USGS-464800103123900,23.0,
1983-06-16,USGS-312325092401102,0.18,
1983-02-16,USGS-430046088282001,0.5,
1983-08-31,USGS-462906103040101,38.0,
1983-06-28,USGS-311504093200901,0.22,
1984-09-21,USGS-432820109022301,0.7,
1984-12-12,USGS-423423083324001,0.5,
1984-08-09,USGS-343155093220401,0.7,
1984-08-01,USGS-464223103191801,150.0,
1984-08-27,USGS-475529118052301,30.0,
1984-04-12,USGS-03538269,0.23,
1984-09-04,USGS-384221090442501,0.9,
1984-09-06,USGS-383952104405600,12.0,
1984-08-09,USGS-470550103114001,1.5,
1984-09-07,USGS-384738104473801,5.6,
1984-09-12,USGS-384407104434801,7.9,
1984-09-05,USGS-383931090451101,2100.0,
1984-08-28,USGS-310824092490003,0.08,
1984-05-15,USGS-395048105165303,8.9,
1984-11-13,USGS-465846103123701,11000.0,
1984-08-17,USGS-312227092245801,0.28,
1984-08-17,USGS-322856106262701,8.0,
1984-11-08,USGS-463728103160501,140.0,
1984-11-06,USGS-464223103191802,540.0,
1984-08-17,USGS-323906106274301,34.0,
1984-08-02,USGS-310507092235001,0.3,
1984-08-08,USGS-314145092482501,0.4,
1984-02-27,USGS-383508076540702,0.07,
1984-04-13,USGS-03538257,0.8,
1984-09-05,USGS-384142090435301,28.0,
1984-01-18,USGS-464211103182301,5.1,
1984-11-30,USGS-425552083382801,1.8,
1984-07-02,USGS-312830092595701,4.7,
1984-09-10,USGS-384458104442601,3.2,
1984-09-05,USGS-384149090440301,3500.0,
1984-04-24,USGS-465853103132001,20.0,
1984-11-20,USGS-372938103500801,0.5,
1984-09-06,USGS-383932090444801,77.0,
1984-10-09,USGS-350720107523201,6.8,
1984-11-08,USGS-463735103160501,290.0,
1984-08-17,USGS-295247095344701,10.0,
1984-07-25,USGS-311814092204803,0.03,
1984-08-14,USGS-310336092303905,0.07,
1984-09-18,USGS-382829104364901,20.0,
1984-06-28,USGS-440133105211801,3.3,
1984-01-18,USGS-463536103153501,31.0,
1984-09-12,USGS-384610104432401,9.0,
1984-12-10,USGS-415630085032501,0.9,
1984-05-15,USGS-465742103171801,48.0,
1984-11-07,USGS-464226103191301,750.0,
1984-04-24,USGS-465846103123701,13000.0,
1984-07-24,USGS-475529118052301,27.0,
1984-05-17,USGS-465830103133301,2.3,
1984-01-18,USGS-464138103190101,1.9,
1984-08-23,USGS-315501093342101,0.11,
1984-06-27,USGS-440136105204401,3.9,
1984-07-31,USGS-310841092295701,0.02,
1984-08-24,USGS-311749092300002,0.2,
1984-09-07,USGS-384718104463701,13.0,
1984-05-16,USGS-465816103132401,220.0,
1984-11-06,USGS-465739103131401,43.0,
1984-02-29,USGS-470523103094801,15.0,
1984-08-17,USGS-465702103123702,130.0,
1984-02-29,USGS-470404103105501,2.0,
1984-05-17,USGS-465826103132401,6.4,
1984-09-07,USGS-383110104371701,12.0,
1984-11-20,USGS-372403104070601,1.0,
1984-11-07,USGS-465756103134801,21.0,
1984-01-17,USGS-464448103151201,8.3,
1984-08-15,USGS-465753103131001,0.4,
1984-08-28,USGS-314916093285101,0.27,
1984-01-19,USGS-465818103111401,52.0,
1984-06-28,USGS-440113105205401,19.0,
1984-08-30,USGS-323325092382702,0.08,
1984-08-22,USGS-315729093553501,0.07,
1984-06-07,USGS-465816103132901,35.0,
1984-08-13,USGS-310158092151601,0.11,
1984-04-12,USGS-03538261,61.0,
1984-01-18,USGS-463503103134101,15.0,
1984-11-07,USGS-464226103191802,200.0,
1984-08-24,USGS-321137093505901,0.05,
1984-06-20,USGS-310047093140001,0.05,
1984-08-29,USGS-324647091543801,0.3,
1984-05-15,USGS-465749103171804,370.0,
1984-09-12,USGS-384639104461401,11.0,
1984-08-21,USGS-322309106290201,2.1,
1984-09-24,USGS-475529118052301,31.0,
1984-01-19,USGS-465845103142401,6.0,
1984-08-15,USGS-465739103131401,99.0,
1984-01-19,USGS-465603103162801,5.1,
1984-01-19,USGS-465724103112301,80.0,
1984-08-08,USGS-464226103195601,80.0,
1984-08-09,USGS-310316093115101,0.09,
1984-11-21,USGS-373208103490501,6.0,
1984-08-10,USGS-305612092560303,0.09,
1984-09-06,USGS-384113104422001,2.6,
1984-11-13,USGS-465816103123701,930.0,
1984-07-31,USGS-310321092103902,0.3,
1984-05-17,USGS-465816103130501,71.0,
1984-05-15,USGS-465746103171803,330.0,
1984-09-18,USGS-383635104405201,16.0,
1984-09-12,USGS-384610104453501,6.5,
1984-08-15,USGS-465729103123701,470.0,
1984-08-13,USGS-305657092121901,0.08,
1984-06-13,USGS-311505092380304,0.03,
1984-08-21,USGS-322256106282601,3.1,
1984-11-08,USGS-463728103161001,32.0,
1984-08-01,USGS-310117092100201,0.02,
1984-07-25,USGS-464226103191301,820.0,
1984-12-10,USGS-415154084315401,0.5,
1984-08-30,USGS-300559095390701,6.7,
1984-08-16,USGS-463728103160501,160.0,
1984-08-31,USGS-321943093170601,0.09,
1984-08-01,USGS-464223103191802,530.0,
1984-09-10,USGS-384617104455901,8.5,
1984-09-06,USGS-383320104381201,12.0,
1984-08-17,USGS-322801106300801,4.2,
1984-11-08,USGS-463725103155601,16.0,
1984-08-08,USGS-463735103160501,51.0,
1984-08-08,USGS-310216093161601,0.15,
1984-02-29,USGS-470759103101701,0.8,
1984-07-30,USGS-305925092343301,0.1,
1984-07-27,USGS-310043092173502,0.15,
1984-01-19,USGS-465951103120601,230.0,
1984-08-24,USGS-311728092270901,0.06,
1984-08-30,USGS-395048105165303,9.9,
1984-08-21,USGS-322310106293401,6.4,
1984-08-10,USGS-463728103161001,260.0,
1984-08-29,USGS-315544092374601,0.12,
1984-11-20,USGS-372414103525601,0.5,
1984-08-24,USGS-311736092271203,0.08,
1984-08-14,USGS-464226103191802,200.0,
1984-11-13,USGS-465756103123701,650.0,
1984-09-18,USGS-382003104362801,16.0,
1984-05-15,USGS-465742103171401,2.3,
1984-07-25,USGS-312122092194401,0.9,
1984-08-09,USGS-343309093292101,0.5,
1984-08-24,USGS-313906093390301,0.18,
1984-03-29,USGS-405156098173601,24.0,
1984-03-29,USGS-405156098173601,24.0,
1984-05-17,USGS-465833103131901,500.0,
1984-09-04,USGS-384304090441801,190.0,
1984-11-07,USGS-464226103191801,580.0,
1984-07-20,USGS-313848091453003,1.1,
1984-08-21,USGS-322237106282801,0.8,
1984-09-18,USGS-382202104363601,14.0,
1984-08-01,USGS-464226103191801,780.0,
1984-11-26,USGS-475529118052301,24.0,
1984-04-12,USGS-03538259,110.0,
1984-05-15,USGS-465746103171401,2.8,
1984-12-07,USGS-433133086082601,0.4,
1984-09-05,USGS-384148090435601,350.0,
1984-09-05,USGS-384143090435201,26.0,
1984-11-08,USGS-463718103161001,87.0,
1984-12-03,USGS-423532084274001,0.4,
1984-04-24,USGS-465816103123701,860.0,
1984-08-31,USGS-320924092593103,0.16,
1984-08-17,USGS-300108095505401,0.5,
1984-09-07,USGS-383820104411401,6.9,
1984-11-06,USGS-464226103195601,66.0,
1984-08-23,USGS-314651093420002,0.22,
1984-02-29,USGS-470720103170601,34.0,
1984-09-08,USGS-383448104383201,13.0,
1984-04-24,USGS-465756103123701,860.0,
1984-05-17,USGS-465823103130502,5.4,
1984-08-15,USGS-463725103155601,13.0,
1984-08-30,USGS-323639093172001,0.01,
1984-09-10,USGS-384313104431801,6.2,
1984-08-31,USGS-321422092530801,0.08,
1984-08-02,USGS-310627092361002,0.1,
1984-08-28,USGS-294948095373501,0.9,
1984-05-15,USGS-465749103172301,2.9,
1984-05-16,USGS-465823103130503,48.0,
1984-05-17,USGS-465819103131901,11.0,
1984-03-02,USGS-470819103124001,120.0,
1984-01-19,USGS-465937103113801,520.0,
1984-01-17,USGS-464428103174401,1.3,
1984-03-02,USGS-470641103123001,0.8,
1984-12-12,USGS-421322083441301,0.8,
1984-08-02,USGS-310839092392903,0.03,
1984-03-28,USGS-405142098174001,26.0,
1984-03-28,USGS-405142098174001,26.0,
1984-08-16,USGS-312349092425901,0.1,
1984-01-18,USGS-463456103153501,7.7,
1984-11-07,USGS-464223103191801,120.0,
1984-03-02,USGS-470542103134601,30.0,
1984-06-19,USGS-310140093132601,0.23,
1984-02-29,USGS-470628103100701,12.0,
1984-10-18,USGS-443050109064501,2.0,
1984-08-08,USGS-310216093161602,0.14,
1984-06-13,USGS-311435092404501,0.09,
1984-10-22,USGS-475529118052301,25.0,
1984-12-18,USGS-475529118052301,27.0,
1984-08-28,USGS-312933093273602,0.03,
1984-09-18,USGS-382545104352801,15.0,
1984-08-17,USGS-295246095351301,13.0,
1984-03-02,USGS-470456103135601,0.9,
1985-08-28,USGS-383113109281201,1.9,
1985-04-04,USGS-270406082220101,80000.0,
1985-02-28,USGS-392758118365101,291.0,
1985-12-17,USGS-402206074560701,6.6,
1985-09-09,USGS-403456074381501,7.1,
1985-12-18,USGS-402731075003301,1.5,
1985-09-19,USGS-403009074580501,4.1,
1985-03-19,USGS-382404105132001,5540.0,
1985-08-16,USGS-383156109284201,1.4,
1985-09-05,USGS-383344109310001,0.9,
1985-07-26,USGS-402917074521201,6.6,
1985-08-12,USGS-403640074265301,2.6,
1985-02-26,USGS-392208118463801,51.0,
1985-06-19,USGS-403719075314401,0.08,
1985-09-08,USGS-385631109133301,0.5,
1985-08-20,USGS-392208118463802,16.0,
1985-08-02,USGS-07126470,1.0,
1985-08-15,USGS-383534109334001,1.1,
1985-07-31,USGS-402340074455301,29.1,
1985-07-31,USGS-402340074455301,8.0,
1985-02-26,USGS-392208118463802,20.0,
1985-08-20,USGS-392208118464201,55.0,
1985-11-19,USGS-384304090441801,26.0,
1985-09-06,USGS-353016108100401,0.04,
1985-08-16,USGS-402425074583001,0.4,
1985-12-17,USGS-384903109191201,3.6,
1985-09-10,USGS-403555074233501,2.6,
1985-09-10,USGS-403527074222301,6.7,
1985-09-10,USGS-403527074222301,2.0,
1985-09-10,USGS-403545074243301,3.7,
1985-03-20,USGS-382452105131301,0.4,
1985-06-24,USGS-475529118052301,33.0,
1985-07-10,USGS-401947074475001,3.0,
1985-07-16,USGS-402045074364801,1.1,
1985-08-13,USGS-402020074380701,6.2,
1985-07-31,USGS-402314074461101,2.9,
1985-08-18,USGS-385153109232701,20.0,
1985-08-01,USGS-440737085483701,0.45,
1985-03-20,USGS-382457105131501,40.0,
1985-08-27,USGS-401945074373201,8.1,
1985-02-26,USGS-392208118464202,131.0,
1985-03-20,USGS-382438105131401,2850.0,
1985-09-10,USGS-384319090481601,0.7,
1985-12-17,USGS-403040074555201,2.0,
1985-07-02,USGS-404106074171901,3.2,
1985-03-19,USGS-382404105132005,8.6,
1985-03-20,USGS-382453105131201,2.5,
1985-04-29,USGS-475529118052301,35.0,
1985-03-19,USGS-382353105132701,5720.0,
1985-08-20,USGS-392208118464202,130.0,
1985-11-06,USGS-383933090443501,0.4,
1985-03-21,USGS-382453105131202,5.5,
1985-03-21,USGS-382459105125801,3.2,
1985-09-12,USGS-384157090432801,140.0,
1985-02-21,USGS-382521105123201,27.0,
1985-02-19,USGS-382535105132401,15.0,
1985-03-20,USGS-382439105131801,330.0,
1985-08-20,USGS-392208118463801,36.0,
1985-10-08,USGS-401930074490301,5.1,
1985-07-09,USGS-403014074515701,5.2,
1985-03-20,USGS-382445105123401,30.0,
1985-06-10,USGS-384813109304701,0.9,
1985-02-27,USGS-392222118462102,64.0,
1985-10-08,USGS-401817074505001,3.0,
1985-07-18,USGS-403836074500301,0.4,
1985-08-23,USGS-402140074434001,6.4,
1985-09-12,USGS-384204090435601,820.0,
1985-11-24,USGS-384228109454401,1.3,
1985-02-25,USGS-392207118464604,171.0,
1985-03-21,USGS-382445105123402,10.0,
1985-07-17,USGS-401740074440701,8.6,
1985-07-17,USGS-401740074440701,2.7,
1985-08-20,USGS-392207118463601,44.0,
1985-09-10,USGS-384304090441801,140.0,
1985-02-21,USGS-382541105123101,25.0,
1985-02-27,USGS-392828118361201,539.0,
1985-01-28,USGS-475529118052301,35.0,
1985-06-26,USGS-362500115464701,2.3,
1985-02-22,USGS-382540105124201,28.0,
1985-07-17,USGS-401721074441101,8.5,
1985-07-23,USGS-403140075033501,5.8,
1985-07-23,USGS-403140075033501,2.0,
1985-08-19,USGS-392207118464601,550.0,
1985-09-18,USGS-402509074414201,4.5,
1985-11-21,USGS-404046074210401,2.1,
1985-01-23,USGS-463849103161001,2.8,
1985-11-21,USGS-403854074160301,4.7,
1985-09-19,USGS-403030074582101,2.2,
1985-08-29,USGS-401734074470301,3.0,
1985-02-26,USGS-475529118052301,35.0,
1985-08-27,USGS-402008074374001,41.0,
1985-08-16,USGS-402545074591601,7.0,
1985-08-19,USGS-392207118464604,160.0,
1985-03-19,USGS-382404105132002,5450.0,
1985-12-19,USGS-402756075003201,3.4,
1985-07-31,USGS-402334074460801,22.0,
1985-07-31,USGS-402334074460801,6.1,
1985-02-21,USGS-382536105125401,40.0,
1985-12-30,USGS-403737074544001,1.9,
1985-07-11,USGS-402040074463501,3.2,
1985-07-23,USGS-403112075034301,10.1,
1985-09-10,USGS-384346090460501,1.1,
1985-09-10,USGS-403536074222801,11.0,
1985-09-10,USGS-403536074222801,3.2,
1985-07-30,USGS-403259074351801,5.9,
1985-08-19,USGS-383032109274901,3.1,
1985-09-08,USGS-385314109114901,9.9,
1985-07-30,USGS-403304074352701,11.0,
1985-07-30,USGS-403304074352701,3.1,
1985-06-20,USGS-402131074461201,1.6,
1985-07-09,USGS-402951074510401,4.8,
1985-07-09,USGS-402951074510401,2.0,
1985-09-11,USGS-384255090422101,0.7,
1985-02-25,USGS-392207118464601,738.0,
1985-09-11,USGS-384014090453301,0.7,
1985-07-22,USGS-475529118052301,30.0,
1985-07-03,USGS-404027074164401,5.6,
1985-07-10,USGS-402000074465801,2.1,
1985-10-08,USGS-403330074284301,5.3,
1985-08-06,USGS-440342083542802,0.57,
1985-09-11,USGS-384229090433001,0.4,
1985-02-27,USGS-392208118463803,44.0,
1985-02-20,USGS-382531105122201,58.0,
1985-03-19,USGS-382438105131601,3870.0,
1985-05-20,USGS-475529118052301,36.0,
1985-07-24,USGS-403437074333701,4.0,
1985-08-06,USGS-440342083542801,0.43,
1985-02-19,USGS-382553105120501,12.0,
1985-01-23,USGS-463849103174501,3.7,
1985-03-19,USGS-382404105132003,2.6,
1985-07-17,USGS-401740074440702,1.1,
1985-02-19,USGS-382529105130401,20.0,
1985-07-10,USGS-401905074473601,4.8,
1985-07-10,USGS-401905074473601,1.6,
1985-06-19,USGS-401753074483501,1.5,
1985-10-29,USGS-383655109425501,0.7,
1985-07-25,USGS-403021074503101,6.7,
1985-03-21,USGS-475529118052301,37.0,
1985-08-19,USGS-392208118464203,18.0,
1985-11-19,USGS-384301090441701,27.0,
1985-12-12,USGS-425449112324401,1.2,
1985-09-19,USGS-442839083312301,0.14,
1985-08-15,USGS-383228109284101,1.2,
1985-08-29,USGS-445011086031401,0.13,
1985-08-20,USGS-392208118463803,44.0,
1985-02-21,USGS-382506105110801,27.0,
1985-06-27,USGS-362642115553701,0.6,
1985-06-17,USGS-401628074464301,4.4,
1986-08-28,USGS-463514089325001,0.77,
1986-08-29,USGS-415435083342601,0.25,
1986-03-05,USGS-405940073562401,4.2,
1986-03-11,USGS-384248090440801,3.0,
1986-08-01,USGS-384136119323901,1.2,
1986-02-19,USGS-384142090434301,4.5,
1986-12-05,USGS-400837075510701,0.2,
1986-10-29,USGS-465823103125501,83.0,
1986-08-06,USGS-390503119463501,3.0,
1986-08-26,USGS-461500085550001,0.15,
1986-01-29,USGS-383930090445701,47.0,
1986-11-20,USGS-351736107550701,2.5,
1986-05-23,USGS-402630074295902,1.5,
1986-06-27,USGS-402358074455001,0.9,
1986-09-09,USGS-395957075503901,0.7,
1986-04-11,USGS-385909119532801,5.2,
1986-08-26,USGS-385801119421501,3.3,
1986-08-13,USGS-395703075585001,0.5,
1986-10-28,USGS-465819103130502,715.0,
1986-11-18,USGS-385859119554001,18.0,
1986-11-18,USGS-350719107523102,4.6,
1986-01-30,USGS-383927090450001,4.2,
1986-08-27,USGS-472725087543401,0.18,
1986-01-23,USGS-354812117521601,1.8,
1986-01-14,USGS-402024074510301,1.9,
1986-12-01,USGS-351152109241601,23.0,
1986-03-20,USGS-405407074014301,2.9,
1986-11-21,USGS-400708075550601,0.2,
1986-01-28,USGS-383930090450801,14000.0,
1986-09-03,USGS-400935075360401,6.0,
1986-06-18,USGS-384155090440001,6.0,
1986-10-30,USGS-465820103125109,0.7,
1986-11-12,USGS-400329075362201,0.3,
1986-04-24,USGS-385902119571301,36.0,
1986-09-04,USGS-412722083221200,5.8,
1986-06-18,USGS-384152090440501,9.1,
1986-01-28,USGS-383929090451001,4700.0,
1986-11-26,USGS-344545107560801,19.0,
1986-08-20,USGS-474059111442701,14.0,
1986-01-29,USGS-383927090451801,8.9,
1986-08-28,USGS-461346086355201,0.04,
1986-06-10,USGS-390902120090301,1.6,
1986-08-04,USGS-384333119301701,0.68,
1986-01-28,USGS-402829074545601,12.4,
1986-11-15,USGS-400504075290401,0.3,
1986-03-11,USGS-384310090435701,3.8,
1986-04-04,USGS-390604119564201,31.0,
1986-12-04,USGS-395732076060901,0.2,
1986-08-18,USGS-385926119481601,2.7,
1986-12-11,USGS-395251076542801,0.8,
1986-07-24,USGS-402852074300401,2.3,
1986-03-07,USGS-405034074003501,60.0,
1986-12-09,USGS-400155076343201,0.8,
1986-08-20,USGS-474100111564501,18.0,
1986-01-08,USGS-402630074320601,4.8,
1986-09-03,USGS-462926087211001,2.2,
1986-08-19,USGS-401200075354601,1.2,
1986-08-11,USGS-393459118330602,280.0,
1986-06-18,USGS-384146090435401,2.3,
1986-03-11,USGS-410426074083501,2.7,
1986-08-26,USGS-463257088315801,0.79,
1986-09-05,USGS-454757087043001,0.03,
1986-12-05,USGS-351810109055301,20.0,
1986-10-29,USGS-465833103132401,200.0,
1986-07-03,USGS-402207074351301,0.9,
1986-12-31,USGS-400916074560501,0.3,
1986-12-11,USGS-395833076371001,0.4,
1986-06-24,USGS-291655103200101,9.9,
1986-12-03,USGS-351933109041701,22.0,
1986-08-26,USGS-463433085151801,0.1,
1986-03-04,USGS-401817074505002,2.1,
1986-01-29,USGS-383930090450101,5100.0,
1986-12-30,USGS-400443076010101,0.3,
1986-12-08,USGS-395638076080601,0.8,
1986-09-04,USGS-454212087182101,2.7,
1986-01-29,USGS-383928090450401,4500.0,
1986-12-10,USGS-395103076565101,0.4,
1986-06-20,USGS-384304090441801,250.0,
1986-09-04,USGS-455827087402901,0.03,
1986-08-28,USGS-463526089335201,0.67,
1986-02-18,USGS-384140090440101,2.6,
1986-08-12,USGS-392018118444302,310.0,
1986-01-06,USGS-403730074453301,3.2,
1986-01-30,USGS-402530074490901,22.0,
1986-08-11,USGS-393327118304101,1.9,
1986-03-11,USGS-384254090445301,1.8,
1986-03-11,USGS-384254090445301,1.8,
1986-06-17,USGS-384140090440101,1.9,
1986-12-24,USGS-395938076333101,0.2,
1986-10-27,USGS-465836103132401,310.0,
1986-02-12,USGS-403001074305801,5.8,
1986-08-26,USGS-440608085183001,0.26,
1986-12-21,USGS-400814075003401,0.22,
1986-08-26,USGS-391748084393800,0.83,
1986-10-28,USGS-465816103125501,6.9,
1986-06-27,USGS-402217074505001,1.2,
1986-03-05,USGS-405827074010401,4.4,
1986-08-20,USGS-473550111465801,8.8,
1986-03-11,USGS-384252090443501,0.7,
1986-11-13,USGS-395918075500201,0.1,
1986-06-18,USGS-384147090440601,86.0,
1986-08-20,USGS-473826111480501,17.0,
1986-02-05,USGS-403503074154201,3.4,
1986-02-19,USGS-384147090440601,54.0,
1986-11-11,USGS-385857119564201,2.3,
1986-10-28,USGS-465823103130513,65.0,
1986-08-07,USGS-424750106331501,19.0,
1986-02-20,USGS-384207090442601,1.0,
1986-12-03,USGS-395939075583001,0.5,
1986-01-09,USGS-403530074405901,3.9,
1986-06-25,USGS-402150074521801,2.9,
1986-06-27,USGS-402134074542101,16.0,
1986-01-29,USGS-383931090451601,140.0,
1986-12-04,USGS-351157109241701,19.0,
1986-07-09,USGS-401945074373301,6.5,
1986-06-18,USGS-384142090434301,49.0,
1986-12-06,USGS-345329107374001,1.5,
1986-04-21,USGS-355553107562301,28.0,
1986-12-22,USGS-400025076401501,0.37,
1986-12-02,USGS-351224109202401,8.0,
1986-07-23,USGS-402150074360101,0.5,
1986-01-28,USGS-383933090451201,3800.0,
1986-01-28,USGS-402812075025901,16.0,
1986-06-25,USGS-402148074522001,4.1,
1986-07-23,USGS-402026074373001,3.5,
1986-12-04,USGS-351241109193101,10.0,
1986-11-17,USGS-350053107290101,0.83,
1986-06-19,USGS-384154090441101,1.5,
1986-10-28,USGS-465816103125101,5.7,
1986-06-19,USGS-384134090442401,1.4,
1986-02-20,USGS-384154090441101,1.4,
1986-10-30,USGS-465820103130003,200.0,
1986-03-06,USGS-410022074105201,1.2,
1986-06-18,USGS-390157120070501,0.55,
1986-04-11,USGS-385857119555001,0.52,
1986-08-29,USGS-455907087064101,0.24,
1986-12-01,USGS-400359075514601,0.2,
1986-12-23,USGS-395058076501801,0.4,
1986-01-31,USGS-383928090450301,100.0,
1986-09-24,USGS-435308106070801,55.0,
1986-01-31,USGS-402146074533701,11.0,
1986-02-12,USGS-403157074583401,1.0,
1986-10-30,USGS-465823103130504,210.0,
1986-10-13,USGS-440717105202302,49.0,
1986-08-26,USGS-434616085452801,0.06,
1986-08-07,USGS-423707106385101,230.0,
1986-06-24,USGS-391038120090001,0.16,
1986-07-30,USGS-385412119401401,1.2,
1986-11-19,USGS-350925107522801,4.0,
1986-09-08,USGS-400238075320301,1.2,
1986-06-25,USGS-384248090440801,4.0,
1986-08-07,USGS-430102106350901,30.0,
1986-06-10,USGS-390132120072001,0.54,
1986-08-18,USGS-402051075382501,53.0,
1986-08-11,USGS-392941118321401,120.0,
1986-09-05,USGS-452510087365601,0.21,
1986-10-28,USGS-465820103130001,38.0,
1986-08-20,USGS-473242111471701,3.1,
1986-08-27,USGS-390106119424301,0.94,
1986-12-31,USGS-401223074494201,0.3,
1986-01-29,USGS-383932090450701,410.0,
1986-03-12,USGS-405315074173901,1.3,
1986-02-11,USGS-403110074281201,2.2,
1986-10-28,USGS-390112119541201,15.0,
1986-12-03,USGS-351858109031701,38.0,
1986-12-04,USGS-351302109195901,19.0,
1986-02-20,USGS-384134090442401,1.7,
1986-06-27,USGS-402406074454801,1.4,
1986-05-20,USGS-442810083191901,0.2,
1986-09-08,USGS-401259075405501,0.9,
1986-11-20,USGS-352330108093401,4.9,
1986-04-21,USGS-355553107562301,28.0,
1986-12-19,USGS-400908075053701,0.1,
1986-01-30,USGS-383929090451601,25.0,
1986-12-10,USGS-395245076540901,0.8,
1986-06-19,USGS-384206090434101,0.9,
1986-01-31,USGS-383928090450302,3900.0,
1986-07-14,USGS-405125073595501,5.7,
1986-12-04,USGS-351254109194501,16.0,
1986-08-26,USGS-482210107381501,8.2,
1986-03-11,USGS-384314090443301,2.6,
1986-03-11,USGS-384200090442401,1.0,
1986-09-02,USGS-454248087362801,0.04,
1986-10-29,USGS-465833103132402,250.0,
1986-01-31,USGS-402929074562101,0.5,
1986-10-13,USGS-440715105202101,84.0,
1986-11-10,USGS-400046075444001,0.2,
1986-01-30,USGS-383916090452801,0.9,
1986-12-08,USGS-400313076305201,0.5,
1986-11-17,USGS-390347119562501,12.0,
1986-01-29,USGS-402055074552601,2.4,
1986-08-27,USGS-472837087594701,4.2,
1986-06-26,USGS-402130074541401,2.4,
1986-07-28,USGS-402621074300901,0.9,
1986-09-30,USGS-435303106071001,5.8,
1986-02-13,USGS-402341074543601,2.4,
1986-11-10,USGS-400120075414401,0.2,
1986-12-29,USGS-400745075112001,0.2,
1986-10-30,USGS-465820103130008,510.0,
1986-12-30,USGS-395910076014601,0.4,
1986-04-23,USGS-385824119550401,83.0,
1986-12-04,USGS-351254109194501,16.0,
1986-04-09,USGS-385857119564201,2.1,
1986-07-09,USGS-402128074543401,7.2,
1986-11-22,USGS-400340075501201,0.1,
1986-07-02,USGS-402243074475801,1.1,
1986-10-29,USGS-465820103130002,680.0,
1986-06-17,USGS-384149090435201,6.6,
1986-10-29,USGS-465823103125101,2.6,
1986-12-11,USGS-395049076583001,0.9,
1986-01-29,USGS-402909075003201,0.4,
1986-12-21,USGS-400924074553501,0.1,
1986-01-30,USGS-383926090450201,4.0,
1986-09-03,USGS-412451083280200,0.06,
1986-08-18,USGS-390021119504301,1.3,
1986-01-30,USGS-383916090445201,1.1,
1986-11-21,USGS-400621075574701,0.1,
1986-12-23,USGS-395419076464301,0.3,
1986-03-10,USGS-384304090441801,210.0,
1986-12-09,USGS-400023076391901,0.9,
1986-12-03,USGS-400432076005301,0.3,
1986-06-26,USGS-402146074535701,1.1,
1986-08-29,USGS-462904089564101,0.33,
1986-01-31,USGS-403304074473301,2.8,
1986-06-25,USGS-384231090433601,1.0,
1986-08-29,USGS-420019083311201,0.02,
1986-12-04,USGS-351254109194501,20.0,
1986-12-12,USGS-400301076275901,0.9,
1986-08-12,USGS-385255119482301,5.3,
1986-10-28,USGS-465823103130512,21.0,
1986-10-14,USGS-440713105202601,1.9,
1986-12-03,USGS-351047109265001,16.0,
1986-03-12,USGS-384223090445801,1.0,
1986-12-05,USGS-350338109384801,38.0,
1986-01-29,USGS-402131074541901,3.2,
1986-11-18,USGS-345402107295701,0.51,
1986-02-04,USGS-402543074515001,0.7,
1986-11-20,USGS-400301075545101,0.1,
1986-07-08,USGS-402239074542401,0.8,
1986-11-24,USGS-395728075570701,0.2,
1986-12-06,USGS-345757109482001,24.0,
1986-03-11,USGS-384224090442401,1.3,
1986-03-11,USGS-384224090442401,1.3,
1986-12-23,USGS-395516076445201,0.2,
1986-12-05,USGS-350451109383401,9.0,
1986-12-15,USGS-343715107391501,2.9,
1986-12-10,USGS-395236076465501,0.2,
1986-12-01,USGS-351119109255301,16.0,
1986-01-14,USGS-402135074494001,1.3,
1986-11-17,USGS-385813119560401,0.5,
1986-03-05,USGS-405621073574801,16.0,
1986-07-08,USGS-402406074441501,4.8,
1986-12-02,USGS-345850109475001,1.0,
1986-09-05,USGS-422455083255401,0.03,
1986-07-16,USGS-405221073592001,8.8,
1986-08-26,USGS-482131107405501,7.9,
1986-06-25,USGS-384310090435701,1.0,
1986-07-01,USGS-402355074472601,0.9,
1986-08-11,USGS-392758118365102,240.0,
1986-09-04,USGS-400800075343201,1.4,
1986-01-07,USGS-403430074502001,3.1,
1986-12-21,USGS-400841074572201,0.2,
1986-06-24,USGS-390159120072801,0.61,
1986-12-22,USGS-401159075463501,0.2,
1986-12-30,USGS-395920075584501,0.3,
1986-07-18,USGS-405419073580901,1.0,
1986-09-03,USGS-460250087283201,0.22,
1986-07-09,USGS-401949074372801,49.0,
1986-07-09,USGS-402153074520401,6.8,
1986-03-07,USGS-405213074030201,9.4,
1986-03-10,USGS-384231090433601,3.3,
1986-08-27,USGS-455541084441401,0.02,
1986-12-22,USGS-400152076390801,0.2,
1986-12-30,USGS-395607076045601,0.4,
1986-01-29,USGS-383928090450201,4300.0,
1986-03-14,USGS-404614074082201,8.6,
1986-07-08,USGS-402438074431401,3.2,
1986-03-05,USGS-405934073560901,3.6,
1986-02-19,USGS-384206090434101,1.5,
1986-07-15,USGS-405048074002401,14.0,
1986-01-15,USGS-402630074374901,4.1,
1986-12-04,USGS-400534076010901,0.2,
1986-12-05,USGS-400740075523001,0.3,
1986-09-05,USGS-422547083323801,0.03,
1986-03-07,USGS-405316073590401,25.0,
1986-12-09,USGS-400007076320001,0.2,
1987-08-26,USGS-353915097403901,0.4,
1987-08-26,USGS-353915097403901,0.13,
1987-09-01,USGS-413515083304300,0.29,
1987-08-26,USGS-412119083205800,4.5,
1987-09-03,USGS-351212097045601,4.0,
1987-09-03,USGS-351212097045601,0.45,
1987-11-18,USGS-393949119084601,12.0,
1987-07-29,USGS-411943083261300,1.2,
1987-08-27,USGS-411613083193300,0.18,
1987-07-22,USGS-400023076391901,0.8,
1987-10-08,USGS-412928083522000,0.01,
1987-08-27,USGS-462520084212401,2.7,
1987-12-11,USGS-384200090434501,5.2,
1987-07-28,USGS-395817075531301,0.2,
1987-09-17,USGS-352738097191001,0.03,
1987-11-10,USGS-344753099580701,3.4,
1987-06-03,USGS-414314083403100,6.7,
1987-08-05,USGS-411432083385100,0.13,
1987-09-04,USGS-351455096563801,12.0,
1987-09-04,USGS-351455096563801,1.2,
1987-09-23,USGS-354725097030501,1.6,
1987-09-23,USGS-354725097030501,0.22,
1987-07-27,USGS-353223097320501,12.2,
1987-07-27,USGS-353223097320501,1.3,
1987-04-23,USGS-361804114084701,2.1,
1987-12-02,USGS-384155090433401,0.7,
1987-08-17,USGS-353819097254901,5.7,
1987-08-17,USGS-353819097254901,0.7,
1987-09-01,USGS-400224075432701,0.1,
1987-08-04,USGS-412123083512900,0.08,
1987-09-01,USGS-413515083313700,0.12,
1987-10-15,USGS-351729097221301,3.1,
1987-10-15,USGS-351729097221301,0.42,
1987-09-03,USGS-455514086203501,0.27,
1987-08-12,USGS-412950083282500,0.02,
1987-12-10,USGS-384147090440601,94.0,
1987-12-07,USGS-384145090432701,9.5,
1987-08-11,USGS-454103087081001,0.08,
1987-08-12,USGS-400419075342001,6.6,
1987-08-12,USGS-400927075335801,11.0,
1987-10-21,USGS-400238075535301,0.1,
1987-11-20,USGS-344445099370001,7.4,
1987-08-27,USGS-352236096551001,2.7,
1987-08-27,USGS-352236096551001,0.33,
1987-07-14,USGS-413915083144200,0.07,
1987-08-04,USGS-411216083470300,0.3,
1987-11-20,USGS-345254099370301,2.9,
1987-12-08,USGS-384134090434801,2.2,
1987-07-31,USGS-411706083455600,0.18,
1987-10-14,USGS-414109083265300,0.47,
1987-09-02,USGS-413629083304400,0.49,
1987-08-04,USGS-351926097293001,20.1,
1987-08-04,USGS-351926097293001,2.9,
1987-08-26,USGS-472131088083901,0.842,
1987-04-27,USGS-361428114062201,15.4,
1987-06-16,USGS-342542099434802,1.4,
1987-09-04,USGS-400206075533601,0.1,
1987-11-20,USGS-344445099370001,9.1,
1987-06-25,USGS-413436083441300,0.56,
1987-08-27,USGS-411729083061700,0.16,
1987-06-22,USGS-414128083314800,0.18,
1987-10-06,USGS-414142083290400,0.03,
1987-08-24,USGS-352830097100301,6.9,
1987-08-24,USGS-352830097100301,0.75,
1987-12-07,USGS-384140090440101,2.0,
1987-12-02,USGS-384155090432701,0.8,
1987-08-18,USGS-411722082540200,0.23,
1987-08-18,USGS-412123083012000,0.14,
1987-08-20,USGS-353324097173701,1.2,
1987-08-20,USGS-353324097173701,0.21,
1987-12-08,USGS-384150090440501,2.1,
1987-07-08,USGS-400549075584101,0.1,
1987-12-11,USGS-384104090435501,0.7,
1987-08-26,USGS-412118083231400,0.09,
1987-07-31,USGS-351648097285101,11.1,
1987-07-31,USGS-351648097285101,1.8,
1987-09-04,USGS-400207075533701,0.1,
1987-04-23,USGS-361658118112501,16.0,
1987-12-04,USGS-384151090434401,2.7,
1987-08-31,USGS-400148075430101,1.7,
1987-04-26,USGS-354337114490901,15.6,
1987-10-13,USGS-414138083265000,0.25,
1987-08-05,USGS-353013097373301,24.6,
1987-08-05,USGS-353013097373301,3.4,
1987-08-26,USGS-412249083191400,1.0,
1987-08-20,USGS-411806082554800,5.8,
1987-10-22,USGS-400037075550201,0.1,
1987-05-29,USGS-400614075415401,0.3,
1987-10-02,USGS-351106097155201,10.8,
1987-10-02,USGS-351106097155201,1.1,
1987-12-02,USGS-384158090433301,2.4,
1987-08-27,USGS-471107088315601,0.124,
1987-09-01,USGS-352527097380501,8.6,
1987-09-01,USGS-352527097380501,0.9,
1987-09-01,USGS-462117087131001,1.1,
1987-09-01,USGS-443921085213501,0.12,
1987-12-17,USGS-384304090441801,77.0,
1987-12-02,USGS-384158090433001,1.3,
1987-07-22,USGS-411209083273500,0.9,
1987-08-19,USGS-354817097281101,0.8,
1987-08-19,USGS-354817097281101,0.15,
1987-08-06,USGS-352605097375701,51.4,
1987-08-06,USGS-352605097375701,6.9,
1987-07-08,USGS-413049083483800,3.6,
1987-09-02,USGS-463042087581901,2.7,
1987-08-06,USGS-412048083085500,24.0,
1987-08-13,USGS-400947075335001,0.6,
1987-12-03,USGS-384208090435001,1.7,
1987-07-22,USGS-411616083251900,0.08,
1987-08-20,USGS-463630090195101,1.94,
1987-06-16,USGS-414024083435500,0.09,
1987-08-18,USGS-401050075402401,4.3,
1987-08-31,USGS-395251075581501,0.5,
1987-08-05,USGS-411644082511600,1.2,
1987-09-02,USGS-413542083282700,0.22,
1987-07-16,USGS-413345083371500,0.16,
1987-08-26,USGS-460050085003501,0.31,
1987-12-03,USGS-384206090435301,1.3,
1987-08-13,USGS-412537083040100,0.09,
1987-08-17,USGS-411755083111000,0.3,
1987-07-01,USGS-400755075103301,0.1,
1987-12-09,USGS-384207090442601,0.7,
1987-08-13,USGS-412726083283100,0.31,
1987-12-03,USGS-384205090440201,2.4,
1987-08-12,USGS-412805083211400,3.5,
1987-09-02,USGS-353411097374501,91.9,
1987-09-02,USGS-353411097374501,9.2,
1987-08-27,USGS-412120083172400,16.0,
1987-07-29,USGS-395750075530201,2.4,
1987-09-04,USGS-454159086552001,0.27,
1987-12-07,USGS-384135090435301,2.3,
1987-11-17,USGS-393533119080701,8.3,
1987-05-22,USGS-400417075341101,0.2,
1987-08-05,USGS-400300075523701,0.4,
1987-07-22,USGS-400020076391201,0.1,
1987-08-11,USGS-412605082574900,0.2,
1987-12-08,USGS-384154090441201,0.9,
1987-08-28,USGS-400507075290701,1.1,
1987-04-22,USGS-362735114154501,14.4,
1987-08-06,USGS-412103083272200,0.48,
1987-12-07,USGS-384344090435101,8.7,
1987-08-13,USGS-401004075362501,1.7,
1987-08-14,USGS-411632082580300,0.05,
1987-04-27,USGS-361448114055201,40.0,
1987-10-08,USGS-412930083440600,0.09,
1987-08-03,USGS-412140083352700,0.3,
1987-08-18,USGS-412420083081600,0.42,
1987-08-28,USGS-453540087324301,0.111,
1987-11-10,USGS-345320099543601,7.8,
1987-06-04,USGS-414242083395100,0.99,
1987-08-20,USGS-412143083053500,0.39,
1987-12-08,USGS-384101090432201,390.0,
1987-12-01,USGS-384149090432501,1.4,
1987-04-23,USGS-361545114173301,3.2,
1987-07-13,USGS-395936075582301,0.3,
1987-06-10,USGS-414317083424100,0.14,
1987-08-12,USGS-411911083165100,0.5,
1987-08-14,USGS-353819097305101,6.6,
1987-08-14,USGS-353819097305101,0.78,
1987-11-18,USGS-393851119100801,2.1,
1987-09-03,USGS-395100075503101,0.2,
1987-06-17,USGS-413942083364400,0.02,
1987-01-09,USGS-400703075150801,0.4,
1987-12-08,USGS-384154090441101,0.6,
1987-07-28,USGS-395808075530301,0.1,
1987-08-19,USGS-412505082512400,0.35,
1987-07-02,USGS-400224075405501,0.1,
1987-09-01,USGS-400232075410701,0.1,
1987-07-16,USGS-400221075530401,0.1,
1987-12-11,USGS-384203090433901,2.6,
1987-12-10,USGS-384149090435201,1.0,
1987-09-25,USGS-354105097332401,14.1,
1987-09-25,USGS-354105097332401,1.5,
1987-09-15,USGS-353040097000901,0.9,
1987-09-15,USGS-353040097000901,0.15,
1987-08-25,USGS-412449083130400,0.06,
1987-01-08,USGS-400701075135301,0.4,
1987-07-28,USGS-411911083285300,0.25,
1987-07-27,USGS-412735083460800,0.29,
1987-12-10,USGS-384029090433201,0.6,
1987-10-07,USGS-414135083445100,1.6,
1987-12-01,USGS-384152090432901,1.3,
1987-08-11,USGS-352749097192301,1.0,
1987-08-11,USGS-352749097192301,0.3,
1987-06-25,USGS-412633083482400,1.2,
1987-07-29,USGS-351409097231801,8.5,
1987-07-29,USGS-351409097231801,1.4,
1987-08-12,USGS-400930075321201,1.6,
1987-12-16,USGS-384206090434101,0.7,
1987-04-23,USGS-362056114074501,3.6,
1987-09-21,USGS-354631097215501,0.4,
1987-09-21,USGS-354631097215501,0.09,
1987-12-04,USGS-384205090433401,1.2,
1987-01-13,USGS-400647075171701,0.4,
1987-07-07,USGS-413003083441300,0.18,
1987-07-13,USGS-395937075581701,0.2,
1987-10-22,USGS-351729097221302,10.6,
1987-10-22,USGS-351729097221302,1.2,
1987-08-18,USGS-411757082504300,0.44,
1987-08-17,USGS-400928075345501,8.6,
1987-09-02,USGS-400338075514401,0.2,
1987-11-17,USGS-393547119095801,4.3,
1987-11-20,USGS-345254099370301,4.7,
1987-09-02,USGS-400227075522901,0.6,
1987-11-18,USGS-393459119095601,4.1,
1987-10-14,USGS-413725083261600,0.48,
1987-12-03,USGS-384201090440201,2.5,
1987-06-03,USGS-414133083424800,0.09,
1987-08-11,USGS-455544086575801,0.01,
1987-08-12,USGS-460427087515601,0.779,
1987-09-01,USGS-345039099544401,1.8,
1987-08-10,USGS-352518097270601,1.5,
1987-08-10,USGS-352518097270601,0.41,
1987-09-04,USGS-400016075521101,0.1,
1987-08-26,USGS-411654083213400,0.74,
1987-07-28,USGS-413026083420800,0.28,
1987-09-03,USGS-413608083255500,0.54,
1987-10-23,USGS-400329075362201,0.9,
1987-08-21,USGS-354633097030801,82.3,
1987-08-21,USGS-354633097030801,7.9,
1987-08-14,USGS-411551083030900,0.16,
1987-12-16,USGS-384039090442301,0.5,
1987-10-23,USGS-400332075361501,0.1,
1987-09-02,USGS-400315075523001,0.1,
1987-08-10,USGS-455019086395601,0.208,
1987-05-07,USGS-401223074494201,0.4,
1987-09-05,USGS-400320075355301,0.1,
1987-07-15,USGS-414032083274600,0.2,
1987-11-17,USGS-393610119100401,41.0,
1987-09-02,USGS-460357087350301,0.03,
1987-06-05,USGS-400854075501701,0.1,
1987-08-13,USGS-412340083011400,0.2,
1987-08-27,USGS-460338085505901,0.385,
1987-08-21,USGS-401253075395201,0.2,
1987-08-13,USGS-400954075354501,1.4,
1987-08-14,USGS-413025083374000,0.05,
1987-12-17,USGS-384155090440001,5.1,
1987-08-12,USGS-392730118463803,14.0,
1987-07-23,USGS-413830083293800,0.09,
1987-12-09,USGS-384142090434301,35.0,
1987-08-20,USGS-401032075394701,0.2,
1987-08-31,USGS-354007097395401,10.8,
1987-08-31,USGS-354007097395401,1.1,
1987-08-28,USGS-352550097055401,31.4,
1987-08-28,USGS-352550097055401,3.3,
1987-12-09,USGS-384039090430901,200.0,
1987-11-11,USGS-343042099474701,8.8,
1987-08-05,USGS-411945083410600,0.19,
1987-10-07,USGS-351817097155201,0.5,
1987-10-07,USGS-351817097155201,0.11,
1987-08-13,USGS-412409083110200,3.4,
1987-06-03,USGS-400338075352701,0.2,
1987-08-11,USGS-412839083352000,1.0,
1987-09-08,USGS-351611097042001,0.9,
1987-09-08,USGS-351611097042001,0.15,
1987-08-20,USGS-411935082560300,0.15,
1987-08-25,USGS-412537083181100,1.6,
1987-08-19,USGS-465002089321601,3.88,
1987-08-19,USGS-412026082505000,2.4,
1987-08-28,USGS-401246075381001,1.6,
1987-08-04,USGS-413219083334300,1.4,
1987-08-06,USGS-352145097345901,11.2,
1987-08-06,USGS-352145097345901,1.7,
1987-08-11,USGS-413055083254300,0.03,
1987-07-31,USGS-351314097254701,57.0,
1987-07-31,USGS-351314097254701,7.5,
1987-07-23,USGS-413743083112300,0.13,
1987-09-02,USGS-412356083212600,0.23,
1987-08-12,USGS-413147083275800,0.03,
1987-08-18,USGS-400911075360401,0.1,
1987-08-25,USGS-353947097111501,19.9,
1987-08-25,USGS-353947097111501,2.4,
1987-08-13,USGS-452407087213601,0.04,
1987-08-03,USGS-411337083503800,0.66,
1987-08-21,USGS-462954090033701,0.156,
1987-08-03,USGS-351414097293901,94.3,
1987-08-03,USGS-351414097293901,12.0,
1987-07-07,USGS-414019083261400,0.13,
1987-11-17,USGS-393949119084601,4.3,
1987-07-22,USGS-411429083362200,0.16,
1987-08-31,USGS-460549085414601,0.57,
1987-09-11,USGS-351106097155202,5.8,
1987-09-11,USGS-351106097155202,0.6,
1987-08-07,USGS-402143074535901,1.8,
1987-07-23,USGS-400039076412401,0.2,
1987-05-08,USGS-400535075284701,0.2,
1987-04-26,USGS-354240114504301,0.1,
1988-05-11,USGS-391031119462301,19.0,
1988-12-16,USGS-394332074574001,0.03,
1988-08-18,USGS-390852119454601,1.2,
1988-06-14,USGS-384310090435701,4.2,
1988-09-08,USGS-390938119480001,1.6,
1988-09-08,USGS-384259090442701,4.0,
1988-05-31,USGS-450850083393401,0.09,
1988-09-19,USGS-393934075103301,0.62,
1988-08-16,USGS-400005075541501,1.0,
1988-07-22,USGS-414035073262201,61.0,
1988-08-03,USGS-393003118402001,40.0,
1988-08-19,USGS-384310090435701,3.0,
1988-12-14,USGS-384248090440801,6.0,
1988-04-06,USGS-384255090422101,0.7,
1988-04-12,USGS-353223097320501,11.3,
1988-04-12,USGS-353223097320501,1.2,
1988-09-06,USGS-400457075300201,0.17,
1988-09-06,USGS-385744119423901,2.0,
1988-02-25,USGS-334836106520001,0.9,
1988-07-13,USGS-392327118425401,660.0,
1988-09-14,USGS-393851119100801,0.5,
1988-08-10,USGS-385345119445101,6.1,
1988-06-16,USGS-384130090444101,1.5,
1988-12-13,USGS-440530103190101,2.0,
1988-09-01,USGS-462043085572601,0.01,
1988-07-06,USGS-385842119465601,21.0,
1988-09-08,USGS-415444072243301,4.0,
1988-05-26,USGS-354606097315601,0.9,
1988-05-26,USGS-354606097315601,0.18,
1988-06-16,USGS-395914075553801,0.01,
1988-09-06,USGS-415652072010001,47.0,
1988-08-13,USGS-395618076014701,0.58,
1988-08-17,USGS-455123087081601,0.03,
1988-05-18,USGS-354605097185901,5.1,
1988-05-18,USGS-354605097185901,0.67,
1988-08-08,USGS-400334076280101,0.03,
1988-08-15,USGS-391234119464001,14.0,
1988-12-16,USGS-394248074571001,0.01,
1988-12-02,USGS-392921075142001,0.01,
1988-11-15,USGS-412536071481401,2.0,
1988-03-23,USGS-384248090440801,2.0,
1988-06-21,USGS-392829118520001,2.3,
1988-06-07,USGS-431330083504501,0.258,
1988-08-26,USGS-400105075534801,0.32,
1988-09-02,USGS-400605075575501,0.01,
1988-12-08,USGS-392724075123603,0.09,
1988-11-17,USGS-353145097263801,0.7,
1988-11-17,USGS-353145097263801,0.22,
1988-08-23,USGS-475529118052201,10.0,
1988-08-23,USGS-475529118052301,15.0,
1988-04-20,USGS-355118097250001,109.0,
1988-04-20,USGS-355118097250001,130.0,
1988-04-20,USGS-355118097250001,12.0,
1988-04-20,USGS-355118097250001,36.0,
1988-06-15,USGS-384252090443501,0.6,
1988-09-03,USGS-401920075015801,0.14,
1988-07-05,USGS-350003097090101,0.04,
1988-08-30,USGS-414452073021001,0.4,
1988-11-15,USGS-412244072243801,8.0,
1988-04-25,USGS-351236097262801,33.2,
1988-04-25,USGS-351236097262801,3.7,
1988-12-01,USGS-440019103181801,2.0,
1988-03-22,USGS-384223090445801,1.1,
1988-04-14,USGS-353532097285601,4.3,
1988-04-14,USGS-353532097285601,0.54,
1988-09-13,USGS-393547119095801,4.8,
1988-12-02,USGS-394414075001601,0.19,
1988-08-11,USGS-390743119463101,5.9,
1988-06-07,USGS-351617097072801,2.9,
1988-06-07,USGS-351617097072801,0.4,
1988-11-03,USGS-354208097330201,14.0,
1988-11-03,USGS-354208097330201,4.1,
1988-11-03,USGS-354208097330201,0.56,
1988-09-20,USGS-394130075092101,0.21,
1988-12-01,USGS-391519119351701,4.1,
1988-09-08,USGS-384352090435101,2.0,
1988-10-05,USGS-415706072161301,7.0,
1988-06-16,USGS-385626119375201,3.6,
1988-06-15,USGS-384223090445801,1.8,
1988-05-24,USGS-353236097072801,0.07,
1988-12-14,USGS-384310090435701,2.0,
1988-11-07,USGS-352927097335801,7.3,
1988-11-07,USGS-352927097335801,1.3,
1988-09-22,USGS-394258075083601,0.04,
1988-04-28,USGS-351455096563801,10.7,
1988-04-28,USGS-351455096563801,1.3,
1988-11-04,USGS-354208097330201,7.0,
1988-11-04,USGS-354208097330201,14.0,
1988-11-04,USGS-354208097330201,1.2,
1988-12-14,USGS-393648118325101,210.0,
1988-08-08,USGS-395637076084301,0.02,
1988-06-27,USGS-400118075383201,0.56,
1988-08-16,USGS-405217074052301,90.0,
1988-06-15,USGS-384254090445301,1.3,
1988-06-01,USGS-440208083522601,0.039,
1988-09-28,USGS-394026075050401,0.04,
1988-08-30,USGS-390917119430701,1.5,
1988-07-12,USGS-392642118470901,8.2,
1988-09-12,USGS-393526119100302,3.5,
1988-05-25,USGS-391133119461701,25.0,
1988-09-02,USGS-391104119454801,37.0,
1988-06-14,USGS-351411096590001,3.1,
1988-06-14,USGS-351411096590001,0.42,
1988-07-06,USGS-354637097030801,134.0,
1988-07-06,USGS-354637097030801,14.0,
1988-07-27,USGS-402047075384801,4.4,
1988-09-01,USGS-400547075582001,0.02,
1988-07-21,USGS-415426073183201,5.0,
1988-06-08,USGS-390949119421501,2.7,
1988-08-17,USGS-375814101153701,16.0,
1988-12-09,USGS-384231090433601,2.0,
1988-06-02,USGS-352326097044801,1.1,
1988-06-02,USGS-352326097044801,0.19,
1988-06-08,USGS-350203097072201,0.5,
1988-06-08,USGS-350203097072201,0.14,
1988-04-06,USGS-384352090435101,1.4,
1988-04-05,USGS-354654097030801,103.0,
1988-04-05,USGS-354654097030801,11.0,
1988-09-13,USGS-393526119100401,7.9,
1988-08-03,USGS-395753076071201,0.01,
1988-05-24,USGS-475530118052301,3.3,
1988-06-20,USGS-355544097082301,2.9,
1988-06-20,USGS-355544097082301,0.4,
1988-08-09,USGS-400053076392401,0.01,
1988-06-21,USGS-392902118353201,610.0,
1988-05-25,USGS-422646084204001,0.408,
1988-05-24,USGS-390809119454401,2.7,
1988-12-02,USGS-331914081242801,4.0,
1988-12-02,USGS-353008097310701,1.5,
1988-12-02,USGS-353008097310701,0.27,
1988-07-05,USGS-350001097130101,0.5,
1988-07-05,USGS-350001097130101,0.13,
1988-09-06,USGS-400510075292501,0.01,
1988-08-30,USGS-391123119435301,56.0,
1988-08-24,USGS-415130072044101,35.0,
1988-08-27,USGS-400544075584501,0.04,
1988-08-30,USGS-400236075544001,0.03,
1988-12-02,USGS-392241074493301,0.05,
1988-09-08,USGS-394021075082701,0.02,
1988-08-01,USGS-390833119480001,2.5,
1988-06-14,USGS-384248090440801,2.5,
1988-04-12,USGS-354844097004501,1.5,
1988-04-12,USGS-354844097004501,12.4,
1988-06-27,USGS-353244097255801,0.9,
1988-06-27,USGS-353244097255801,0.21,
1988-03-23,USGS-384254090445301,1.2,
1988-08-19,USGS-384314090443301,2.0,
1988-11-21,USGS-353310097264601,0.5,
1988-11-21,USGS-353310097264601,0.15,
1988-06-09,USGS-350003097003301,109.0,
1988-06-09,USGS-350003097003301,12.0,
1988-07-19,USGS-413428073255901,3.0,
1988-11-16,USGS-331209081344001,4.6,
1988-06-16,USGS-384255090422101,0.6,
1988-04-21,USGS-355118097250001,66.0,
1988-04-21,USGS-355118097250001,49.0,
1988-04-21,USGS-355118097250001,10.0,
1988-04-20,USGS-350101097125401,10.9,
1988-04-20,USGS-350101097125401,1.3,
1988-08-12,USGS-405241074041301,9.1,
1988-12-03,USGS-331037081184301,1.5,
1988-11-23,USGS-353055097352201,0.08,
1988-07-07,USGS-355141097201401,5.4,
1988-07-07,USGS-355141097201401,0.63,
1988-11-30,USGS-392850075010301,0.02,
1988-09-07,USGS-400207076372401,0.03,
1988-11-09,USGS-352509097310101,3.4,
1988-11-09,USGS-352509097310101,0.56,
1988-08-11,USGS-390647119500501,1.2,
1988-08-23,USGS-412900072054001,2.0,
1988-08-19,USGS-465017088125601,6.7,
1988-07-06,USGS-351142096580101,42.0,
1988-07-06,USGS-351142096580101,43.0,
1988-07-06,USGS-351142096580101,4.6,
1988-03-24,USGS-384130090444101,1.1,
1988-07-12,USGS-354143096564301,38.6,
1988-07-12,USGS-354143096564301,4.3,
1988-12-01,USGS-333230081290501,5.4,
1988-11-15,USGS-352905097310201,2.1,
1988-11-15,USGS-352905097310201,0.68,
1988-12-01,USGS-391417119351801,7.9,
1988-12-15,USGS-393624118294101,1500.0,
1988-08-16,USGS-395920075575501,0.1,
1988-08-10,USGS-395236076543901,0.01,
1988-10-03,USGS-345321108521101,2.4,
1988-06-20,USGS-355444097071301,3.4,
1988-06-20,USGS-355444097071301,0.44,
1988-09-14,USGS-393949119084601,4.1,
1988-07-07,USGS-385125119452801,0.5,
1988-06-16,USGS-384352090435101,1.3,
1988-09-09,USGS-400348075351501,0.1,
1988-12-15,USGS-392959075072901,0.19,
1988-06-29,USGS-423735084482801,0.01,
1988-11-30,USGS-384110090425401,1.0,
1988-08-10,USGS-385654119431801,3.0,
1988-06-22,USGS-392842118425401,17.0,
1988-08-17,USGS-390652119455401,4.3,
1988-11-01,USGS-353219097295801,6.0,
1988-11-01,USGS-353219097295801,1.0,
1988-04-13,USGS-354506097263601,0.21,
1988-04-13,USGS-354506097263601,1.1,
1988-12-09,USGS-392238075042001,0.02,
1988-06-29,USGS-410733073320701,2.0,
1988-06-21,USGS-354203097114301,0.06,
1988-11-07,USGS-353115097345501,47.9,
1988-11-07,USGS-353115097345501,6.7,
1988-07-25,USGS-414534073161101,4.0,
1988-06-30,USGS-431127083504001,0.06,
1988-07-13,USGS-392458118444801,33.0,
1988-08-10,USGS-414008072343001,34.0,
1988-06-09,USGS-345908096593101,0.2,
1988-06-09,USGS-345908096593101,0.09,
1988-06-17,USGS-352142097103501,2.2,
1988-06-17,USGS-352142097103501,3.0,
1988-06-17,USGS-352142097103501,0.34,
1988-06-15,USGS-353351096574601,217.0,
1988-06-15,USGS-353351096574601,25.0,
1988-11-16,USGS-331209081344003,3.0,
1988-08-24,USGS-454729087565101,0.31,
1988-06-01,USGS-351912097193601,0.5,
1988-06-01,USGS-351912097193601,0.17,
1988-09-20,USGS-393633075063001,0.02,
1988-11-03,USGS-353042097313801,62.4,
1988-11-03,USGS-353042097313801,7.9,
1988-08-24,USGS-391058119424602,0.5,
1988-12-01,USGS-384117090461901,13.0,
1988-05-11,USGS-354008097190901,79.5,
1988-05-11,USGS-354008097190901,9.3,
1988-11-16,USGS-352740097275301,0.9,
1988-11-16,USGS-352740097275301,0.35,
1988-08-12,USGS-451154087361601,0.02,
1988-09-06,USGS-415637072010101,62.0,
1988-09-30,USGS-394246075015101,0.16,
1988-04-11,USGS-353909097304501,3.7,
1988-04-11,USGS-353909097304501,2.8,
1988-12-02,USGS-392953075131301,0.19,
1988-06-21,USGS-432438086090077,0.17,
1988-08-26,USGS-423536106392401,91.0,
1988-09-29,USGS-394114074590801,0.01,
1988-11-30,USGS-392432075013301,0.01,
1988-08-17,USGS-375902101081901,28.0,
1988-06-13,USGS-350610096555001,5.6,
1988-06-13,USGS-350610096555001,0.66,
1988-08-25,USGS-461144086580901,0.11,
1988-07-05,USGS-415413072444401,1.0,
1988-06-07,USGS-431330083504502,0.402,
1988-06-23,USGS-391605119313401,1.6,
1988-07-26,USGS-391808119120701,28.0,
1988-12-06,USGS-392641075132901,0.04,
1988-12-15,USGS-393651118325701,190.0,
1988-07-19,USGS-413800073270001,2.0,
1988-11-02,USGS-354208097330201,5.5,
1988-11-02,USGS-354208097330201,5.0,
1988-11-02,USGS-354208097330201,0.81,
1988-12-18,USGS-331511081402105,2.3,
1988-06-27,USGS-423737084483702,0.03,
1988-06-24,USGS-400008075401001,0.8,
1988-12-06,USGS-440003103185001,2.0,
1988-08-26,USGS-393523074591201,0.02,
1988-07-11,USGS-351118097114901,0.05,
1988-06-13,USGS-390045119453801,0.8,
1988-05-05,USGS-390232119443201,4.5,
1988-08-02,USGS-415624073212801,3.0,
1988-05-17,USGS-355058097233001,7.1,
1988-05-17,USGS-355058097233001,0.9,
1988-06-21,USGS-352142097103501,0.6,
1988-06-21,USGS-352142097103501,0.14,
1988-07-08,USGS-410831073355301,3.0,
1988-08-12,USGS-391224119472101,38.0,
1988-11-10,USGS-352520097280601,2.1,
1988-11-10,USGS-352520097280601,12.5,
1988-12-07,USGS-331446081365807,2.7,
1988-08-23,USGS-400507075292401,0.07,
1988-08-17,USGS-375719101453001,4.5,
1988-11-03,USGS-353109097322401,8.2,
1988-11-03,USGS-353109097322401,1.2,
1988-11-19,USGS-331255081372703,1.8,
1988-09-07,USGS-400025076401001,0.43,
1988-08-10,USGS-395235076473701,0.01,
1988-12-20,USGS-435850103193001,3.0,
1988-12-08,USGS-392450075153901,0.04,
1988-09-01,USGS-400238075535601,0.04,
1988-09-12,USGS-393507119100301,7.2,
1988-06-02,USGS-352327097040101,0.7,
1988-06-02,USGS-352327097040101,0.15,
1988-08-23,USGS-475530118052301,11.0,
1988-08-24,USGS-384014090453301,1.0,
1988-05-03,USGS-390542119472001,2.9,
1988-05-08,USGS-354447097042001,86.0,
1988-05-08,USGS-354447097042001,19.0,
1988-11-21,USGS-353600097264001,0.7,
1988-11-21,USGS-353600097264001,0.16,
1988-08-03,USGS-395718076064401,0.31,
1988-07-06,USGS-351142096580101,44.0,
1988-07-06,USGS-351142096580101,36.0,
1988-07-06,USGS-351142096580101,4.8,
1988-07-25,USGS-385554119461401,0.8,
1988-11-20,USGS-331238081392601,1.3,
1988-07-21,USGS-385621119444501,5.7,
1988-07-18,USGS-420142073175401,4.0,
1988-04-30,USGS-454411122424601,1.0,
1988-09-02,USGS-384344090452201,1.0,
1988-11-30,USGS-393208075024501,0.06,
1988-11-30,USGS-393208075024501,0.01,
1988-11-03,USGS-353051097322001,66.8,
1988-11-03,USGS-353051097322001,8.7,
1988-04-13,USGS-354514097222101,2.2,
1988-04-13,USGS-354514097222101,0.33,
1988-10-04,USGS-413348072353001,13.0,
1988-08-22,USGS-461115087445001,0.26,
1988-11-07,USGS-354208097330201,6.9,
1988-11-07,USGS-354208097330201,6.0,
1988-11-07,USGS-354208097330201,1.3,
1988-11-10,USGS-352749097314101,0.8,
1988-11-10,USGS-352749097314101,0.26,
1988-08-17,USGS-400654075554601,0.06,
1988-12-14,USGS-393641118323401,110.0,
1988-12-20,USGS-392904075135701,0.1,
1988-09-08,USGS-384255090422101,0.0,
1988-11-30,USGS-352535097303301,2.2,
1988-11-30,USGS-352535097303301,0.38,
1988-08-11,USGS-395926076332301,0.01,
1988-07-14,USGS-352351096544001,36.5,
1988-07-14,USGS-352351096544001,4.1,
1988-12-05,USGS-392144119223401,1.9,
1988-05-09,USGS-353324097173701,1.5,
1988-05-09,USGS-353324097173701,0.22,
1988-11-20,USGS-331239081392704,3.0,
1988-12-15,USGS-393705118292401,800.0,
1988-08-10,USGS-395123076565601,0.09,
1988-04-25,USGS-351219097262301,60.8,
1988-04-25,USGS-351219097262301,7.1,
1988-12-20,USGS-392909075130801,0.2,
1988-08-08,USGS-400245076322501,0.01,
1988-08-17,USGS-400435076012701,0.04,
1988-08-05,USGS-395922075583601,0.11,
1988-06-22,USGS-412633073242801,14.0,
1988-05-11,USGS-354418097013501,40.0,
1988-05-11,USGS-354418097013501,32.0,
1988-05-11,USGS-354418097013501,4.6,
1988-05-11,USGS-354418097013501,10.0,
1988-05-24,USGS-354012097231001,0.6,
1988-05-24,USGS-354012097231001,1.0,
1988-05-24,USGS-354012097231001,0.13,
1988-11-08,USGS-354208097330201,5.3,
1988-11-08,USGS-354208097330201,5.0,
1988-11-08,USGS-354208097330201,0.82,
1988-08-23,USGS-385522119481301,5.5,
1988-07-28,USGS-420143073052001,2.0,
1988-04-30,USGS-454411122424601,1.0,
1988-06-30,USGS-420056072424001,2.0,
1988-06-07,USGS-351624097082401,1.0,
1988-06-07,USGS-351624097082401,0.2,
1988-08-10,USGS-472542088141301,0.2,
1988-08-15,USGS-400416076001801,0.13,
1988-11-01,USGS-353210097282401,2.8,
1988-11-01,USGS-353210097282401,0.49,
1988-08-09,USGS-400233076370801,0.01,
1988-08-15,USGS-390655119463101,2.8,
1988-08-15,USGS-412622071490301,4.0,
1988-12-07,USGS-392437075130501,0.02,
1988-08-09,USGS-390000119454101,6.4,
1988-08-13,USGS-395809076073201,0.15,
1988-11-23,USGS-393515075105301,0.14,
1988-07-12,USGS-353539097243901,0.04,
1988-08-23,USGS-400010075565001,0.03,
1988-05-24,USGS-354012097231001,0.8,
1988-05-24,USGS-354012097231001,0.16,
1988-08-25,USGS-394227075052201,0.04,
1988-08-25,USGS-391014119450701,30.0,
1988-03-23,USGS-384310090435701,4.0,
1988-09-13,USGS-393558119095801,4.6,
1988-11-30,USGS-332616081462001,2.4,
1988-04-26,USGS-352749097192301,1.0,
1988-04-26,USGS-352749097192301,0.18,
1988-08-12,USGS-405241074041301,0.6,
1988-11-30,USGS-384113090405701,1.0,
1988-12-14,USGS-393645118324201,77.0,
1988-07-14,USGS-352816096554701,1.0,
1988-07-14,USGS-352816096554701,8.7,
1988-08-16,USGS-390802119461701,0.6,
1988-11-20,USGS-331239081392702,2.7,
1988-11-17,USGS-442340103393201,2.0,
1988-08-25,USGS-395917075592301,0.06,
1988-06-08,USGS-350240097064101,3.8,
1988-06-08,USGS-350240097064101,0.52,
1988-07-11,USGS-351651097185901,0.07,
1988-08-23,USGS-385604119435601,3.2,
1988-06-18,USGS-432438086090702,0.43,
1988-07-27,USGS-385948119411001,1.1,
1988-12-01,USGS-391949074385401,0.03,
1988-12-01,USGS-393701074510401,0.04,
1988-08-18,USGS-461337089312501,0.26,
1988-08-03,USGS-395642076080501,0.07,
1988-08-22,USGS-384130090444101,2.0,
1988-07-01,USGS-351142096580101,2.6,
1988-07-01,USGS-351142096580101,19.0,
1988-11-22,USGS-393809074484602,0.03,
1988-12-13,USGS-440049103194401,10.0,
1988-08-31,USGS-413553072351601,13.0,
1988-12-09,USGS-384228090441101,2.0,
1988-11-07,USGS-352904097334201,6.9,
1988-11-07,USGS-352904097334201,1.1,
1988-03-22,USGS-384224090442401,0.57,
1988-07-26,USGS-391847119113801,0.7,
1988-12-13,USGS-384350090434001,6.0,
1988-12-07,USGS-393051074412101,0.07,
1988-09-07,USGS-391113119481901,39.0,
1988-05-31,USGS-355326096554901,3.3,
1988-05-31,USGS-355326096554901,0.47,
1988-06-01,USGS-353631097232301,1.0,
1988-06-01,USGS-353631097232301,0.19,
1988-05-12,USGS-354758097295201,38.0,
1988-05-12,USGS-354758097295201,4.2,
1988-07-11,USGS-420100073112701,14.0,
1988-03-23,USGS-384250090443301,0.07,
1988-07-26,USGS-413712073093501,5.0,
1988-07-29,USGS-414741072281001,1.0,
1988-06-22,USGS-352639097083401,0.2,
1988-06-22,USGS-352639097083401,0.04,
1988-06-28,USGS-354914097010901,8.2,
1988-06-28,USGS-354914097010901,0.9,
1988-11-23,USGS-353136097295101,2.2,
1988-11-23,USGS-353136097295101,0.33,
1988-11-16,USGS-331209081344004,4.0,
1988-10-28,USGS-354208097330201,14.0,
1988-10-28,USGS-354208097330201,11.0,
1988-10-28,USGS-354208097330201,2.5,
1988-08-24,USGS-393805074555401,0.01,
1988-07-08,USGS-352622097103401,0.04,
1988-07-13,USGS-353938097031101,68.6,
1988-07-13,USGS-353938097031101,7.7,
1988-12-01,USGS-384344090435101,1.0,
1988-06-23,USGS-351638097175301,0.07,
1988-09-07,USGS-384153090440401,19.0,
1988-12-02,USGS-353243097304101,11.5,
1988-12-02,USGS-353243097304101,1.5,
1988-04-19,USGS-352123097282301,7.2,
1988-04-19,USGS-352123097282301,0.9,
1988-12-14,USGS-393449075052801,0.14,
1988-10-30,USGS-440816103261801,7.0,
1988-08-03,USGS-392817118495501,1.6,
1988-12-12,USGS-394446074541801,0.02,
1988-08-05,USGS-385924119454801,5.6,
1988-05-09,USGS-385742119453801,9.7,
1988-07-13,USGS-354959097175901,7.0,
1988-07-13,USGS-354959097175901,0.83,
1988-08-18,USGS-384231090433601,1.0,
1988-08-26,USGS-423648106375701,58.0,
1988-11-15,USGS-352605097354801,7.5,
1988-11-15,USGS-352605097354801,1.4,
1988-08-23,USGS-384110090425401,1.0,
1988-12-07,USGS-354208097330201,318.0,
1988-12-07,USGS-354208097330201,270.0,
1988-12-07,USGS-354208097330201,35.0,
1988-05-23,USGS-355206097090101,0.7,
1988-05-23,USGS-355206097090101,0.17,
1988-07-19,USGS-413229073251601,2.0,
1988-09-08,USGS-400232075525701,0.04,
1988-11-20,USGS-331239081392706,2.4,
1988-05-24,USGS-475529118052201,9.0,
1988-04-20,USGS-350055097125402,9.2,
1988-04-20,USGS-350055097125402,1.1,
1988-12-07,USGS-414630073021601,1.0,
1988-12-06,USGS-392552075145001,0.13,
1988-04-06,USGS-353753097273501,1.8,
1988-04-06,USGS-353753097273501,0.28,
1988-09-01,USGS-392926118533001,31.0,
1988-07-12,USGS-392439118480401,48.0,
1988-08-05,USGS-395925075583501,0.74,
1988-08-25,USGS-395907075592301,0.06,
1988-11-07,USGS-354208097330201,6.6,
1988-11-07,USGS-354208097330201,7.0,
1988-11-07,USGS-354208097330201,1.5,
1988-06-27,USGS-423737084483701,0.16,
1988-06-14,USGS-351433097004401,9.1,
1988-06-14,USGS-351433097004401,1.0,
1988-05-24,USGS-475529118052301,18.0,
1988-08-09,USGS-413658071593001,2.0,
1988-04-19,USGS-352043097282001,26.5,
1988-04-19,USGS-352043097282001,3.2,
1988-06-20,USGS-393038118512201,17.0,
1988-04-18,USGS-352550097055401,4.5,
1988-04-18,USGS-352550097055401,0.55,
1988-07-13,USGS-355120097233001,0.08,
1988-06-15,USGS-384314090443301,1.5,
1988-05-10,USGS-390005119461101,18.0,
1988-12-09,USGS-394417074553801,0.03,
1988-07-14,USGS-385512119444801,0.5,
1988-08-24,USGS-415323072034701,65.0,
1988-08-11,USGS-395717076345401,0.01,
1988-04-05,USGS-355214096574801,28.6,
1988-04-05,USGS-355214096574801,2.8,
1988-12-07,USGS-392547075140901,0.07,
1988-06-15,USGS-352543096585601,0.3,
1988-06-15,USGS-352543096585601,0.11,
1988-11-14,USGS-352541097330301,16.0,
1988-11-14,USGS-352541097330301,2.2,
1988-12-07,USGS-392437075130501,0.03,
1988-08-04,USGS-413747071533101,17.0,
1988-04-27,USGS-350845097214501,13.8,
1988-04-27,USGS-350845097214501,1.5,
1988-08-02,USGS-393458118431101,450.0,
1988-12-06,USGS-392552075145001,0.14,
1988-09-08,USGS-384404090435001,1.0,
1988-08-25,USGS-391201119481801,1.4,
1988-06-18,USGS-432438086090703,0.26,
1988-06-21,USGS-432438086090705,0.13,
1988-12-01,USGS-384247090411501,1.0,
1988-12-06,USGS-392641075132901,0.04,
1988-05-11,USGS-391035119471501,13.0,
1988-11-22,USGS-353841097360501,1.4,
1988-11-22,USGS-353841097360501,0.26,
1988-08-05,USGS-395617076081001,0.06,
1988-09-08,USGS-384039090442301,2.0,
1988-05-24,USGS-390732119455601,3.2,
1988-06-21,USGS-392748118515701,34.0,
1988-08-17,USGS-391204119451401,2.2,
1988-06-29,USGS-354755097392001,4.7,
1988-06-29,USGS-354755097392001,0.58,
1988-11-28,USGS-331712081431901,1.4,
1988-06-22,USGS-392825118395001,160.0,
1988-12-08,USGS-392450075153901,0.03,
1988-08-16,USGS-405217074052301,180.0,
1988-06-29,USGS-354620097315201,1.1,
1988-06-29,USGS-354620097315201,0.2,
1988-06-22,USGS-351027097131401,0.5,
1988-06-22,USGS-351027097131401,0.13,
1988-12-08,USGS-391627119332101,1.5,
1988-07-26,USGS-414157073023901,2.0,
1988-08-10,USGS-395713075555601,0.26,
1988-09-12,USGS-393507119100302,7.1,
1988-08-25,USGS-395927075593101,0.02,
1988-11-01,USGS-440052103181201,2.0,
1988-04-07,USGS-353819097270701,1.7,
1988-04-07,USGS-353819097270701,0.33,
1988-09-01,USGS-415801071570701,8.0,
1988-08-09,USGS-400202076354701,0.67,
1988-10-20,USGS-415045072073101,5.0,
1988-07-25,USGS-385708119475501,2.0,
1988-05-25,USGS-355052097284301,1.0,
1988-05-25,USGS-355052097284301,0.18,
1988-08-17,USGS-400658075554601,0.02,
1988-12-01,USGS-384148090430101,3.0,
1988-06-28,USGS-355039097041401,40.9,
1988-06-28,USGS-355039097041401,4.5,
1988-11-29,USGS-384304090441801,110.0,
1988-12-08,USGS-440032103191201,1.0,
1988-11-01,USGS-353155097294601,4.8,
1988-11-01,USGS-353155097294601,0.8,
1988-09-13,USGS-393610119100401,32.0,
1988-05-04,USGS-385546119463701,1.5,
1988-12-15,USGS-393719118303301,810.0,
1988-09-29,USGS-393457074583901,0.06,
1988-06-02,USGS-394258075050801,0.12,
1988-03-23,USGS-384314090443301,1.3,
1988-11-22,USGS-352859097363501,0.8,
1988-11-22,USGS-352859097363501,0.18,
1988-09-20,USGS-391036119440701,12.0,
1988-06-16,USGS-355446096583601,0.8,
1988-06-16,USGS-355446096583601,0.17,
1988-06-14,USGS-350603096550801,12.3,
1988-06-14,USGS-350603096550801,1.4,
1988-09-19,USGS-393917075014901,0.12,
1988-12-21,USGS-394107074512302,0.05,
1988-05-04,USGS-385441119495501,0.8,
1988-12-21,USGS-394038074495801,0.04,
1988-12-21,USGS-394038074495801,0.01,
1988-09-06,USGS-400332075361801,0.21,
1988-10-31,USGS-353011097340901,50.6,
1988-10-31,USGS-353011097340901,8.4,
1988-08-02,USGS-393052118333501,210.0,
1988-04-26,USGS-352519097222501,17.5,
1988-04-26,USGS-352519097222501,2.2,
1988-12-14,USGS-384223090445801,2.0,
1988-06-16,USGS-385303119480201,3.6,
1988-08-26,USGS-391251119491701,8.5,
1988-11-02,USGS-353131097325401,69.1,
1988-11-02,USGS-353131097325401,8.9,
1988-08-22,USGS-400251075531201,0.04,
1988-11-23,USGS-393236075102102,0.02,
1988-12-13,USGS-384404090435001,1.0,
1988-12-13,USGS-393149074555401,0.15,
1988-09-07,USGS-400106076363301,0.5,
1988-09-09,USGS-393448074560601,0.35,
1988-06-23,USGS-352142097103501,1.0,
1988-06-23,USGS-352142097103501,1.0,
1988-06-23,USGS-352142097103501,0.2,
1988-11-08,USGS-353024097272501,2.0,
1988-11-08,USGS-353024097272501,0.41,
1988-06-21,USGS-353909097100101,0.05,
1988-08-10,USGS-395317076550901,0.02,
1988-09-23,USGS-393940074574601,0.02,
1988-04-06,USGS-384350090434001,0.5,
1988-06-09,USGS-390457119491301,2.5,
1988-06-14,USGS-384231090433601,1.1,
1988-10-12,USGS-413640072200601,2.0,
1988-06-23,USGS-391610119335901,1.1,
1988-08-16,USGS-414535072172101,2.0,
1988-08-10,USGS-395737075535701,0.01,
1988-05-16,USGS-352705097175401,0.05,
1988-08-31,USGS-413212072343601,8.0,
1988-09-22,USGS-394025075054801,0.04,
1988-09-01,USGS-400554075581501,0.08,
1988-08-04,USGS-395834076042601,0.04,
1988-12-07,USGS-392523075151901,0.01,
1988-08-02,USGS-415801073063501,2.0,
1988-08-18,USGS-384254090445301,2.0,
1988-08-15,USGS-412452071534301,1.0,
1988-05-25,USGS-355321097270301,1.0,
1988-05-25,USGS-355321097270301,0.18,
1988-11-02,USGS-353229097285301,2.6,
1988-11-02,USGS-353229097285301,0.58,
1988-05-20,USGS-354012097231001,29.0,
1988-05-20,USGS-354012097231001,27.0,
1988-05-20,USGS-354012097231001,3.2,
1988-06-27,USGS-353227097251101,1.1,
1988-06-27,USGS-353227097251101,0.21,
1988-08-15,USGS-400330075303601,0.16,
1988-12-14,USGS-393047075054201,0.06,
1988-07-20,USGS-390259119475301,36.0,
1988-08-25,USGS-414806072222601,2.0,
1988-08-11,USGS-413603071500701,2.0,
1988-09-26,USGS-393842074565501,0.01,
1988-08-19,USGS-390612119571901,2.8,
1988-06-20,USGS-352142097103501,0.9,
1988-06-20,USGS-352142097103501,0.18,
1988-11-15,USGS-392527075064201,0.04,
1988-06-16,USGS-353539096554501,5.0,
1988-06-16,USGS-353539096554501,0.6,
1988-11-01,USGS-354208097330201,18.0,
1988-11-01,USGS-354208097330201,18.0,
1988-11-01,USGS-354208097330201,2.5,
1988-09-02,USGS-400606075574801,0.11,
1988-06-27,USGS-400153075353502,0.28,
1988-06-15,USGS-385548119501301,15.0,
1988-11-15,USGS-412252072242701,2.0,
1988-11-08,USGS-353141097293001,1.7,
1988-11-08,USGS-353141097293001,0.33,
1988-09-13,USGS-393533119080701,8.1,
1988-08-10,USGS-470901088453901,0.96,
1988-09-08,USGS-400421075340001,0.14,
1988-11-04,USGS-353010097324601,5.2,
1988-11-04,USGS-353010097324601,1.0,
1988-12-06,USGS-392650075133101,0.02,
1988-08-23,USGS-384039090430901,260.0,
1988-10-06,USGS-412630072401401,3.0,
1988-09-15,USGS-393828074565501,0.02,
1988-06-29,USGS-354706097051001,22.9,
1988-06-29,USGS-354706097051001,2.6,
1988-07-14,USGS-353303096544501,8.4,
1988-07-14,USGS-353303096544501,0.94,
1988-07-05,USGS-351142096580101,5.0,
1988-07-05,USGS-351142096580101,16.0,
1988-08-23,USGS-400243075534301,0.02,
1988-06-02,USGS-394301075045901,0.18,
1988-11-19,USGS-331330081373301,5.0,
1988-09-12,USGS-393526119100301,3.3,
1988-11-02,USGS-353139097293001,0.8,
1988-11-02,USGS-353139097293001,0.17,
1988-11-18,USGS-352750097263601,1.5,
1988-11-18,USGS-352750097263601,0.25,
1988-09-08,USGS-390933119450601,1.1,
1988-08-04,USGS-395824076041301,0.03,
1988-07-08,USGS-353931097103301,0.5,
1988-07-08,USGS-353931097103301,0.13,
1988-09-13,USGS-393459119095601,4.8,
1988-11-18,USGS-352531097262101,2.0,
1988-11-18,USGS-352531097262101,0.33,
1988-09-08,USGS-384304090441801,99.0,
1988-08-18,USGS-384223090445801,2.0,
1988-11-09,USGS-352755097332002,6.1,
1988-11-09,USGS-352755097332002,0.92,
1988-10-12,USGS-345321108521101,2.2,
1988-07-21,USGS-385414119425401,0.5,
1988-04-21,USGS-350756097232001,22.9,
1988-04-21,USGS-350756097232001,2.7,
1988-11-22,USGS-393809074484602,0.03,
1988-12-01,USGS-440025103190701,1.0,
1988-04-06,USGS-354332097295301,1.2,
1988-04-06,USGS-354332097295301,0.21,
1988-08-19,USGS-384252090443501,1.0,
1988-04-18,USGS-352851097093801,10.2,
1988-04-18,USGS-352851097093801,1.2,
1988-06-30,USGS-352757097200801,0.05,
1988-03-22,USGS-384231090433601,1.0,
1988-08-09,USGS-400026076413401,0.01,
1988-08-24,USGS-391128119415701,2.7,
1988-07-13,USGS-415256073262101,5.0,
1988-08-24,USGS-384117090461901,1.0,
1988-07-12,USGS-351823097215701,0.8,
1988-07-12,USGS-351823097215701,0.16,
1988-08-11,USGS-402048075384501,0.76,
1988-12-14,USGS-393637118322501,140.0,
1988-11-29,USGS-391538119311301,7.0,
1988-11-17,USGS-331255081372702,3.2,
1988-05-05,USGS-385352119455401,0.8,
1988-11-19,USGS-331255081372701,2.6,
1988-11-04,USGS-352910097272501,3.4,
1988-11-04,USGS-352910097272501,0.58,
1988-05-13,USGS-390950119452901,19.0,
1988-09-01,USGS-455959084222801,0.18,
1988-08-09,USGS-385822119462501,26.0,
1988-12-05,USGS-392758074473101,0.03,
1988-04-11,USGS-352515097370801,24.7,
1988-04-11,USGS-352515097370801,2.8,
1988-07-07,USGS-355614097183001,1.5,
1988-07-07,USGS-355614097183001,11.8,
1988-03-23,USGS-384252090443501,0.5,
1988-08-11,USGS-400023076391902,0.06,
1988-08-17,USGS-412748072023601,2.0,
1988-11-20,USGS-331238081392708,5.0,
1988-11-18,USGS-352433097262401,0.7,
1988-11-18,USGS-352433097262401,0.17,
1988-11-17,USGS-353101097283701,5.3,
1988-11-17,USGS-353101097283701,0.89,
1988-11-14,USGS-352631097313101,3.3,
1988-11-14,USGS-352631097313101,0.6,
1988-09-20,USGS-393322074595001,0.14,
1988-08-19,USGS-384248090440801,3.0,
1988-11-30,USGS-384101090432201,360.0,
1988-11-08,USGS-353026097274801,3.1,
1988-11-08,USGS-353026097274801,0.56,
1988-09-09,USGS-393428075024401,0.01,
1989-05-26,USGS-361610119423001,18.0,
1989-05-26,USGS-361610119423001,3.0,
1989-08-15,USGS-424301114364001,3.8,
1989-03-14,USGS-384158090433001,2.0,
1989-06-15,USGS-393705118292401,1300.0,
1989-08-15,USGS-424709113342801,2.6,
1989-06-20,USGS-352410097031401,1.5,
1989-06-20,USGS-352410097031401,0.61,
1989-08-22,USGS-411713073312001,4.0,
1989-06-05,USGS-360048119510801,31.0,
1989-06-05,USGS-360048119510801,5.0,
1989-08-16,USGS-424824114263801,2.4,
1989-06-06,USGS-360538119550601,37.0,
1989-06-06,USGS-360538119550601,6.2,
1989-01-05,USGS-384250090443301,0.1,
1989-02-15,USGS-345850107475401,0.28,
1989-08-15,USGS-424043113420001,3.0,
1989-06-07,USGS-361415119500001,1.1,
1989-06-07,USGS-361415119500001,0.1,
1989-05-11,USGS-355521087283101,0.02,
1989-05-11,USGS-355521087283101,0.2,
1989-07-24,USGS-353840096531101,0.05,
1989-03-01,USGS-392907118453701,2.5,
1989-03-01,USGS-392907118453701,0.4,
1989-01-05,USGS-384134090434903,0.3,
1989-01-20,USGS-392112118410903,580.0,
1989-01-20,USGS-392112118410903,86.0,
1989-06-20,USGS-393533119080701,6.0,
1989-06-07,USGS-360814119522801,38.0,
1989-06-07,USGS-360814119522801,5.2,
1989-08-18,USGS-13095200,3.8,
1989-07-11,USGS-350720119191601,210.0,
1989-07-11,USGS-350720119191601,38.0,
1989-07-11,USGS-353935119423301,47.0,
1989-07-11,USGS-353935119423301,5.4,
1989-05-02,USGS-424157113394901,5.2,
1989-05-02,USGS-424157113394901,1.0,
1989-06-14,USGS-355652087253901,0.01,
1989-06-14,USGS-355652087253901,0.1,
1989-06-13,USGS-392733118463803,18.0,
1989-06-13,USGS-392733118463803,2.5,
1989-08-17,USGS-425307114122301,2.2,
1989-06-19,USGS-352652097050501,0.4,
1989-06-19,USGS-352652097050501,0.27,
1989-08-21,USGS-353328087060701,0.02,
1989-08-21,USGS-353328087060701,0.1,
1989-06-07,USGS-391700119405701,1.2,
1989-06-07,USGS-391700119405701,0.1,
1989-03-21,USGS-323945106171901,6.2,
1989-06-14,USGS-393648118325101,240.0,
1989-04-05,USGS-384134090434903,0.1,
1989-11-02,USGS-384259090442701,8.0,
1989-06-23,USGS-354253087303801,0.02,
1989-06-23,USGS-354253087303801,0.1,
1989-06-14,USGS-355436087195501,0.03,
1989-06-14,USGS-355436087195501,0.3,
1989-05-30,USGS-361612119520701,16.0,
1989-05-30,USGS-361612119520701,2.4,
1989-02-28,USGS-392957119001801,0.5,
1989-06-12,USGS-351244097303601,1.7,
1989-06-12,USGS-351244097303601,0.67,
1989-01-10,USGS-384134090434902,0.2,
1989-08-30,USGS-392835118490501,41.0,
1989-08-30,USGS-392835118490501,5.3,
1989-08-19,USGS-424608114391301,2.2,
1989-02-19,USGS-331712081431905,1.6,
1989-08-22,USGS-424843114474901,2.5,
1989-06-13,USGS-352941097193501,0.39,
1989-07-28,USGS-352805097290101,4.9,
1989-07-28,USGS-352805097290101,0.58,
1989-07-11,USGS-353410119344601,140.0,
1989-07-11,USGS-353410119344601,27.0,
1989-01-12,USGS-402027074394201,1.8,
1989-01-12,USGS-402027074394201,0.3,
1989-07-07,USGS-354631119400001,380.0,
1989-07-07,USGS-354631119400001,74.0,
1989-08-15,USGS-424658113414601,4.7,
1989-08-21,USGS-415752073162101,7.0,
1989-05-10,USGS-384155090440002,17.0,
1989-01-19,USGS-392122118411003,630.0,
1989-01-19,USGS-392122118411003,94.0,
1989-04-05,USGS-384014090453301,0.2,
1989-09-05,USGS-393219119454901,2.1,
1989-09-05,USGS-393219119454901,0.2,
1989-03-15,USGS-384147090440601,57.0,
1989-08-11,USGS-354420086573001,0.01,
1989-08-11,USGS-354420086573001,0.0,
1989-06-27,USGS-355622119320901,130.0,
1989-06-27,USGS-355622119320901,20.0,
1989-08-30,USGS-393512119441501,9.5,
1989-08-30,USGS-393512119441501,1.4,
1989-06-26,USGS-351209097071701,4.6,
1989-06-26,USGS-351209097071701,1.1,
1989-02-20,USGS-331709081380603,1.2,
1989-08-18,USGS-13132600,2.3,
1989-06-06,USGS-360537119523801,1.3,
1989-06-06,USGS-360537119523801,0.1,
1989-06-13,USGS-392731118463802,32.0,
1989-06-13,USGS-392731118463802,4.5,
1989-06-21,USGS-354355119471501,50.0,
1989-06-21,USGS-354355119471501,7.0,
1989-03-22,USGS-370926107451500,4.3,
1989-03-22,USGS-370926107451500,0.6,
1989-06-19,USGS-355657119374001,7.4,
1989-06-19,USGS-355657119374001,0.8,
1989-05-23,USGS-362125119443701,42.0,
1989-05-23,USGS-362125119443701,5.9,
1989-05-01,USGS-424228113365601,3.7,
1989-07-17,USGS-354251087133201,0.01,
1989-07-17,USGS-354251087133201,0.1,
1989-06-30,USGS-350446119021201,110.0,
1989-06-30,USGS-350446119021201,17.0,
1989-06-22,USGS-353142119370501,22.0,
1989-06-22,USGS-353142119370501,4.4,
1989-03-29,USGS-384130090444101,1.0,
1989-03-29,USGS-384130090444101,0.5,
1989-08-15,USGS-385842119465601,30.0,
1989-08-15,USGS-385842119465601,4.0,
1989-02-15,USGS-392745118500601,45.0,
1989-02-15,USGS-392745118500601,6.7,
1989-06-20,USGS-353703119392801,36.0,
1989-06-20,USGS-353703119392801,5.7,
1989-05-24,USGS-354635087380601,0.01,
1989-05-24,USGS-354635087380601,0.0,
1989-03-07,USGS-392351118462601,45.0,
1989-03-07,USGS-392351118462601,6.7,
1989-06-15,USGS-393713118254001,1000.0,
1989-03-28,USGS-384314090443301,2.0,
1989-03-28,USGS-384314090443301,0.6,
1989-01-25,USGS-392850118463401,2.2,
1989-01-25,USGS-392850118463401,0.3,
1989-02-02,USGS-392127118411002,530.0,
1989-02-02,USGS-392127118411002,80.0,
1989-04-03,USGS-393457118250601,4.0,
1989-01-04,USGS-384314090443301,2.0,
1989-01-04,USGS-384314090443301,0.6,
1989-03-28,USGS-384254090445301,2.0,
1989-03-28,USGS-384254090445301,0.7,
1989-09-05,USGS-392718119463401,4.4,
1989-09-05,USGS-392718119463401,0.7,
1989-08-16,USGS-424151113554601,4.2,
1989-06-20,USGS-354027119302901,10.0,
1989-06-20,USGS-354027119302901,73.0,
1989-01-20,USGS-392112118410904,490.0,
1989-01-20,USGS-392112118410904,73.0,
1989-08-11,USGS-413917072033601,2.0,
1989-03-07,USGS-392859118474001,0.1,
1989-06-28,USGS-355210119291201,5400.0,
1989-06-28,USGS-355210119291201,770.0,
1989-08-21,USGS-424125113555501,4.2,
1989-06-27,USGS-355530119285201,100.0,
1989-06-27,USGS-355530119285201,18.0,
1989-06-27,USGS-355317119320301,3000.0,
1989-06-27,USGS-355317119320301,420.0,
1989-03-15,USGS-384139090434801,1900.0,
1989-06-21,USGS-393851119100801,1.0,
1989-06-06,USGS-384206090435301,1.2,
1989-03-30,USGS-392731075092401,0.08,
1989-06-02,USGS-390823119385001,2.7,
1989-06-02,USGS-390823119385001,0.3,
1989-08-02,USGS-384204090440001,1.8,
1989-08-16,USGS-423958114343401,6.2,
1989-08-31,USGS-392404119434501,1.7,
1989-08-31,USGS-392404119434501,0.2,
1989-06-21,USGS-354304119405101,960.0,
1989-06-21,USGS-354304119405101,130.0,
1989-06-06,USGS-384201090440201,2.8,
1989-04-06,USGS-384413090443301,0.2,
1989-05-03,USGS-424407113354501,2.7,
1989-09-07,USGS-391711119520401,5.3,
1989-09-07,USGS-391711119520401,0.7,
1989-08-17,USGS-412108073311801,1.0,
1989-03-31,USGS-392508075184601,0.09,
1989-03-15,USGS-384149090435201,4.0,
1989-08-22,USGS-371006107422200,22.0,
1989-08-22,USGS-371006107422200,3.4,
1989-11-02,USGS-384304090441801,63.0,
1989-01-07,USGS-331630081342402,1.4,
1989-06-08,USGS-360856119384001,63.0,
1989-06-08,USGS-360856119384001,10.0,
1989-04-03,USGS-393258118302001,6.0,
1989-07-12,USGS-353500119313701,51.0,
1989-07-12,USGS-353500119313701,11.0,
1989-02-19,USGS-331712081431902,1.6,
1989-09-25,USGS-391941119125101,2.2,
1989-09-25,USGS-391941119125101,0.2,
1989-06-14,USGS-353513097222201,0.8,
1989-06-14,USGS-353513097222201,0.48,
1989-06-27,USGS-355622119320901,110.0,
1989-06-27,USGS-355622119320901,20.0,
1989-06-30,USGS-352331097384901,7.5,
1989-06-30,USGS-352331097384901,1.3,
1989-01-17,USGS-392132118411002,220.0,
1989-01-17,USGS-392132118411002,33.0,
1989-04-03,USGS-323802106194001,36.0,
1989-04-03,USGS-323802106194001,5.0,
1989-08-15,USGS-424219114263801,3.6,
1989-06-29,USGS-350243097200901,5.5,
1989-06-29,USGS-350243097200901,1.2,
1989-03-29,USGS-394357075011601,0.06,
1989-06-20,USGS-353925119371801,86.0,
1989-06-20,USGS-353925119371801,12.0,
1989-03-29,USGS-384319090481601,0.3,
1989-07-26,USGS-354338087111001,0.02,
1989-07-26,USGS-354338087111001,0.2,
1989-07-17,USGS-351507118584501,120.0,
1989-07-17,USGS-351507118584501,21.0,
1989-09-05,USGS-393203119472801,9.6,
1989-09-05,USGS-393203119472801,1.4,
1989-06-19,USGS-352854097072301,0.7,
1989-06-19,USGS-352854097072301,0.59,
1989-08-14,USGS-390000119454101,5.1,
1989-08-14,USGS-390000119454101,0.8,
1989-08-24,USGS-392342119471601,46.0,
1989-08-24,USGS-392342119471601,5.9,
1989-08-30,USGS-412908072445201,2.0,
1989-08-30,USGS-412908072445201,2.0,
1989-08-30,USGS-412908072445201,0.5,
1989-07-12,USGS-352907119354501,110.0,
1989-07-12,USGS-352907119354501,29.0,
1989-08-22,USGS-370926107451500,6.3,
1989-08-22,USGS-370926107451500,1.0,
1989-05-09,USGS-354438087322701,0.03,
1989-05-09,USGS-354438087322701,0.4,
1989-06-29,USGS-350815119042501,44.0,
1989-06-29,USGS-350815119042501,4.5,
1989-06-26,USGS-350959097011301,5.1,
1989-06-26,USGS-350959097011301,1.2,
1989-07-11,USGS-352806087111001,0.01,
1989-07-11,USGS-352806087111001,0.1,
1989-06-06,USGS-360148119544801,2.8,
1989-06-06,USGS-360148119544801,0.3,
1989-07-18,USGS-350747119104701,42.0,
1989-07-18,USGS-350747119104701,4.4,
1989-06-27,USGS-355905119285201,4.3,
1989-06-27,USGS-355905119285201,0.7,
1989-08-22,USGS-423434114085301,5.1,
1989-08-30,USGS-392938118345301,35.0,
1989-08-30,USGS-392938118345301,4.6,
1989-08-18,USGS-425243114431701,3.7,
1989-03-27,USGS-384228090441101,0.1,
1989-09-05,USGS-393127119471301,4.2,
1989-09-05,USGS-393127119471301,0.6,
1989-03-29,USGS-384255090422101,1.0,
1989-03-29,USGS-384255090422101,0.5,
1989-08-18,USGS-425352114494601,0.47,
1989-06-09,USGS-360115119341501,26.0,
1989-06-09,USGS-360115119341501,4.2,
1989-03-28,USGS-371006107422200,14.0,
1989-03-28,USGS-371006107422200,2.0,
1989-06-28,USGS-355404119271401,3100.0,
1989-06-28,USGS-355404119271401,420.0,
1989-08-16,USGS-425218113435901,1.8,
1989-05-02,USGS-424313113391201,3.3,
1989-08-17,USGS-424118114435501,3.5,
1989-06-14,USGS-353403097210901,0.7,
1989-06-14,USGS-353403097210901,0.46,
1989-05-25,USGS-361424119464701,6.9,
1989-05-25,USGS-361424119464701,1.1,
1989-07-17,USGS-351507118584501,92.0,
1989-07-17,USGS-351507118584501,17.0,
1989-06-13,USGS-392733118463801,9.7,
1989-06-13,USGS-392733118463801,1.3,
1989-07-26,USGS-354333087114201,0.02,
1989-07-26,USGS-354333087114201,0.2,
1989-02-23,USGS-392903118524401,43.0,
1989-02-23,USGS-392903118524401,6.4,
1989-05-02,USGS-424313113343501,2.2,
1989-02-19,USGS-331712081431904,1.0,
1989-06-29,USGS-351123119140601,18.0,
1989-06-29,USGS-351123119140601,1.8,
1989-08-01,USGS-402059074360102,0.77,
1989-08-18,USGS-13091500,4.1,
1989-01-18,USGS-392132118411003,390.0,
1989-01-18,USGS-392132118411003,59.0,
1989-03-29,USGS-384259090442701,0.2,
1989-09-13,USGS-432336113064201,2.5,
1989-06-06,USGS-384158090433001,1.1,
1989-06-29,USGS-353329119303401,35.0,
1989-06-29,USGS-353329119303401,3.6,
1989-08-02,USGS-384304090441801,84.0,
1989-04-03,USGS-393624118294101,870.0,
1989-04-03,USGS-393624118294101,130.0,
1989-06-29,USGS-350905119041201,79.0,
1989-06-29,USGS-350905119041201,12.0,
1989-08-21,USGS-423856114005601,5.0,
1989-07-10,USGS-350502119070201,12.0,
1989-07-10,USGS-350502119070201,1.4,
1989-04-05,USGS-393637118322501,130.0,
1989-04-05,USGS-393637118322501,19.0,
1989-05-31,USGS-362035119552001,3.3,
1989-05-31,USGS-362035119552001,0.3,
1989-09-27,USGS-430805113102401,1.2,
1989-06-15,USGS-353025097165901,0.4,
1989-06-15,USGS-353025097165901,0.44,
1989-02-02,USGS-392127118411003,660.0,
1989-02-02,USGS-392127118411003,98.0,
1989-09-01,USGS-391816119494901,10.0,
1989-09-01,USGS-391816119494901,1.4,
1989-02-02,USGS-392127118411002,530.0,
1989-05-10,USGS-384155090440003,2.0,
1989-06-07,USGS-355300087222701,0.04,
1989-06-07,USGS-355300087222701,0.3,
1989-08-14,USGS-424313113343501,2.7,
1989-07-17,USGS-354410087115701,0.0,
1989-06-12,USGS-392730118463803,28.0,
1989-06-12,USGS-392730118463803,4.0,
1989-07-07,USGS-355005097133401,12.8,
1989-07-07,USGS-355005097133401,2.2,
1989-08-22,USGS-423945114110301,6.0,
1989-06-20,USGS-353659119352501,390.0,
1989-06-20,USGS-353659119352501,68.0,
1989-08-22,USGS-425030114524101,3.3,
1989-07-12,USGS-353343119375601,27.0,
1989-07-12,USGS-353343119375601,3.4,
1989-08-03,USGS-384152090440603,21.0,
1989-05-25,USGS-361002119495901,17.0,
1989-05-25,USGS-361002119495901,2.3,
1989-05-02,USGS-424322113371501,1.4,
1989-06-21,USGS-393949119084601,40.0,
1989-01-04,USGS-384252090443501,0.3,
1989-08-17,USGS-423951114104501,3.6,
1989-03-09,USGS-393341118431601,0.7,
1989-03-09,USGS-393341118431601,0.1,
1989-06-28,USGS-355604119430201,350.0,
1989-06-28,USGS-355604119430201,57.0,
1989-06-29,USGS-351233118575701,22.0,
1989-06-29,USGS-351233118575701,2.3,
1989-06-22,USGS-352751119263401,7.5,
1989-06-22,USGS-352751119263401,0.8,
1989-06-27,USGS-355727096582201,9.6,
1989-06-27,USGS-355727096582201,1.7,
1989-07-11,USGS-350812119153101,25.0,
1989-08-16,USGS-423935114263701,4.9,
1989-08-15,USGS-424537113470101,4.5,
1989-05-24,USGS-354020087241701,0.01,
1989-05-24,USGS-354020087241701,0.1,
1989-06-09,USGS-351501097325301,0.39,
1989-08-21,USGS-425619114454101,3.5,
1989-05-24,USGS-361054119443601,120.0,
1989-05-24,USGS-361054119443601,21.0,
1989-09-26,USGS-430918113371401,0.01,
1989-08-04,USGS-415957072445401,1.0,
1989-08-04,USGS-415957072445401,1.0,
1989-08-04,USGS-415957072445401,0.4,
1989-02-24,USGS-391441119370101,23.0,
1989-02-24,USGS-391441119370101,3.5,
1989-07-25,USGS-352418096530101,5.7,
1989-07-25,USGS-352418096530101,0.67,
1989-06-21,USGS-354513119433001,15.0,
1989-06-21,USGS-354513119433001,1.6,
1989-06-21,USGS-393558119095801,3.0,
1989-07-25,USGS-353207096583301,8.9,
1989-07-25,USGS-353207096583301,1.0,
1989-01-26,USGS-392800118443201,1.7,
1989-01-26,USGS-392800118443201,0.3,
1989-06-20,USGS-354255119344601,260.0,
1989-06-20,USGS-354255119344601,43.0,
1989-06-13,USGS-392730118463801,76.0,
1989-06-13,USGS-392730118463801,13.0,
1989-01-19,USGS-392122118411001,310.0,
1989-01-19,USGS-392122118411001,46.0,
1989-09-21,USGS-392226119162101,0.1,
1989-07-20,USGS-353159087082401,0.01,
1989-07-20,USGS-353159087082401,0.1,
1989-07-20,USGS-353159087082401,0.1,
1989-02-01,USGS-392115119233901,3.7,
1989-02-01,USGS-392115119233901,0.5,
1989-01-24,USGS-391728119160601,8.8,
1989-01-24,USGS-391728119160601,1.3,
1989-07-18,USGS-350904119010901,400.0,
1989-07-18,USGS-350904119010901,57.0,
1989-05-31,USGS-362131119541501,17.0,
1989-05-31,USGS-362131119541501,2.6,
1989-08-23,USGS-353357087045901,0.01,
1989-08-23,USGS-353357087045901,0.1,
1989-03-31,USGS-392732075092401,0.03,
1989-06-09,USGS-351907097333001,8.7,
1989-06-09,USGS-351907097333001,1.5,
1989-03-22,USGS-371029107420000,19.0,
1989-03-22,USGS-371029107420000,2.8,
1989-01-19,USGS-392122118411002,480.0,
1989-01-19,USGS-392122118411002,72.0,
1989-06-08,USGS-350516097202601,0.6,
1989-06-08,USGS-350516097202601,0.7,
1989-08-29,USGS-412308072431901,0.3,
1989-08-22,USGS-371029107420000,24.0,
1989-08-22,USGS-371029107420000,3.2,
1989-05-15,USGS-355143087415301,0.02,
1989-05-15,USGS-355143087415301,0.1,
1989-06-08,USGS-384153090440401,13.0,
1989-03-22,USGS-370119107254300,5.5,
1989-03-22,USGS-370119107254300,0.8,
1989-06-29,USGS-353329119303401,35.0,
1989-06-29,USGS-353329119303401,3.6,
1989-01-11,USGS-405032074061401,10.0,
1989-01-11,USGS-405032074061401,1.5,
1989-05-25,USGS-361122119475001,13.0,
1989-05-25,USGS-361122119475001,1.9,
1989-03-29,USGS-384148090430101,0.3,
1989-08-30,USGS-393815119421201,13.0,
1989-08-30,USGS-393815119421201,1.8,
1989-07-18,USGS-412458072471401,6.0,
1989-07-18,USGS-412458072471401,6.0,
1989-07-18,USGS-412458072471401,1.3,
1989-09-14,USGS-432019112563201,5.8,
1989-01-13,USGS-392403119135101,2.1,
1989-01-13,USGS-392403119135101,0.3,
1989-03-06,USGS-392640118460301,70.0,
1989-03-06,USGS-392640118460301,11.0,
1989-05-02,USGS-383525090482801,12.0,
1989-01-01,USGS-345416107505101,41.0,
1989-01-01,USGS-345416107505101,6.0,
1989-06-06,USGS-351832097345101,0.2,
1989-06-06,USGS-351832097345101,0.07,
1989-07-11,USGS-353511119345301,320.0,
1989-07-11,USGS-353511119345301,65.0,
1989-02-22,USGS-430027102311801,12.0,
1989-02-22,USGS-430027102311801,2.0,
1989-06-28,USGS-360118119362401,140.0,
1989-06-28,USGS-360118119362401,25.0,
1989-02-17,USGS-330848081362606,16.0,
1989-06-01,USGS-355511087123401,0.02,
1989-06-01,USGS-355511087123401,0.1,
1989-05-19,USGS-354117087302601,0.02,
1989-05-19,USGS-354117087302601,0.1,
1989-08-17,USGS-425455114160101,2.1,
1989-09-06,USGS-391959119533401,150.0,
1989-09-06,USGS-391959119533401,18.0,
1989-07-05,USGS-345814096593301,1.9,
1989-07-05,USGS-345814096593301,0.68,
1989-08-14,USGS-424035114192801,2.6,
1989-08-15,USGS-424643114192801,4.3,
1989-04-04,USGS-393641118323401,100.0,
1989-04-04,USGS-393641118323401,15.0,
1989-06-28,USGS-360117119392701,9.2,
1989-06-28,USGS-360117119392701,1.0,
1989-06-12,USGS-350514097232301,0.2,
1989-06-12,USGS-350514097232301,0.38,
1989-03-09,USGS-392925118482001,5.8,
1989-03-09,USGS-392925118482001,0.9,
1989-06-06,USGS-353041097384301,1.0,
1989-06-06,USGS-353041097384301,0.52,
1989-06-12,USGS-392730118463802,44.0,
1989-06-12,USGS-392730118463802,6.0,
1989-12-15,USGS-350214108454001,1.3,
1989-08-23,USGS-370119107254300,10.0,
1989-08-23,USGS-370119107254300,1.7,
1989-06-22,USGS-352541119250801,40.0,
1989-06-22,USGS-352541119250801,7.6,
1989-08-16,USGS-424021113590001,4.8,
1989-08-24,USGS-392356119484501,4.1,
1989-08-24,USGS-392356119484501,0.6,
1989-06-06,USGS-360325119523801,5.2,
1989-06-06,USGS-360325119523801,0.9,
1989-05-17,USGS-354736087324401,0.03,
1989-05-17,USGS-354736087324401,0.4,
1989-08-17,USGS-425610114241501,4.5,
1989-04-06,USGS-384110090425401,0.3,
1989-05-02,USGS-424337113331401,2.6,
1989-06-22,USGS-352629119345001,21.0,
1989-06-22,USGS-352629119345001,3.4,
1989-08-18,USGS-13093396,4.1,
1989-03-30,USGS-384344090452201,0.2,
1989-07-19,USGS-351025119021901,2500.0,
1989-07-19,USGS-351025119021901,430.0,
1989-01-05,USGS-384254090445301,1.0,
1989-01-05,USGS-384254090445301,0.5,
1989-02-20,USGS-331709081380508,1.2,
1989-09-19,USGS-391259119384201,1.6,
1989-09-19,USGS-391259119384201,0.2,
1989-03-28,USGS-384310090435701,2.0,
1989-03-28,USGS-384310090435701,0.8,
1989-08-19,USGS-424807114505701,3.1,
1989-07-10,USGS-354713087371501,0.01,
1989-07-10,USGS-354713087371501,0.0,
1989-08-18,USGS-425104114180001,3.0,
1989-02-01,USGS-392515119123701,4.0,
1989-02-01,USGS-392515119123701,0.6,
1989-03-13,USGS-384201090440201,3.0,
1989-06-20,USGS-393507119100301,7.0,
1989-06-14,USGS-393645118324201,58.0,
1989-06-21,USGS-354305119442901,8.5,
1989-06-21,USGS-354305119442901,0.9,
1989-05-03,USGS-424448113332501,3.0,
1989-06-09,USGS-355312087175001,0.01,
1989-06-09,USGS-355312087175001,0.0,
1989-03-01,USGS-393129118454601,0.5,
1989-09-05,USGS-412247072434801,0.3,
1989-06-22,USGS-353425119370401,26.0,
1989-06-22,USGS-353425119370401,3.9,
1989-03-28,USGS-384250090443301,0.2,
1989-08-25,USGS-392236119442201,5.6,
1989-08-25,USGS-392236119442201,0.8,
1989-06-27,USGS-360445119470201,21.0,
1989-06-27,USGS-360445119470201,2.1,
1989-06-15,USGS-393624118294101,8.0,
1989-05-02,USGS-424451113371501,2.4,
1989-07-11,USGS-350812119153101,24.0,
1989-07-11,USGS-350812119153101,2.9,
1989-05-31,USGS-361609119464901,57.0,
1989-05-31,USGS-361609119464901,8.6,
1989-06-14,USGS-393651118325701,180.0,
1989-08-15,USGS-424359114240901,2.7,
1989-05-30,USGS-355119087314401,0.02,
1989-05-30,USGS-355119087314401,0.1,
1989-08-21,USGS-353323087044001,0.02,
1989-08-21,USGS-353323087044001,0.1,
1989-07-17,USGS-351745118575401,18.0,
1989-07-17,USGS-351745118575401,1.9,
1989-07-18,USGS-350719119004101,35.0,
1989-07-18,USGS-350719119004101,3.7,
1989-04-04,USGS-393719118303301,880.0,
1989-04-04,USGS-393719118303301,130.0,
1989-01-25,USGS-392837118462901,2.2,
1989-01-25,USGS-392837118462901,0.3,
1989-06-01,USGS-361149119485501,3.2,
1989-06-01,USGS-361149119485501,0.3,
1989-06-27,USGS-353958097185001,39.6,
1989-06-27,USGS-353958097185001,5.2,
1989-04-04,USGS-393645118324201,64.0,
1989-04-04,USGS-393645118324201,9.6,
1989-07-13,USGS-420100072322901,1.0,
1989-07-13,USGS-420100072322901,0.4,
1989-01-18,USGS-392117118410903,390.0,
1989-01-18,USGS-392117118410903,59.0,
1989-04-05,USGS-384039090442301,0.2,
1989-07-10,USGS-350618119032401,42.0,
1989-07-10,USGS-350618119032401,9.6,
1989-08-16,USGS-424301114364001,3.8,
1989-06-21,USGS-352810097092901,0.7,
1989-06-21,USGS-352810097092901,0.55,
1989-07-17,USGS-350859118595201,66.0,
1989-07-17,USGS-350859118595201,12.0,
1989-03-16,USGS-384304090441801,180.0,
1989-07-18,USGS-353009087113401,0.02,
1989-07-18,USGS-353009087113401,0.1,
1989-06-08,USGS-360521119381401,11.0,
1989-06-08,USGS-360521119381401,2.2,
1989-06-08,USGS-384147090440601,110.0,
1989-05-03,USGS-424220113362801,4.4,
1989-06-21,USGS-351955096582501,0.45,
1989-02-17,USGS-351315097254301,14.0,
1989-02-17,USGS-351315097254301,4.1,
1989-03-08,USGS-392200118454201,52.0,
1989-03-08,USGS-392200118454201,7.9,
1989-07-11,USGS-350812119135801,43.0,
1989-07-11,USGS-350812119135801,8.5,
1989-07-12,USGS-354127119380901,2.1,
1989-07-12,USGS-354127119380901,0.3,
1989-06-15,USGS-353119097094101,0.28,
1989-06-09,USGS-360442119341701,47.0,
1989-06-09,USGS-360442119341701,6.4,
1989-08-30,USGS-392904118401301,45.0,
1989-08-30,USGS-392904118401301,4.7,
1989-07-27,USGS-415416072311601,3.0,
1989-07-27,USGS-415416072311601,3.0,
1989-07-27,USGS-415416072311601,0.7,
1989-01-10,USGS-392007119253501,1.6,
1989-01-10,USGS-392007119253501,0.2,
1989-03-19,USGS-331251081453202,7.5,
1989-06-08,USGS-360820119350801,33.0,
1989-06-08,USGS-360820119350801,6.0,
1989-06-07,USGS-354852087144201,0.01,
1989-06-07,USGS-354852087144201,0.0,
1989-03-01,USGS-345416107505101,7.7,
1989-03-01,USGS-345416107505101,1.0,
1989-09-07,USGS-424655114333401,2.2,
1989-06-27,USGS-355530119285201,99.0,
1989-06-27,USGS-355530119285201,16.0,
1989-08-21,USGS-424037113423201,2.9,
1989-04-05,USGS-384019090454701,0.3,
1989-03-29,USGS-394413075005001,0.26,
1989-04-06,USGS-384029090433201,0.2,
1989-06-23,USGS-353512119390901,23.0,
1989-06-23,USGS-353512119390901,4.3,
1989-06-21,USGS-354444087282301,0.01,
1989-06-21,USGS-354444087282301,0.1,
1989-04-05,USGS-393300118345801,560.0,
1989-04-05,USGS-393300118345801,84.0,
1989-06-27,USGS-360124119310401,62.0,
1989-06-27,USGS-360124119310401,9.7,
1989-06-23,USGS-351613097183501,0.2,
1989-06-23,USGS-351613097183501,0.41,
1989-04-11,USGS-384134090434902,1.0,
1989-07-18,USGS-354427087120601,0.01,
1989-07-18,USGS-354427087120601,0.0,
1989-03-08,USGS-392659118444001,1.2,
1989-03-08,USGS-392659118444001,0.2,
1989-03-29,USGS-394348075004101,0.03,
1989-06-21,USGS-354212119432501,62.0,
1989-06-21,USGS-354212119432501,8.4,
1989-08-18,USGS-425726114344901,6.9,
1989-06-01,USGS-361425119485401,46.0,
1989-06-01,USGS-361425119485401,6.7,
1989-06-13,USGS-354200087291801,0.03,
1989-06-13,USGS-354200087291801,0.3,
1989-06-28,USGS-351321118590201,74.0,
1989-06-28,USGS-351321118590201,11.0,
1989-07-18,USGS-352024118565501,47.0,
1989-07-18,USGS-352024118565501,5.0,
1989-02-04,USGS-332238081382601,1.9,
1989-08-11,USGS-361848119485701,7.0,
1989-08-11,USGS-361848119485701,1.0,
1989-08-17,USGS-423431114085501,5.2,
1989-04-11,USGS-384413090443302,0.2,
1989-09-05,USGS-392636119464401,3.0,
1989-09-05,USGS-392636119464401,0.3,
1989-08-21,USGS-424550114432701,3.6,
1989-05-24,USGS-361414119423001,390.0,
1989-05-24,USGS-361414119423001,56.0,
1989-10-11,USGS-392349119114301,2.4,
1989-10-11,USGS-392349119114301,0.3,
1989-01-06,USGS-384130090444101,2.0,
1989-01-06,USGS-384130090444101,0.6,
1989-08-14,USGS-424322113342901,2.7,
1989-06-27,USGS-360446119484401,1.9,
1989-06-27,USGS-360446119484401,0.3,
1989-02-04,USGS-332238081382703,1.1,
1989-06-13,USGS-392733118463802,67.0,
1989-06-13,USGS-392733118463802,9.1,
1989-07-18,USGS-352024118565501,44.0,
1989-07-18,USGS-352024118565501,4.6,
1989-06-20,USGS-353925119371801,90.0,
1989-06-20,USGS-353925119371801,12.0,
1989-04-04,USGS-393648118325101,160.0,
1989-04-04,USGS-393648118325101,24.0,
1989-08-15,USGS-412354072422101,1.0,
1989-08-15,USGS-412354072422101,0.4,
1989-06-06,USGS-384149090435201,6.7,
1989-06-05,USGS-355743119524201,2.3,
1989-06-05,USGS-355743119524201,0.2,
1989-03-19,USGS-332015081423101,2.4,
1989-04-06,USGS-384413090443303,0.2,
1989-06-26,USGS-361140119422801,150.0,
1989-06-26,USGS-361140119422801,22.0,
1989-06-20,USGS-393547119095801,4.0,
1989-06-14,USGS-393641118323401,200.0,
1989-05-03,USGS-424322113342901,1.9,
1989-01-18,USGS-392132118411004,320.0,
1989-01-18,USGS-392132118411004,48.0,
1989-07-19,USGS-350912119105101,15.0,
1989-07-19,USGS-350912119105101,1.6,
1989-08-01,USGS-402058074360101,0.65,
1989-06-19,USGS-355752119341401,30.0,
1989-06-19,USGS-355752119341401,4.8,
1989-06-05,USGS-355858119550201,31.0,
1989-06-05,USGS-355858119550201,4.5,
1989-08-11,USGS-361848119485701,7.4,
1989-08-11,USGS-361848119485701,1.0,
1989-07-06,USGS-345634096503901,0.2,
1989-07-06,USGS-345634096503901,0.44,
1989-02-03,USGS-392117118410902,510.0,
1989-02-03,USGS-392117118410902,76.0,
1989-06-28,USGS-350851097103901,0.3,
1989-06-28,USGS-350851097103901,0.38,
1989-07-12,USGS-354358119390501,6.4,
1989-07-12,USGS-354358119390501,0.8,
1989-06-15,USGS-393719118303301,1000.0,
1989-06-29,USGS-350907119140501,62.0,
1989-06-29,USGS-350907119140501,9.5,
1989-06-27,USGS-360115119445801,5.5,
1989-06-27,USGS-360115119445801,0.6,
1989-06-21,USGS-354211119451501,34.0,
1989-06-21,USGS-354211119451501,3.7,
1989-05-31,USGS-361940119510001,22.0,
1989-05-31,USGS-361940119510001,3.3,
1989-01-11,USGS-392235119215601,1.0,
1989-01-11,USGS-392235119215601,0.2,
1989-09-20,USGS-351315097254201,5.8,
1989-09-20,USGS-351315097254201,5.0,
1989-09-20,USGS-351315097254201,1.3,
1989-09-20,USGS-351315097254201,1.1,
1989-03-02,USGS-393027118461501,1.5,
1989-03-02,USGS-393027118461501,0.2,
1989-01-11,USGS-405126074060201,85.0,
1989-01-11,USGS-405126074060201,13.0,
1989-09-20,USGS-351315097254201,5.0,
1989-09-20,USGS-351315097254201,1.1,
1989-06-05,USGS-352845097390101,0.4,
1989-06-05,USGS-352845097390101,0.09,
1989-06-07,USGS-384304090441801,150.0,
1989-06-27,USGS-360642119474801,3.7,
1989-06-27,USGS-360642119474801,0.6,
1989-04-03,USGS-393705118292401,1000.0,
1989-04-03,USGS-393705118292401,160.0,
1989-06-13,USGS-352844097254001,2.9,
1989-06-13,USGS-352844097254001,0.88,
1989-03-29,USGS-384359090451101,0.2,
1989-05-30,USGS-361850119541201,100.0,
1989-05-30,USGS-361850119541201,15.0,
1989-08-25,USGS-392052119471201,2.2,
1989-08-25,USGS-392052119471201,0.2,
1989-06-07,USGS-360955119510301,160.0,
1989-06-07,USGS-360955119510301,24.0,
1989-02-03,USGS-392117118410901,390.0,
1989-02-03,USGS-392117118410901,58.0,
1989-07-20,USGS-352928086564001,0.03,
1989-07-20,USGS-352928086564001,0.3,
1989-08-22,USGS-424147114480101,2.6,
1989-06-21,USGS-354120119401701,15.0,
1989-06-21,USGS-354120119401701,2.5,
1989-08-22,USGS-353308087062701,0.02,
1989-08-22,USGS-353308087062701,0.2,
1989-07-20,USGS-351315097254201,35.0,
1989-07-20,USGS-351315097254201,32.0,
1989-07-20,USGS-351315097254201,4.6,
1989-07-20,USGS-351315097254201,7.3,
1989-06-28,USGS-355602119463301,500.0,
1989-06-28,USGS-355602119463301,71.0,
1989-06-22,USGS-353119119282601,55.0,
1989-06-22,USGS-353119119282601,7.7,
1989-06-02,USGS-390846119491701,29.0,
1989-06-02,USGS-390846119491701,3.7,
1989-05-03,USGS-424435113384501,2.7,
1989-04-05,USGS-384117090461901,2.0,
1989-04-05,USGS-384117090461901,0.8,
1989-07-18,USGS-350648119143101,74.0,
1989-07-18,USGS-350648119143101,14.0,
1989-06-08,USGS-345959097200301,0.9,
1989-06-08,USGS-345959097200301,0.59,
1989-07-25,USGS-413301072530301,1.0,
1989-07-25,USGS-413301072530301,0.3,
1989-07-19,USGS-350909119063201,730.0,
1989-07-19,USGS-350909119063201,120.0,
1989-06-21,USGS-393610119100401,18.0,
1989-06-15,USGS-353941087350501,0.01,
1989-06-15,USGS-353941087350501,0.1,
1989-03-30,USGS-384346090460501,0.2,
1989-08-03,USGS-384152090440601,46.0,
1989-06-28,USGS-350629096565401,9.6,
1989-06-28,USGS-350629096565401,1.6,
1989-07-12,USGS-352907119354501,110.0,
1989-07-12,USGS-352907119354501,24.0,
1989-07-10,USGS-414114072405602,0.3,
1989-06-16,USGS-353328097144101,1.4,
1989-06-16,USGS-353328097144101,0.54,
1989-06-21,USGS-353635119365801,160.0,
1989-06-21,USGS-353635119365801,21.0,
1989-08-08,USGS-351315097254201,5.4,
1989-08-08,USGS-351315097254201,6.0,
1989-08-08,USGS-351315097254201,1.1,
1989-08-08,USGS-351315097254201,1.3,
1989-08-22,USGS-370620107442700,0.6,
1989-07-20,USGS-353837097402301,10.0,
1989-07-20,USGS-353837097402301,1.1,
1989-06-29,USGS-353935119401701,150.0,
1989-06-29,USGS-353935119401701,22.0,
1989-06-26,USGS-353515119272001,15.0,
1989-06-26,USGS-353515119272001,1.6,
1989-06-19,USGS-355938119341601,43.0,
1989-06-19,USGS-355938119341601,8.8,
1989-05-31,USGS-362236119541701,2.8,
1989-05-31,USGS-362236119541701,0.3,
1989-06-28,USGS-360118119362401,110.0,
1989-06-28,USGS-360118119362401,20.0,
1989-06-20,USGS-353751119355001,150.0,
1989-06-20,USGS-353751119355001,21.0,
1989-08-16,USGS-424237113483801,5.3,
1989-06-13,USGS-392731118463803,61.0,
1989-06-13,USGS-392731118463803,9.0,
1989-02-02,USGS-392127118411001,520.0,
1989-02-02,USGS-392127118411001,78.0,
1989-07-12,USGS-354536119474401,15.0,
1989-07-12,USGS-354536119474401,1.7,
1989-06-23,USGS-351632097090901,1.9,
1989-06-23,USGS-351632097090901,0.68,
1989-08-22,USGS-424147114481501,2.5,
1989-02-23,USGS-393004118511301,68.0,
1989-02-23,USGS-393004118511301,10.0,
1989-04-04,USGS-393651118325701,170.0,
1989-04-04,USGS-393651118325701,25.0,
1989-06-05,USGS-384205090440201,1.2,
1989-08-10,USGS-392621118522301,2.2,
1989-08-10,USGS-392621118522301,0.2,
1989-06-28,USGS-355841119415001,260.0,
1989-06-28,USGS-355841119415001,40.0,
1989-07-12,USGS-352805086572801,0.02,
1989-07-12,USGS-352805086572801,0.1,
1989-05-18,USGS-355053087424401,0.06,
1989-05-18,USGS-355053087424401,1.6,
1989-07-20,USGS-352415097381301,4.7,
1989-07-20,USGS-352415097381301,0.55,
1989-06-08,USGS-360752119401201,13.0,
1989-06-08,USGS-360752119401201,2.0,
1989-03-28,USGS-384231090433601,0.1,
1989-08-18,USGS-13095500,2.1,
1989-06-28,USGS-360116119420301,1.9,
1989-06-28,USGS-360116119420301,0.2,
1989-09-20,USGS-391823119293401,5.1,
1989-09-20,USGS-391823119293401,0.9,
1989-08-22,USGS-423958114343801,7.0,
1989-08-22,USGS-423958114343801,1.0,
1989-06-15,USGS-393637118322501,190.0,
1989-06-01,USGS-361703119454501,320.0,
1989-06-01,USGS-361703119454501,51.0,
1989-09-21,USGS-392330119175401,0.7,
1989-06-26,USGS-360620119355301,450.0,
1989-06-26,USGS-360620119355301,64.0,
1989-08-11,USGS-354432086580901,0.07,
1989-08-11,USGS-354432086580901,1.7,
1989-06-07,USGS-361122119520201,16.0,
1989-06-07,USGS-361122119520201,3.9,
1989-01-06,USGS-384413090443303,0.2,
1989-06-29,USGS-345815097174901,2.4,
1989-06-29,USGS-345815097174901,0.74,
1989-08-10,USGS-393004118511301,9.1,
1989-08-01,USGS-415817072491101,1.0,
1989-08-01,USGS-415817072491101,2.0,
1989-08-01,USGS-415817072491101,0.6,
1989-07-17,USGS-414907072511801,12.0,
1989-07-17,USGS-414907072511801,10.0,
1989-07-17,USGS-414907072511801,2.4,
1989-06-20,USGS-393526119100301,3.0,
1989-01-14,USGS-345901107480901,0.8,
1989-09-26,USGS-430050113561001,1.6,
1989-05-31,USGS-362218119464901,2.7,
1989-05-31,USGS-362218119464901,0.3,
1989-02-28,USGS-393018118544001,1.2,
1989-02-28,USGS-393018118544001,8.2,
1989-06-07,USGS-361232119475001,99.0,
1989-06-07,USGS-361232119475001,17.0,
1989-09-21,USGS-430931113563401,0.02,
1989-04-06,USGS-384039090430901,10.0,
1989-04-06,USGS-384039090430901,3.4,
1990-08-13,USGS-424313113343501,2.1,
1990-03-29,USGS-384153090440401,8.0,
1990-07-17,USGS-371247109112501,10.0,
1990-07-17,USGS-371247109112501,2.1,
1990-07-18,USGS-394414075001501,0.01,
1990-07-24,USGS-393306075140101,0.04,
1990-08-14,USGS-424021113590001,3.5,
1990-06-11,USGS-380948099372701,13.0,
1990-06-11,USGS-380948099372701,2.0,
1990-08-09,USGS-354634119401301,49.0,
1990-08-14,USGS-393852075133401,0.04,
1990-08-22,USGS-394543074582701,0.01,
1990-08-15,USGS-393359075172801,0.07,
1990-08-24,USGS-430805113102401,1.6,
1990-07-17,USGS-384152090435506,1.2,
1990-08-14,USGS-424643114192801,3.1,
1990-01-09,USGS-384101090432201,210.0,
1990-08-29,USGS-410135104183500,5.8,
1990-08-28,USGS-355225119301602,800.0,
1990-07-12,USGS-400039074193001,0.04,
1990-07-17,USGS-384152090435505,3.1,
1990-08-16,USGS-424118114435501,2.4,
1990-08-08,USGS-355225119301601,5600.0,
1990-10-30,USGS-373753108470901,18.0,
1990-10-30,USGS-373753108470901,6.2,
1990-08-15,USGS-425352114494601,6.1,
1990-05-08,USGS-354447097042001,86.0,
1990-08-15,USGS-394217075003901,0.02,
1990-07-25,USGS-393105075122201,0.09,
1990-08-23,USGS-393823075134901,0.04,
1990-08-17,USGS-424655114333401,1.7,
1990-08-09,USGS-393408075142301,0.02,
1990-08-29,USGS-354634119401303,200.0,
1990-06-06,USGS-393259097364001,5.5,
1990-08-22,USGS-394427074593501,0.07,
1990-07-25,USGS-394057075100701,0.09,
1990-07-19,USGS-394348075004102,0.13,
1990-11-27,USGS-384310090435701,4.0,
1990-08-13,USGS-424037113423201,2.0,
1990-06-05,USGS-395247097284901,2.2,
1990-06-06,USGS-393210098040701,0.14,
1990-03-09,USGS-384152090440602,17.0,
1990-11-28,USGS-384231090433601,1.0,
1990-08-16,USGS-393914075130201,0.11,
1990-01-25,USGS-384304090441801,100.0,
1990-06-12,USGS-390540112370001,3.8,
1990-06-12,USGS-390540112370001,0.6,
1990-03-28,USGS-384039090430901,200.0,
1990-06-07,USGS-391912097435201,3.8,
1990-09-04,USGS-353938097031101,98.2,
1990-09-04,USGS-353938097031101,10.0,
1990-08-14,USGS-424237113483801,4.5,
1990-08-27,USGS-361307119422002,4.0,
1990-03-12,USGS-440526103173001,2.9,
1990-08-14,USGS-393657075135701,0.08,
1990-09-04,USGS-391433074490701,0.02,
1990-03-28,USGS-384259090442701,1.0,
1990-07-20,USGS-393840075121201,0.07,
1990-03-21,USGS-440443103161301,3.0,
1990-09-05,USGS-353011097340901,65.2,
1990-09-05,USGS-353011097340901,6.8,
1990-08-15,USGS-423958114343801,4.7,
1990-06-05,USGS-394428097085001,1.1,
1990-07-26,USGS-394337075004101,0.03,
1990-01-10,USGS-384153090440401,14.0,
1990-08-15,USGS-425455114160101,1.3,
1990-06-05,USGS-393148097520001,0.07,
1990-07-19,USGS-381204093583201,0.9,
1990-10-30,USGS-373156108462201,18.0,
1990-08-09,USGS-393401075144801,0.27,
1990-08-23,USGS-394303075050401,0.05,
1990-06-14,USGS-384155090440004,6.7,
1990-08-29,USGS-354634119401302,270.0,
1990-11-20,USGS-401303118261501,9.0,
1990-07-25,USGS-394416075013201,0.08,
1990-06-12,USGS-384155090440003,0.9,
1990-10-30,USGS-373753108470901,16.0,
1990-10-30,USGS-373753108470901,5.7,
1990-06-06,USGS-392730098050501,13.0,
1990-06-06,USGS-392730098050501,2.0,
1990-06-05,USGS-393033097241501,2.0,
1990-08-29,USGS-354634119401304,6.0,
1990-08-08,USGS-350635119053804,10.0,
1990-09-04,USGS-354654097030801,89.8,
1990-09-04,USGS-354654097030801,9.3,
1990-06-12,USGS-371430101480101,25.0,
1990-06-12,USGS-371430101480101,4.0,
1990-03-09,USGS-384152090440601,21.0,
1990-08-30,USGS-361455119495702,260.0,
1990-08-17,USGS-423935114263701,0.34,
1990-08-17,USGS-425726114344901,4.7,
1990-08-16,USGS-423945114110301,4.3,
1990-07-12,USGS-395933074131201,0.04,
1990-07-26,USGS-393250075133001,0.04,
1990-01-25,USGS-384259090442701,4.0,
1990-09-05,USGS-353042097313801,67.1,
1990-09-05,USGS-353042097313801,7.1,
1990-07-11,USGS-395741074212701,0.05,
1990-08-08,USGS-355225119301603,520.0,
1990-07-11,USGS-401303118261501,5.0,
1990-08-28,USGS-355225119301603,490.0,
1990-03-09,USGS-384152090440603,13.0,
1990-04-10,USGS-371247109112501,13.0,
1990-04-10,USGS-371247109112501,2.8,
1990-07-17,USGS-394327075021001,0.02,
1990-08-30,USGS-361455119495704,19.0,
1990-02-05,USGS-354637097030801,128.0,
1990-02-05,USGS-354637097030801,16.0,
1990-07-17,USGS-384152090435504,9.3,
1990-06-12,USGS-375757101414701,10.0,
1990-06-12,USGS-375757101414701,2.0,
1990-02-05,USGS-350003097003301,107.0,
1990-02-05,USGS-350003097003301,14.0,
1990-11-07,USGS-371247109112501,13.0,
1990-11-07,USGS-371247109112501,1.9,
1990-07-24,USGS-393236075123001,0.03,
1990-09-05,USGS-353131097325401,25.8,
1990-09-05,USGS-353131097325401,3.6,
1990-08-15,USGS-424807114505701,1.8,
1990-08-09,USGS-361307119422001,1300.0,
1990-06-12,USGS-384158090432901,2.4,
1990-12-13,USGS-440526103173001,2.4,
1990-09-21,USGS-394300074383001,0.01,
1990-08-07,USGS-350635119053802,40.0,
1990-08-09,USGS-361455119495701,150.0,
1990-08-28,USGS-355225119301604,3.0,
1990-08-09,USGS-393514075125301,0.36,
1990-08-07,USGS-350635119053801,230.0,
1990-07-18,USGS-394354075025901,0.09,
1990-06-11,USGS-382758099401601,0.04,
1990-08-13,USGS-424658113414601,3.4,
1990-09-05,USGS-353051097322001,26.6,
1990-09-05,USGS-353051097322001,2.7,
1990-03-21,USGS-433858112545501,2.5,
1990-07-10,USGS-395251074320201,0.04,
1990-09-05,USGS-352531097262101,1.7,
1990-09-05,USGS-352531097262101,0.28,
1990-11-27,USGS-384248090440801,3.0,
1990-08-09,USGS-361455119495703,220.0,
1990-09-20,USGS-394812074403102,0.02,
1990-06-12,USGS-384155090440002,23.2,
1990-07-10,USGS-395308074345301,0.06,
1990-08-09,USGS-354634119401301,44.0,
1990-03-28,USGS-384304090441801,57.0,
1990-07-11,USGS-395714074211201,0.07,
1990-03-14,USGS-440430103160201,2.5,
1990-08-06,USGS-350635119053803,3.0,
1990-01-09,USGS-384039090430901,220.0,
1990-07-17,USGS-432019112563201,2.1,
1990-06-05,USGS-394706097424401,1.2,
1990-08-16,USGS-393213075171601,0.1,
1990-08-08,USGS-394308075050501,0.04,
1990-08-31,USGS-424440106315601,6.6,
1990-08-31,USGS-424440106315601,1.0,
1990-06-06,USGS-392247097500101,0.03,
1990-09-04,USGS-355214096574801,0.0,
1990-09-04,USGS-355214096574801,0.04,
1990-07-17,USGS-384152090435507,2.9,
1991-08-21,USGS-432019112563201,2.1,
1991-06-25,USGS-413121103165401,6.2,
1991-07-08,USGS-411538102343801,4.9,
1991-09-11,USGS-384313108003101,10.0,
1991-09-11,USGS-384313108003101,3.0,
1991-08-15,USGS-425104114180001,1.5,
1991-02-07,USGS-440427103131701,2.2,
1991-03-27,USGS-393818075132401,0.04,
1991-07-16,USGS-412958103200401,10.0,
1991-03-22,USGS-394221075072203,0.03,
1991-06-24,USGS-412829102371401,5.0,
1991-06-25,USGS-415850103145201,3.8,
1991-03-19,USGS-394314075014502,0.02,
1991-05-21,USGS-383333107554701,49.0,
1991-05-21,USGS-383333107554701,15.0,
1991-05-01,USGS-393104075122202,0.11,
1991-07-08,USGS-412006102100301,2.2,
1991-07-09,USGS-414017104000701,18.0,
1991-09-03,USGS-391057108484301,30.0,
1991-09-03,USGS-391057108484301,9.5,
1991-07-23,USGS-384216090435301,2.0,
1991-06-17,USGS-414842103430801,0.2,
1991-07-11,USGS-412631102594801,6.4,
1991-05-08,USGS-440342103160701,2.2,
1991-10-24,USGS-424440106315601,5.8,
1991-10-24,USGS-424440106315601,0.9,
1991-12-17,USGS-394242075033001,0.19,
1991-10-15,USGS-361307119422002,3.0,
1991-05-02,USGS-393104075122203,0.06,
1991-07-15,USGS-391910097440301,9.2,
1991-07-15,USGS-391910097440301,1.0,
1991-08-12,USGS-424322113342901,1.7,
1991-07-11,USGS-413645103010401,21.0,
1991-09-05,USGS-362929116085701,12.0,
1991-08-14,USGS-423434114085301,3.4,
1991-09-03,USGS-363835116234001,4.0,
1991-08-28,USGS-362728116501101,5.0,
1991-08-14,USGS-423856114005601,2.9,
1991-07-11,USGS-420141104010401,15.0,
1991-04-26,USGS-393514075125301,0.27,
1991-12-20,USGS-393104075122201,0.01,
1991-07-08,USGS-393023097240201,0.21,
1991-07-10,USGS-413746103424201,13.0,
1991-12-20,USGS-393104075122202,0.12,
1991-06-25,USGS-414757103435201,13.0,
1991-10-17,USGS-355317119320003,4.0,
1991-03-21,USGS-394242075033004,0.06,
1991-12-17,USGS-394242075033003,0.01,
1991-06-25,USGS-413511103024801,9.5,
1991-08-13,USGS-425030114524101,1.7,
1991-07-25,USGS-384304090441801,200.0,
1991-09-05,USGS-362502116192301,4.0,
1991-08-28,USGS-391208108473801,8.0,
1991-08-28,USGS-391208108473801,2.5,
1991-03-20,USGS-394314075014501,0.04,
1991-08-21,USGS-430931113563401,1.7,
1991-03-26,USGS-394221075072202,0.16,
1991-05-07,USGS-394221075072201,0.15,
1991-10-18,USGS-355225119301602,960.0,
1991-09-04,USGS-365821116343701,7.0,
1991-07-15,USGS-383544098352101,4.9,
1991-07-08,USGS-412620102263001,22.0,
1991-03-29,USGS-391559108540001,18.0,
1991-03-29,USGS-391559108540001,5.0,
1991-06-25,USGS-415714103425401,8.2,
1991-07-10,USGS-414520103144701,16.0,
1991-08-26,USGS-362924116203001,3.0,
1991-04-02,USGS-390952108395901,54.0,
1991-04-02,USGS-390952108395901,16.0,
1991-12-17,USGS-394242075033004,0.09,
1991-06-19,USGS-413448103402701,0.2,
1991-06-11,USGS-391304098102803,5.1,
1991-03-21,USGS-394242075033002,0.04,
1991-08-31,USGS-362555116205301,16.0,
1991-06-19,USGS-384243107573701,21.0,
1991-06-19,USGS-384243107573701,5.8,
1991-07-08,USGS-413446102350901,1.3,
1991-08-15,USGS-423958114343401,3.2,
1991-07-11,USGS-384330098052601,0.07,
1991-12-18,USGS-364554116232401,1.0,
1991-07-08,USGS-390958097490101,12.0,
1991-07-08,USGS-390958097490101,2.0,
1991-09-04,USGS-365520116370301,5.0,
1991-08-27,USGS-362230116162001,4.0,
1991-07-09,USGS-383958108022501,10.0,
1991-07-09,USGS-383958108022501,2.9,
1991-10-17,USGS-355317119320002,66.0,
1991-03-28,USGS-391057108484301,40.0,
1991-03-28,USGS-391057108484301,12.0,
1991-08-21,USGS-432336113064201,1.7,
1991-08-16,USGS-424147114481501,1.6,
1991-07-09,USGS-390814098175901,20.0,
1991-07-09,USGS-390814098175901,3.0,
1991-03-21,USGS-394242075033002,0.05,
1991-07-10,USGS-413824103554801,12.0,
1991-07-15,USGS-414854103232001,25.0,
1991-08-28,USGS-391203108473801,74.0,
1991-08-28,USGS-391203108473801,22.0,
1991-07-17,USGS-413523102551001,0.8,
1991-07-23,USGS-384310090435701,3.0,
1991-12-23,USGS-393104075122203,0.03,
1991-07-25,USGS-384259090442701,4.0,
1991-08-28,USGS-391207108474301,33.0,
1991-08-28,USGS-391207108474301,10.0,
1991-04-23,USGS-393852075133401,0.02,
1991-07-10,USGS-413650103283801,15.0,
1991-05-01,USGS-393104075122201,0.02,
1991-06-18,USGS-414207103560601,19.0,
1991-07-09,USGS-420354104015401,18.0,
1991-07-02,USGS-384108108024401,10.0,
1991-07-02,USGS-384108108024401,2.8,
1991-07-16,USGS-382425098591401,0.57,
1991-07-09,USGS-383621108012001,2.0,
1991-07-09,USGS-383621108012001,0.7,
1991-12-17,USGS-364828116234001,1.0,
1991-07-09,USGS-412732103522701,5.1,
1991-03-22,USGS-394242075033001,0.17,
1991-04-24,USGS-393449075052801,0.14,
1991-07-17,USGS-421422103443901,5.5,
1991-05-10,USGS-382918107565401,0.2,
1991-07-16,USGS-385757098432001,8.3,
1991-07-16,USGS-385757098432001,1.0,
1991-05-08,USGS-390445108393901,27.0,
1991-05-08,USGS-390445108393901,8.8,
1991-07-11,USGS-415049103023301,22.0,
1991-12-17,USGS-440220103164001,2.4,
1991-07-10,USGS-385726098313001,3.5,
1991-08-21,USGS-424834107374001,76.0,
1991-08-21,USGS-424834107374001,11.0,
1991-09-05,USGS-440655103140501,2.2,
1991-04-01,USGS-390419108294601,6.0,
1991-04-01,USGS-390419108294601,1.9,
1991-12-27,USGS-394242075033002,0.09,
1991-07-15,USGS-413504103084901,12.0,
1991-09-03,USGS-391226108472801,55.0,
1991-09-03,USGS-391226108472801,17.0,
1991-06-18,USGS-414918104004201,2.6,
1991-07-10,USGS-414534103200701,18.0,
1991-10-18,USGS-355225119301604,4.0,
1991-10-15,USGS-361307119422001,790.0,
1991-08-12,USGS-424224113484301,3.4,
1991-05-10,USGS-382933107571101,3.0,
1991-05-10,USGS-382933107571101,1.0,
1991-07-09,USGS-390057097580901,13.0,
1991-07-09,USGS-390057097580901,2.0,
1991-08-28,USGS-362252116425301,2.0,
1991-03-27,USGS-393818075132402,0.01,
1991-07-23,USGS-384248090440801,3.0,
1991-08-14,USGS-424824114263801,1.5,
1991-07-16,USGS-383943098165801,6.0,
1991-03-19,USGS-394314075014503,0.04,
1991-11-07,USGS-381845100533301,36.0,
1991-11-07,USGS-381845100533301,5.0,
1991-08-27,USGS-362532116172700,4.0,
1991-07-17,USGS-415838103511701,0.8,
1991-10-17,USGS-355317119320002,76.0,
1991-05-09,USGS-382652107495301,72.0,
1991-05-09,USGS-382652107495301,29.0,
1991-06-24,USGS-412433102194101,7.0,
1991-09-11,USGS-384309108004601,8.0,
1991-09-11,USGS-384309108004601,2.5,
1991-12-18,USGS-441055103230501,1.9,
1991-08-12,USGS-424151113554601,1.6,
1991-12-18,USGS-363530116021401,3.0,
1991-04-23,USGS-393401075144801,0.22,
1991-04-01,USGS-391853108510401,9.0,
1991-04-01,USGS-391853108510401,3.7,
1991-04-26,USGS-393047075054202,0.05,
1991-12-11,USGS-440310103173802,2.0,
1991-07-03,USGS-383847108024001,0.4,
1991-07-15,USGS-415324103405401,22.0,
1991-09-04,USGS-391530108491801,41.0,
1991-09-04,USGS-391530108491801,13.0,
1991-07-03,USGS-383847108024001,1.0,
1991-07-03,USGS-383847108024001,0.5,
1991-09-06,USGS-440612103152001,1.3,
1991-10-04,USGS-391853108510401,4.0,
1991-10-04,USGS-391853108510401,1.2,
1991-07-09,USGS-421423104022201,7.6,
1991-03-28,USGS-391226108472801,22.0,
1991-03-28,USGS-391226108472801,7.2,
1991-08-13,USGS-424550114432701,1.4,
1991-07-24,USGS-384155090440004,9.0,
1991-08-16,USGS-424359114240901,1.6,
1991-04-24,USGS-393203075170501,0.07,
1991-08-14,USGS-423951114104501,2.6,
1991-07-15,USGS-415845103485301,22.0,
1991-07-10,USGS-384321098263101,8.4,
1991-07-10,USGS-384321098263101,1.0,
1991-07-02,USGS-383832108021001,12.0,
1991-07-02,USGS-383832108021001,3.3,
1991-10-16,USGS-355317119320004,4.0,
1991-03-29,USGS-391530108491801,23.0,
1991-03-29,USGS-391530108491801,6.3,
1991-08-13,USGS-425618114454001,6.4,
1991-06-18,USGS-414918104002801,1.2,
1991-04-02,USGS-390246108340301,0.1,
1991-05-03,USGS-393820097284003,0.32,
1991-03-29,USGS-391630108525701,42.0,
1991-03-29,USGS-391630108525701,13.0,
1991-07-15,USGS-420355103470501,8.5,
1992-05-15,USGS-383806090450601,3.2,
1992-05-15,USGS-383806090450601,5.0,
1992-05-15,USGS-383806090450601,1.7,
1992-06-09,USGS-383818090460001,0.39,
1992-06-09,USGS-383818090460001,0.25,
1992-03-31,USGS-352743108563401,22.0,
1992-07-28,USGS-424043113420001,2.1,
1992-10-21,USGS-355648119354402,16.0,
1992-03-04,USGS-383816090453601,16.0,
1992-03-04,USGS-383816090453601,21.0,
1992-03-04,USGS-383816090453601,2.0,
1992-03-04,USGS-383816090453601,5.8,
1992-05-11,USGS-384304090441801,120.0,
1992-05-12,USGS-383816090453602,1.6,
1992-05-12,USGS-383816090453602,2.0,
1992-05-12,USGS-383816090453602,0.64,
1992-04-01,USGS-353537108355001,260.0,
1992-08-18,USGS-384259090442701,4.0,
1992-06-04,USGS-380109099521403,0.53,
1992-03-02,USGS-384313108003101,24.0,
1992-03-02,USGS-384313108003101,7.9,
1992-02-19,USGS-391530108491801,17.0,
1992-02-19,USGS-391530108491801,4.9,
1992-01-13,USGS-355317119320005,2900.0,
1992-06-09,USGS-383818090460002,0.13,
1992-06-09,USGS-383818090460002,0.2,
1992-06-23,USGS-424301114364001,2.5,
1992-06-03,USGS-432456107474801,1.1,
1992-06-03,USGS-432456107474801,0.17,
1992-03-05,USGS-383525090482801,9.1,
1992-03-05,USGS-383525090482801,10.0,
1992-03-05,USGS-383525090482801,1.0,
1992-03-05,USGS-383525090482801,3.0,
1992-03-03,USGS-383824090461502,0.18,
1992-03-03,USGS-383824090461502,0.2,
1992-07-30,USGS-425218113435901,1.4,
1992-02-20,USGS-391203108473801,27.0,
1992-02-20,USGS-391203108473801,7.6,
1992-05-12,USGS-383818090460002,0.12,
1992-05-12,USGS-383818090460002,5.0,
1992-05-12,USGS-383818090460002,1.2,
1992-04-09,USGS-355530119285201,130.0,
1992-04-09,USGS-355526119285503,100.0,
1992-04-09,USGS-383824090461502,0.04,
1992-04-09,USGS-383824090461502,0.18,
1992-04-09,USGS-355526119285502,190.0,
1992-03-04,USGS-383806090450601,3.2,
1992-03-04,USGS-383806090450601,4.0,
1992-03-04,USGS-383806090450601,1.3,
1992-03-04,USGS-383818090460001,0.27,
1992-03-04,USGS-383818090460001,0.2,
1992-05-22,USGS-433319109430601,0.04,
1992-10-19,USGS-354638119465601,12.0,
1992-03-31,USGS-353220108400004,29.0,
1992-08-18,USGS-384304090441801,100.0,
1992-08-18,USGS-362755116190401,4.0,
1992-05-19,USGS-440818103180801,2.5,
1992-06-23,USGS-423431114085501,2.8,
1992-03-20,USGS-391853108510401,450.0,
1992-03-20,USGS-391853108510401,150.0,
1992-05-27,USGS-385613114250401,0.8,
1992-04-08,USGS-383806090450602,0.09,
1992-04-08,USGS-383806090450602,0.21,
1992-03-26,USGS-365821116343701,7.0,
1992-07-27,USGS-424219114263801,2.7,
1992-05-15,USGS-383806090450602,0.26,
1992-05-15,USGS-383806090450602,0.17,
1992-04-01,USGS-353220108400001,35.0,
1992-03-04,USGS-364528116232201,1.0,
1992-02-20,USGS-391207108474301,17.0,
1992-02-20,USGS-391207108474301,4.8,
1992-01-10,USGS-383621108012001,16.0,
1992-01-10,USGS-383621108012001,4.6,
1992-05-13,USGS-384039090430901,170.0,
1992-07-30,USGS-424147114480101,1.8,
1992-05-12,USGS-440544103180001,2.0,
1992-03-31,USGS-352742108562301,15.0,
1992-04-09,USGS-383818090460001,0.19,
1992-04-09,USGS-383818090460001,0.17,
1992-05-13,USGS-440544103180002,0.46,
1992-10-08,USGS-440931103141401,1.9,
1992-05-11,USGS-384259090442701,6.0,
1992-05-14,USGS-440338103173301,0.51,
1992-07-28,USGS-424125113555501,3.3,
1992-08-19,USGS-362230116162001,2.0,
1992-05-28,USGS-394001114482600,0.0,
1992-07-29,USGS-425610114241502,3.2,
1992-06-10,USGS-383525090482801,6.9,
1992-06-10,USGS-383525090482801,7.0,
1992-06-10,USGS-383525090482801,1.0,
1992-06-10,USGS-383525090482801,2.0,
1992-08-19,USGS-384153090440401,5.0,
1992-10-13,USGS-440334103095601,5.6,
1992-08-19,USGS-362532116172700,4.0,
1992-03-25,USGS-365520116370301,4.0,
1992-03-04,USGS-383816090453602,3.6,
1992-03-04,USGS-383816090453602,4.0,
1992-03-04,USGS-383816090453602,1.2,
1992-03-03,USGS-383958108022501,7.0,
1992-03-03,USGS-383958108022501,1.9,
1992-06-10,USGS-383824090461501,0.29,
1992-06-10,USGS-383824090461501,0.29,
1992-05-15,USGS-383824090461502,0.05,
1992-05-15,USGS-383824090461502,0.19,
1992-04-09,USGS-383824090461501,0.26,
1992-04-09,USGS-383824090461501,1.0,
1992-04-09,USGS-383824090461501,0.48,
1992-05-20,USGS-383813114380901,1.4,
1992-03-24,USGS-362929116085701,21.0,
1992-11-30,USGS-431526100563201,21.0,
1992-06-09,USGS-383816090453601,7.0,
1992-06-09,USGS-383816090453601,10.0,
1992-06-09,USGS-383816090453601,1.0,
1992-06-09,USGS-383816090453601,2.8,
1992-06-09,USGS-383816090453602,5.3,
1992-06-09,USGS-383816090453602,6.0,
1992-06-09,USGS-383816090453602,1.9,
1992-04-09,USGS-383816090453602,1.4,
1992-04-09,USGS-383816090453602,2.0,
1992-04-09,USGS-383816090453602,0.53,
1992-10-14,USGS-440629103040901,5.0,
1992-06-25,USGS-400103118400701,61.0,
1992-10-19,USGS-354638119465603,41.0,
1992-03-03,USGS-384108108024401,7.0,
1992-03-03,USGS-384108108024401,2.0,
1992-06-03,USGS-432404107553701,1.3,
1992-06-03,USGS-432404107553701,0.19,
1992-04-27,USGS-363835116234001,2.0,
1992-05-12,USGS-383818090460001,0.16,
1992-05-12,USGS-383818090460001,0.19,
1992-04-09,USGS-355526119285504,23.0,
1992-05-26,USGS-383525090482801,7.6,
1992-05-26,USGS-383525090482801,9.0,
1992-05-26,USGS-383525090482801,1.0,
1992-05-26,USGS-383525090482801,2.7,
1992-04-01,USGS-353536108354901,63.0,
1992-05-12,USGS-383816090453601,4.0,
1992-05-12,USGS-383816090453601,5.0,
1992-05-12,USGS-383816090453601,1.4,
1992-06-30,USGS-430050113561001,1.2,
1992-07-28,USGS-424709113342801,1.8,
1992-03-03,USGS-383824090461501,0.27,
1992-03-03,USGS-383824090461501,0.3,
1992-10-19,USGS-354638119465602,85.0,
1992-10-19,USGS-354638119465604,43.0,
1992-09-15,USGS-424035114192801,3.2,
1992-06-23,USGS-424843114474901,1.4,
1992-02-18,USGS-391226108472801,2.0,
1992-02-18,USGS-391226108472801,0.7,
1992-07-30,USGS-424537113470101,2.8,
1992-04-09,USGS-383818090460002,0.15,
1992-04-09,USGS-383818090460002,0.22,
1992-09-06,USGS-373024102011701,0.53,
1992-04-09,USGS-383923090442101,0.1,
1992-04-09,USGS-383923090442101,0.19,
1992-06-24,USGS-425307114122301,1.2,
1992-04-08,USGS-383816090453601,4.8,
1992-04-08,USGS-383816090453601,4.0,
1992-04-08,USGS-383816090453601,1.2,
1992-05-20,USGS-382259115090801,1.6,
1992-06-30,USGS-430918113371401,1.1,
1992-05-20,USGS-440310103173801,2.3,
1992-07-27,USGS-13095500,1.7,
1992-06-09,USGS-383806090450601,3.5,
1992-06-09,USGS-383806090450601,4.0,
1992-06-09,USGS-383806090450601,1.4,
1992-02-18,USGS-391208108473801,7.0,
1992-02-18,USGS-391208108473801,1.9,
1992-06-10,USGS-383824090461502,0.11,
1992-06-10,USGS-383824090461502,0.17,
1992-03-04,USGS-383621108012001,15.0,
1992-03-04,USGS-383621108012001,4.3,
1992-04-08,USGS-383806090450601,2.9,
1992-04-08,USGS-383806090450601,3.0,
1992-04-08,USGS-383806090450601,1.0,
1992-04-01,USGS-353535108355004,18.0,
1992-03-04,USGS-383832108021001,7.0,
1992-03-04,USGS-383832108021001,2.1,
1992-02-19,USGS-391057108484301,17.0,
1992-02-19,USGS-391057108484301,4.8,
1992-06-09,USGS-383806090450602,0.36,
1992-06-09,USGS-383806090450602,0.24,
1992-04-29,USGS-362835116264102,2.0,
1992-05-15,USGS-383824090461501,0.17,
1992-05-15,USGS-383824090461501,0.19,
1992-08-18,USGS-362924116203001,3.0,
1992-04-28,USGS-362755116190401,2.0,
1992-03-04,USGS-383818090460002,0.17,
1992-03-04,USGS-383818090460002,0.2,
1992-04-01,USGS-353220108400003,19.0,
1992-03-04,USGS-383806090450602,0.36,
1992-03-04,USGS-383806090450602,0.3,
1992-10-21,USGS-355648119354401,4.0,
1992-06-02,USGS-375826100571304,0.29,
1993-08-22,USGS-324405097053102,7.0,
1993-07-01,USGS-364150092101501,1.0,
1993-11-19,USGS-353445113255000,2.0,
1993-08-10,USGS-385925119203601,15.0,
1993-08-10,USGS-385925119203601,2.0,
1993-08-17,USGS-384153090440401,8.0,
1993-08-31,USGS-401630104462903,17.0,
1993-07-19,USGS-425045073482101,2.0,
1993-08-19,USGS-363317119490401,49.0,
1993-06-09,USGS-393210077392901,0.23,
1993-09-08,USGS-432242088082401,0.02,
1993-08-11,USGS-385927119202901,4.8,
1993-08-24,USGS-304808083120201,0.1,
1993-07-19,USGS-395841076210001,3.0,
1993-10-29,USGS-361039094050501,0.01,
1993-08-29,USGS-373916106021701,3.0,
1993-08-23,USGS-304346084073501,0.12,
1993-09-01,USGS-435000088425401,0.02,
1993-08-12,USGS-380843121205201,1.0,
1993-08-25,USGS-433331088030801,0.4,
1993-08-25,USGS-433331088030801,0.07,
1993-09-01,USGS-324243097105001,10.0,
1993-09-09,USGS-324340097050001,1.0,
1993-09-16,USGS-464547095501201,0.05,
1993-07-23,USGS-425427073562201,2.0,
1993-09-05,USGS-435426088092601,2.1,
1993-09-05,USGS-435426088092601,0.31,
1993-05-11,USGS-384139090434801,24.0,
1993-09-09,USGS-374757106085301,3.0,
1993-08-03,USGS-394156104550701,26.0,
1993-08-19,USGS-394314104575001,16.0,
1993-07-12,USGS-452649122210601,0.02,
1993-08-24,USGS-433706088021501,0.02,
1993-08-02,USGS-351057106384204,9.0,
1993-08-11,USGS-350344106391201,21.0,
1993-08-17,USGS-463240097080701,2.5,
1993-08-17,USGS-463240097080701,0.38,
1993-08-11,USGS-463207097194301,0.4,
1993-08-11,USGS-463207097194301,0.06,
1993-08-04,USGS-404435077182801,1.0,
1993-07-30,USGS-350758106403201,14.0,
1993-08-25,USGS-402115104432001,28.0,
1993-07-20,USGS-313458083451901,0.15,
1993-07-26,USGS-312558083135601,0.2,
1993-08-16,USGS-350316106402001,2.0,
1993-06-02,USGS-351538116410301,5.0,
1993-09-01,USGS-464446095442701,1.1,
1993-09-01,USGS-464446095442701,0.17,
1993-05-12,USGS-384110090425401,3.0,
1993-09-20,USGS-473422095241901,0.02,
1993-09-02,USGS-462700095322001,3.4,
1993-09-02,USGS-462700095322001,0.51,
1993-12-10,USGS-353713113421800,2.0,
1993-08-13,USGS-394830104564001,1.0,
1993-08-12,USGS-351347106370301,42.0,
1993-08-24,USGS-463956095352601,5.0,
1993-08-24,USGS-463956095352601,0.75,
1993-08-31,USGS-364639120065001,179.0,
1993-09-08,USGS-462449095482901,0.6,
1993-09-08,USGS-462449095482901,0.09,
1993-08-10,USGS-462355097134901,7.2,
1993-08-10,USGS-462355097134901,1.1,
1993-04-01,USGS-424440106315601,6.3,
1993-04-01,USGS-424440106315601,0.95,
1993-11-05,USGS-351514116401402,8.0,
1993-09-08,USGS-471928095342901,0.01,
1993-08-11,USGS-325001097055102,2.0,
1993-08-02,USGS-463029097283401,0.7,
1993-08-02,USGS-463029097283401,0.11,
1993-08-18,USGS-325738082202801,0.12,
1993-07-06,USGS-450209123030101,0.01,
1993-05-26,USGS-361459094323201,22.0,
1993-09-23,USGS-463048096060001,2.1,
1993-09-23,USGS-463048096060001,0.31,
1993-07-29,USGS-393736105004001,6.0,
1993-08-31,USGS-375054106013401,3.0,
1993-07-29,USGS-355612094480201,1.0,
1993-08-26,USGS-464457095360301,0.01,
1993-08-30,USGS-402006104465301,33.0,
1993-09-08,USGS-324337097071601,2.0,
1993-07-20,USGS-382601078563801,0.2,
1993-08-12,USGS-394824105065001,48.0,
1993-09-07,USGS-461547095401801,0.03,
1993-09-09,USGS-472553095353401,0.02,
1993-07-29,USGS-351742116362401,15.0,
1993-09-16,USGS-363805119345001,10.0,
1993-09-05,USGS-435923088073901,0.8,
1993-09-05,USGS-435923088073901,0.01,
1993-08-17,USGS-360617115063802,56.0,
1993-06-28,USGS-384037078281201,0.14,
1993-06-17,USGS-370822094190101,3.0,
1993-10-15,USGS-354815113192000,29.0,
1993-10-19,USGS-293554081342602,0.18,
1993-08-05,USGS-394234104595301,8.0,
1993-09-02,USGS-401841104464601,38.0,
1993-08-24,USGS-324440097071701,2.0,
1993-09-14,USGS-363418119384201,15.0,
1993-08-19,USGS-360535115050901,27.0,
1993-08-01,USGS-351109106365501,57.0,
1993-09-06,USGS-435411087565001,0.04,
1993-09-20,USGS-385521078281601,0.25,
1993-09-02,USGS-373754105575201,17.0,
1993-11-04,USGS-351456116395001,188.0,
1993-08-24,USGS-463618095353301,0.01,
1993-08-16,USGS-350212106404001,11.0,
1993-07-13,USGS-400052076233701,1.0,
1993-05-21,USGS-351829116371201,3.0,
1993-06-30,USGS-380641079091101,0.15,
1993-08-10,USGS-350436106411701,4.0,
1993-07-20,USGS-394655105030901,49.0,
1993-07-13,USGS-400452076331601,4.0,
1993-07-19,USGS-441556123092001,0.41,
1993-06-16,USGS-382014079052701,0.15,
1993-07-19,USGS-441155123152801,0.01,
1993-10-11,USGS-361025113071100,5.0,
1993-09-16,USGS-351514116401402,7.0,
1993-06-21,USGS-453055122272901,0.02,
1993-05-10,USGS-384304090441801,31.0,
1993-08-10,USGS-385924119203601,8.2,
1993-08-10,USGS-385924119203601,1.0,
1993-08-03,USGS-350622106392301,4.0,
1993-07-30,USGS-394858104591701,68.0,
1993-08-10,USGS-463632097130001,1.9,
1993-08-10,USGS-463632097130001,0.28,
1993-08-12,USGS-323822081414201,0.11,
1993-08-03,USGS-394044104533901,18.0,
1993-07-29,USGS-304802083311401,0.33,
1993-10-13,USGS-462302096031201,0.7,
1993-10-13,USGS-462302096031201,0.11,
1993-09-08,USGS-402016104465501,25.0,
1993-09-07,USGS-431812088094001,0.5,
1993-09-07,USGS-431812088094001,0.07,
1993-07-29,USGS-462845097292401,1.4,
1993-07-29,USGS-462845097292401,0.21,
1993-09-08,USGS-402016104465503,41.0,
1993-09-24,USGS-351738116374101,17.0,
1993-08-15,USGS-350534106385801,11.0,
1993-08-12,USGS-462749097130301,1.0,
1993-08-12,USGS-462749097130301,0.15,
1993-07-12,USGS-400846077455901,0.28,
1993-09-02,USGS-401841104464603,13.0,
1993-08-30,USGS-314037082121501,0.14,
1993-06-10,USGS-392033077530301,0.25,
1993-05-21,USGS-351811116361801,14.0,
1993-04-06,USGS-384231090433601,3.0,
1993-08-11,USGS-385916119202901,0.67,
1993-08-18,USGS-384039090430901,120.0,
1993-08-31,USGS-401630104462901,19.0,
1993-07-01,USGS-380831078522401,0.24,
1993-08-04,USGS-393632105013201,7.0,
1993-08-17,USGS-384304090441801,41.0,
1993-07-28,USGS-351505116405701,7.0,
1993-08-18,USGS-394612105071001,18.0,
1993-09-13,USGS-374359106085501,5.0,
1993-08-20,USGS-360640115070401,35.0,
1993-08-13,USGS-345919106412801,7.0,
1993-07-27,USGS-391317077555801,0.26,
1993-09-08,USGS-432053088114301,0.04,
1993-08-15,USGS-350653106400601,50.0,
1993-07-27,USGS-462748097053301,2.3,
1993-07-27,USGS-462748097053301,0.35,
1993-09-14,USGS-351539116405603,1.0,
1993-09-07,USGS-364709093411401,1.0,
1993-11-17,USGS-355807113561800,2.0,
1993-08-19,USGS-322547082362501,0.1,
1993-07-21,USGS-394545104582301,46.0,
1993-08-22,USGS-361053115120501,7.0,
1993-07-19,USGS-442629123105701,0.1,
1993-08-03,USGS-402259077085401,1.0,
1993-07-21,USGS-383215078461401,2.0,
1993-07-21,USGS-383215078461401,0.78,
1993-10-26,USGS-365650094003001,0.4,
1993-10-26,USGS-365650094003001,0.07,
1993-10-27,USGS-362636094012602,0.04,
1993-09-09,USGS-372146093420201,7.0,
1993-08-17,USGS-364112119352701,28.0,
1993-07-15,USGS-393938105071401,7.0,
1993-08-03,USGS-462634097253701,11.0,
1993-08-03,USGS-462634097253701,1.6,
1993-06-02,USGS-394416077393401,0.23,
1993-09-07,USGS-431623088041001,1.4,
1993-09-07,USGS-431623088041001,0.21,
1993-10-14,USGS-463418095490901,0.01,
1993-08-24,USGS-433706088021502,0.04,
1993-08-10,USGS-350054106424401,6.0,
1993-12-14,USGS-380540094213001,0.01,
1993-07-21,USGS-441229123102801,0.02,
1993-05-21,USGS-351556116404601,5.0,
1993-09-15,USGS-464438095512801,0.01,
1993-07-15,USGS-393357105020201,14.0,
1993-10-10,USGS-361148113045900,5.0,
1993-10-11,USGS-360957113080200,2.0,
1993-09-01,USGS-401844104450106,67.0,
1993-09-06,USGS-433126088002301,1.0,
1993-09-06,USGS-433126088002301,0.14,
1993-08-11,USGS-390339078070901,1.0,
1993-08-11,USGS-390339078070901,0.43,
1993-09-15,USGS-351539116405606,133.0,
1993-09-01,USGS-313917081550001,0.14,
1993-05-20,USGS-351450116402301,6.0,
1993-08-18,USGS-351221106360601,2.0,
1993-08-10,USGS-382143078465801,0.3,
1993-08-17,USGS-384110090425401,1.0,
1993-06-03,USGS-393815077353001,0.24,
1993-05-11,USGS-384153090440401,19.0,
1993-09-01,USGS-363317119515001,87.0,
1993-07-19,USGS-400623076242302,3.0,
1993-08-05,USGS-315241083250901,0.18,
1993-08-17,USGS-350029106422101,6.0,
1993-09-22,USGS-471240095390101,0.7,
1993-09-22,USGS-471240095390101,0.1,
1993-07-28,USGS-310807083204701,1.0,
1993-07-28,USGS-310807083204701,0.47,
1993-08-31,USGS-401630104462902,20.0,
1993-07-21,USGS-313549083362501,0.36,
1993-07-21,USGS-400137076085201,3.0,
1993-07-29,USGS-462907097214201,0.5,
1993-07-29,USGS-462907097214201,0.07,
1993-07-20,USGS-395952076074901,13.0,
1993-06-29,USGS-380231079091101,0.31,
1993-11-18,USGS-354346113520200,2.0,
1993-11-16,USGS-463221097140101,0.02,
1993-07-21,USGS-400655076203401,4.0,
1993-09-01,USGS-401844104450102,22.0,
1993-09-03,USGS-435910088025701,0.8,
1993-09-03,USGS-435910088025701,0.12,
1993-09-14,USGS-465128095521101,1.7,
1993-09-14,USGS-465128095521101,0.26,
1993-07-26,USGS-403913076275501,3.0,
1993-08-05,USGS-394326105003901,13.0,
1993-08-25,USGS-463050095431301,0.03,
1993-09-15,USGS-465058095265901,0.01,
1993-09-01,USGS-401844104450101,23.0,
1993-09-01,USGS-464048095413601,0.01,
1993-08-17,USGS-325438081563801,0.12,
1993-07-29,USGS-393944105000201,37.0,
1993-09-29,USGS-325111097093101,4.0,
1993-09-22,USGS-472941095350401,5.5,
1993-09-22,USGS-472941095350401,0.82,
1993-07-30,USGS-351106116382801,12.0,
1993-09-15,USGS-363726119465201,9.0,
1993-08-11,USGS-321455081402901,0.12,
1993-07-27,USGS-462931097090801,5.3,
1993-07-27,USGS-462931097090801,0.79,
1993-08-18,USGS-384259090442701,1.0,
1993-11-16,USGS-463050097213401,3.5,
1993-11-16,USGS-463050097213401,0.53,
1993-06-02,USGS-351543116413401,5.0,
1993-08-03,USGS-324634082513201,0.1,
1993-12-14,USGS-383232093321301,0.03,
1993-09-06,USGS-433336088025901,0.7,
1993-09-06,USGS-433336088025901,0.1,
1993-08-12,USGS-463221097140101,0.03,
1993-08-17,USGS-462724097204601,0.8,
1993-08-17,USGS-462724097204601,0.01,
1993-08-31,USGS-462157097245801,0.8,
1993-08-31,USGS-462157097245801,0.12,
1993-08-31,USGS-364645120005301,85.0,
1993-06-02,USGS-351553116411001,3.0,
1993-11-05,USGS-351514116401401,6.0,
1993-08-12,USGS-394653105053601,80.0,
1993-08-03,USGS-443109122552301,0.01,
1993-11-05,USGS-351514116401403,3.0,
1993-08-31,USGS-463107097053301,71.0,
1993-08-31,USGS-463107097053301,11.0,
1993-08-04,USGS-463355097030701,14.0,
1993-08-04,USGS-463355097030701,2.1,
1993-08-20,USGS-325225097045901,17.0,
1993-08-04,USGS-321256082595601,0.21,
1993-09-09,USGS-394834105055001,31.0,
1993-09-09,USGS-391200077520401,2.0,
1993-09-09,USGS-391200077520401,0.55,
1993-08-12,USGS-351311106362801,3.0,
1993-08-25,USGS-402115104432002,25.0,
1993-06-17,USGS-381031079110601,0.17,
1993-07-27,USGS-444055123035401,0.03,
1993-08-25,USGS-324404097063501,35.0,
1993-06-15,USGS-382253079021201,0.28,
1993-04-06,USGS-384310090435701,7.0,
1993-08-04,USGS-350639106410001,5.0,
1993-06-29,USGS-364850090222201,1.0,
1993-07-12,USGS-395652077372001,0.37,
1993-10-26,USGS-370535093490101,0.6,
1993-10-26,USGS-370535093490101,0.09,
1993-07-14,USGS-394648105072301,14.0,
1993-08-12,USGS-325001097055101,3.0,
1993-07-27,USGS-313354083000301,1.0,
1993-07-27,USGS-313354083000301,0.38,
1993-09-15,USGS-351539116405605,4.0,
1993-07-30,USGS-425016073465303,1.0,
1993-06-24,USGS-452623122470801,0.03,
1993-07-12,USGS-400033076344901,7.0,
1993-08-26,USGS-312012082345801,0.12,
1993-04-05,USGS-384254090445301,2.0,
1993-10-28,USGS-362427094493001,0.01,
1993-08-04,USGS-393843105005201,6.0,
1993-10-13,USGS-463652096041201,0.04,
1993-09-02,USGS-374101106035601,1.0,
1993-09-15,USGS-351539116405604,4.0,
1993-07-27,USGS-392929077530201,0.27,
1993-07-15,USGS-400711076113801,10.0,
1993-08-04,USGS-463603097050601,2.2,
1993-08-04,USGS-463603097050601,0.33,
1993-04-06,USGS-384248090440801,3.0,
1993-07-20,USGS-400629076365201,1.0,
1993-09-15,USGS-392235075043201,0.01,
1993-08-03,USGS-403613076475801,4.0,
1993-09-27,USGS-351421106363201,5.0,
1993-08-11,USGS-393922105031201,37.0,
1993-05-20,USGS-351125116374901,17.0,
1993-07-21,USGS-394508104593801,7.0,
1993-07-19,USGS-305452084222501,0.16,
1993-11-04,USGS-351504116400301,5.0,
1993-09-17,USGS-351801116474101,11.0,
1993-07-21,USGS-384556078385101,2.0,
1993-07-21,USGS-384556078385101,0.71,
1993-08-02,USGS-403131076514401,1.0,
1993-09-21,USGS-473612095151501,0.05,
1993-04-07,USGS-384413090443301,2.0,
1993-08-17,USGS-322513082051401,0.1,
1993-06-24,USGS-361306092283701,1.0,
1993-11-04,USGS-351530116394401,6.0,
1993-07-26,USGS-462906097092401,1.2,
1993-07-26,USGS-462906097092401,0.18,
1993-08-09,USGS-315813082135601,0.13,
1993-07-22,USGS-394418105011501,14.0,
1993-08-13,USGS-325208081491401,0.13,
1993-08-23,USGS-463140095344601,0.6,
1993-08-23,USGS-463140095344601,0.09,
1993-07-26,USGS-450808122440101,0.02,
1993-08-30,USGS-402006104465302,12.0,
1993-09-21,USGS-351801116474102,7.0,
1993-04-06,USGS-384223090445801,5.0,
1993-08-03,USGS-402652076524001,2.0,
1993-12-15,USGS-373300094311502,0.01,
1993-09-02,USGS-401841104464602,25.0,
1993-08-11,USGS-322432081334401,0.14,
1993-06-07,USGS-393319077560801,3.0,
1993-06-07,USGS-393319077560801,0.94,
1993-08-17,USGS-363107119372201,43.0,
1993-07-13,USGS-394811105023201,18.0,
1993-09-02,USGS-434619088005401,0.7,
1993-09-02,USGS-434619088005401,0.11,
1993-10-14,USGS-355308113182600,2.0,
1993-08-03,USGS-462448097184101,1.1,
1993-08-03,USGS-462448097184101,0.16,
1993-12-16,USGS-364500093225001,1.3,
1993-12-16,USGS-364500093225001,0.2,
1993-09-21,USGS-473512095163201,0.01,
1993-05-11,USGS-384039090430901,45.0,
1993-09-15,USGS-373534093503201,1.0,
1993-08-19,USGS-325113097091701,3.0,
1993-09-07,USGS-402116104432001,25.0,
1993-09-22,USGS-351616116410702,2.0,
1993-08-31,USGS-312020082265501,0.13,
1993-08-18,USGS-365220120052601,34.0,
1993-07-30,USGS-425016073465302,2.0,
1993-09-20,USGS-364356119374001,2.0,
1993-06-02,USGS-351538116410301,5.0,
1993-09-23,USGS-351811116361801,13.0,
1993-10-09,USGS-361310112580400,12.0,
1993-09-02,USGS-434603088072401,0.4,
1993-09-02,USGS-434603088072401,0.07,
1993-06-14,USGS-382934078553901,0.33,
1993-09-07,USGS-402116104432003,26.0,
1993-09-15,USGS-363645119420901,65.0,
1993-09-16,USGS-351514116401403,3.0,
1993-09-23,USGS-351710116392701,14.0,
1993-06-23,USGS-394822077420801,0.24,
1993-07-20,USGS-400259076072501,2.0,
1993-08-03,USGS-463420097182801,4.0,
1993-08-03,USGS-463420097182801,0.6,
1993-08-19,USGS-394056104594801,34.0,
1993-08-17,USGS-390659078153401,0.14,
1993-07-20,USGS-394654104584301,27.0,
1993-09-09,USGS-304635081454201,0.23,
1993-07-15,USGS-383645078452101,0.24,
1993-12-09,USGS-354923114001000,20.0,
1993-07-14,USGS-394728105045801,6.0,
1993-04-05,USGS-384314090443301,1.0,
1993-09-09,USGS-394835105053301,72.0,
1993-07-23,USGS-394833104572201,13.0,
1993-08-19,USGS-350821106383703,89.0,
1993-10-27,USGS-355931094340001,0.01,
1993-06-08,USGS-393419077405901,1.0,
1993-06-08,USGS-393419077405901,0.44,
1993-08-21,USGS-324405097053101,5.0,
1993-09-16,USGS-351514116401401,5.0,
1993-09-23,USGS-351504116400301,5.0,
1993-08-04,USGS-402819077104701,1.0,
1993-04-14,USGS-384140090440301,2.0,
1993-07-07,USGS-450921122361201,0.01,
1993-08-31,USGS-374825106021301,1.0,
1993-08-18,USGS-360735115105201,15.0,
1993-08-25,USGS-310709082573601,0.13,
1993-10-10,USGS-361237113025700,13.0,
1993-07-29,USGS-351830116372601,6.0,
1993-09-15,USGS-351543116413401,5.0,
1994-06-15,USGS-410657101394501,87.0,
1994-08-23,USGS-474107098405601,2.0,
1994-08-23,USGS-474107098405601,0.28,
1994-04-13,USGS-434856112400001,2.0,
1994-08-02,USGS-433959088061001,3.6,
1994-08-02,USGS-433959088061001,0.53,
1994-07-12,USGS-433052102372401,2.0,
1994-07-12,USGS-433052102372401,0.72,
1994-08-02,USGS-393055119482001,21.0,
1994-06-09,USGS-374524121084801,3.0,
1994-09-21,USGS-435729089265401,0.02,
1994-09-09,USGS-355808077262501,0.01,
1994-08-03,USGS-393155077243801,3.0,
1994-08-03,USGS-393155077243801,1.0,
1994-08-11,USGS-401248076571701,0.05,
1994-05-03,USGS-385407120004101,1.9,
1994-05-03,USGS-385407120004101,0.28,
1994-07-12,USGS-394550076100001,0.01,
1994-04-04,USGS-392211118455601,108.0,
1994-07-12,USGS-303740095061001,2.0,
1994-08-02,USGS-474247097401301,0.04,
1994-03-22,USGS-434700104021401,0.1,
1994-09-22,USGS-352812077510304,0.02,
1994-08-29,USGS-463956095355602,0.02,
1994-08-25,USGS-433335116150601,157.0,
1994-09-20,USGS-435142089270101,2.5,
1994-09-20,USGS-435142089270101,0.37,
1994-03-23,USGS-325445097492501,1.0,
1994-08-03,USGS-364255119372502,14.0,
1994-06-08,USGS-400237104500301,28.0,
1994-04-01,USGS-392317118472301,37.0,
1994-04-01,USGS-392317118472301,5.5,
1994-09-20,USGS-434944089345001,0.01,
1994-08-04,USGS-404446078045101,0.5,
1994-08-04,USGS-404446078045101,0.01,
1994-06-09,USGS-402104104404501,9.0,
1994-06-15,USGS-383035077351501,0.13,
1994-07-19,USGS-395335075563501,0.01,
1994-04-08,USGS-393200118415001,110.0,
1994-07-27,USGS-371835120331801,3.0,
1994-08-29,USGS-385345077251201,0.23,
1994-07-13,USGS-302930094571501,1.0,
1994-06-22,USGS-385851077390201,0.1,
1994-11-09,USGS-433657112563601,2.0,
1994-02-02,USGS-360607093180201,0.01,
1994-09-13,USGS-444423089050201,2.5,
1994-09-13,USGS-444423089050201,0.38,
1994-02-28,USGS-330941097350601,5.0,
1994-05-11,USGS-432127103325601,5.5,
1994-08-09,USGS-401901078222501,0.04,
1994-07-27,USGS-433022102401001,11.0,
1994-07-27,USGS-433022102401001,3.2,
1994-08-16,USGS-474443098585701,2.3,
1994-08-16,USGS-474443098585701,0.35,
1994-08-04,USGS-474926098141901,3.7,
1994-08-04,USGS-474926098141901,0.56,
1994-09-13,USGS-445421088461801,0.5,
1994-09-13,USGS-445421088461801,0.08,
1994-09-15,USGS-345307076212105,0.01,
1994-10-16,USGS-385131120021601,11.0,
1994-07-29,USGS-295015094440701,2.0,
1994-08-22,USGS-393052118333501,553.0,
1994-03-29,USGS-314421083281601,0.16,
1994-08-29,USGS-463956095355603,0.02,
1994-06-30,USGS-392744119464601,4.0,
1994-08-18,USGS-374438121130901,3.0,
1994-07-20,USGS-351538116410301,6.0,
1994-09-16,USGS-440643089214501,0.04,
1994-09-13,USGS-363106119372002,72.0,
1994-03-31,USGS-433115103251401,2.6,
1994-04-04,USGS-392211118455901,180.0,
1994-08-30,USGS-390009119472701,9.0,
1994-04-28,USGS-324122107120801,13.0,
1994-08-10,USGS-403438078154901,0.8,
1994-08-10,USGS-403438078154901,0.12,
1994-03-02,USGS-372027093421301,0.05,
1994-04-06,USGS-313832083125501,0.24,
1994-08-04,USGS-434101088585501,1.8,
1994-08-04,USGS-434101088585501,0.26,
1994-07-13,USGS-433105102391401,3.0,
1994-07-13,USGS-433105102391401,1.1,
1994-03-03,USGS-330808097462801,1.0,
1994-08-02,USGS-390946077461001,0.12,
1994-07-13,USGS-385357077144801,0.1,
1994-07-14,USGS-434206088173301,1.5,
1994-07-14,USGS-434206088173301,0.22,
1994-07-20,USGS-401440103373201,63.0,
1994-04-07,USGS-313841083155401,0.09,
1994-07-27,USGS-404328077325501,0.05,
1994-09-15,USGS-442154089005301,0.7,
1994-09-15,USGS-442154089005301,0.1,
1994-09-14,USGS-443921089152001,0.01,
1994-09-15,USGS-400713075255801,3.0,
1994-06-01,USGS-393132119422801,39.0,
1994-08-10,USGS-300312094414201,3.0,
1994-07-14,USGS-384259077292401,0.16,
1994-09-13,USGS-360601115034401,5.0,
1994-04-27,USGS-324059107122301,17.0,
1994-09-14,USGS-443610088582201,2.1,
1994-09-14,USGS-443610088582201,0.31,
1994-09-16,USGS-360303110291101,0.23,
1994-08-17,USGS-371835120332801,1.0,
1994-05-23,USGS-410402096201801,12.0,
1994-05-23,USGS-410402096201801,1.7,
1994-08-09,USGS-372207120381202,1.0,
1994-09-13,USGS-363106119372001,51.0,
1994-11-02,USGS-390949119475501,2.0,
1994-08-15,USGS-393132119485801,1.0,
1994-08-24,USGS-354926075341201,0.01,
1994-08-31,USGS-433438116154001,19.0,
1994-09-06,USGS-390118119494401,4.0,
1994-09-01,USGS-400641075252801,6.0,
1994-06-29,USGS-394614077150401,0.14,
1994-10-06,USGS-433548112562301,2.0,
1994-07-25,USGS-295950094573101,2.0,
1994-08-01,USGS-405658102231201,34.0,
1994-09-01,USGS-361829076163201,0.02,
1994-07-26,USGS-401449104064801,34.0,
1994-04-26,USGS-385507119593001,2.6,
1994-04-26,USGS-385507119593001,0.39,
1994-08-24,USGS-361524112420400,4.0,
1994-08-24,USGS-361524112420400,1.2,
1994-09-28,USGS-375113107405401,4.0,
1994-07-13,USGS-390437077430601,0.12,
1994-04-01,USGS-393214118421701,34.0,
1994-04-01,USGS-393214118421701,5.1,
1994-11-01,USGS-391105119481102,39.0,
1994-08-02,USGS-405229077380801,0.04,
1994-05-09,USGS-385626119573501,60.0,
1994-05-09,USGS-385626119573501,9.0,
1994-07-20,USGS-394209076164301,0.01,
1994-02-03,USGS-360454093431901,0.01,
1994-08-16,USGS-403955077373301,0.5,
1994-08-16,USGS-403955077373301,0.08,
1994-07-26,USGS-432853102365501,7.0,
1994-07-26,USGS-432853102365501,2.2,
1994-04-20,USGS-394236104595303,2.0,
1994-08-18,USGS-443100104002003,2.7,
1994-09-14,USGS-344323076451304,0.01,
1994-09-14,USGS-351856076434106,2.6,
1994-09-14,USGS-351856076434106,0.39,
1994-06-14,USGS-410819101102801,46.0,
1994-10-07,USGS-385608119590301,1.0,
1994-08-17,USGS-444129103514801,5.5,
1994-09-21,USGS-374511121104101,1.0,
1994-02-01,USGS-353518097583901,1.3,
1994-04-28,USGS-324202107143101,14.0,
1994-08-17,USGS-392208118452701,2.0,
1994-09-20,USGS-435339089305001,0.02,
1994-07-19,USGS-391930077375101,0.09,
1994-08-01,USGS-391240077225601,0.1,
1994-07-27,USGS-472409097053701,4.9,
1994-07-27,USGS-472409097053701,0.73,
1994-07-13,USGS-433705088230701,5.5,
1994-07-13,USGS-433705088230701,0.83,
1994-07-21,USGS-401544103443101,40.0,
1994-09-15,USGS-442333089055201,0.02,
1994-07-11,USGS-394343076361301,0.01,
1994-08-09,USGS-372207120381201,5.0,
1994-09-09,USGS-354418076463601,0.01,
1994-07-20,USGS-395752076045001,1.9,
1994-07-20,USGS-395752076045001,0.29,
1994-05-05,USGS-323930107041401,7.0,
1994-04-23,USGS-324628107163401,13.0,
1994-07-14,USGS-433226102441601,13.0,
1994-07-14,USGS-433226102441601,3.6,
1994-07-21,USGS-390402077280401,0.18,
1994-09-20,USGS-434551089365001,0.04,
1994-08-30,USGS-463928095362501,0.5,
1994-08-30,USGS-463928095362501,0.07,
1994-03-29,USGS-314847083360301,0.21,
1994-03-24,USGS-324341097452601,4.0,
1994-09-15,USGS-442151089091301,0.06,
1994-07-21,USGS-401702103483901,51.0,
1994-06-09,USGS-390726077162601,0.09,
1994-08-01,USGS-405801102284501,36.0,
1994-08-18,USGS-392735118484501,6.0,
1994-04-06,USGS-393220118422301,21.0,
1994-08-23,USGS-385948119464401,15.0,
1994-08-30,USGS-463912095364701,0.05,
1994-08-30,USGS-463928095362502,0.01,
1994-10-14,USGS-434915112443901,2.0,
1994-09-20,USGS-435946089323001,0.01,
1994-08-17,USGS-371835120332802,6.0,
1994-07-12,USGS-384723077492001,0.12,
1994-07-27,USGS-372746120443601,33.0,
1994-09-04,USGS-360305077114501,0.01,
1994-05-06,USGS-323733107011001,6.0,
1994-07-19,USGS-392927119475201,1.0,
1994-10-13,USGS-385131120021601,5.0,
1994-07-12,USGS-433932088193501,0.5,
1994-07-12,USGS-433932088193501,0.07,
1994-08-04,USGS-404142078012101,0.01,
1994-09-08,USGS-372646120410401,18.0,
1994-08-01,USGS-393211119472901,21.0,
1994-02-01,USGS-370630093281501,0.04,
1994-08-02,USGS-405039102485601,40.0,
1994-07-12,USGS-384022077235601,0.11,
1994-08-03,USGS-394546077202101,6.0,
1994-08-03,USGS-394546077202101,1.8,
1994-04-05,USGS-314123083391301,0.12,
1994-09-14,USGS-442631089222901,2.3,
1994-09-14,USGS-442631089222901,0.34,
1994-05-02,USGS-385625119585301,0.7,
1994-05-02,USGS-385625119585301,0.11,
1994-07-26,USGS-374356120583701,4.0,
1994-03-21,USGS-324850097414501,1.0,
1994-04-15,USGS-433447112574501,2.0,
1994-09-13,USGS-352832076470101,0.01,
1994-07-25,USGS-402213104015501,81.0,
1994-04-05,USGS-392223118461202,251.0,
1994-03-03,USGS-331757097472601,93.0,
1994-05-07,USGS-323920107064601,3.0,
1994-09-01,USGS-400650075252001,2.0,
1994-07-18,USGS-395210076560401,0.01,
1994-08-04,USGS-364258119380201,9.0,
1994-07-14,USGS-395440076150301,0.01,
1994-07-25,USGS-463601095312401,0.03,
1994-07-18,USGS-393206119425301,17.0,
1994-06-29,USGS-385255077182501,0.09,
1994-09-13,USGS-445556089045701,0.02,
1994-07-18,USGS-403426103200401,47.0,
1994-04-14,USGS-433356112574201,2.0,
1994-04-05,USGS-392218118461301,63.0,
1994-07-11,USGS-394637076260501,0.01,
1994-08-31,USGS-382706077285801,0.1,
1994-09-16,USGS-440149089102401,0.03,
1994-08-02,USGS-473751096543101,0.01,
1994-07-18,USGS-395230076014801,0.01,
1994-08-22,USGS-393311118304703,186.0,
1994-08-01,USGS-401525078213801,0.04,
1994-05-02,USGS-324422107152201,2.0,
1994-03-01,USGS-372721094405801,0.01,
1994-06-07,USGS-372205120381701,5.0,
1994-04-26,USGS-433425112573201,2.0,
1994-04-07,USGS-393200118415601,127.0,
1994-08-23,USGS-390258077294901,2.0,
1994-08-23,USGS-390258077294901,0.83,
1994-08-04,USGS-402033078153501,0.04,
1994-07-28,USGS-373239120473001,9.0,
1994-08-23,USGS-361303112411200,4.0,
1994-08-23,USGS-361303112411200,1.4,
1994-04-27,USGS-324021107114301,14.0,
1994-04-22,USGS-385118120010601,17.0,
1994-04-22,USGS-385118120010601,2.6,
1994-09-20,USGS-371926120420901,4.0,
1994-06-16,USGS-410251102024201,146.0,
1994-09-13,USGS-410402096201801,9.9,
1994-09-13,USGS-410402096201801,1.5,
1994-04-08,USGS-393200118421201,116.0,
1994-09-21,USGS-351419077351101,0.01,
1994-03-28,USGS-313209083464801,0.2,
1994-05-26,USGS-393123119452301,2.0,
1994-07-25,USGS-400317078233501,1.0,
1994-07-25,USGS-400317078233501,0.15,
1994-07-28,USGS-403702077413101,0.05,
1994-05-02,USGS-324236107133701,15.0,
1994-03-05,USGS-333842097345201,7.0,
1994-08-08,USGS-294720094351501,3.0,
1994-08-31,USGS-385343119464101,3.0,
1994-10-18,USGS-433356112574201,2.0,
1994-09-23,USGS-351408077330101,0.01,
1994-08-16,USGS-475308098424801,0.02,
1994-03-07,USGS-333245097445801,4.0,
1994-05-04,USGS-385721119564601,9.8,
1994-05-04,USGS-385721119564601,1.5,
1994-04-26,USGS-385507119593002,10.0,
1994-04-26,USGS-385507119593002,1.5,
1994-08-31,USGS-384609077202201,0.24,
1994-07-07,USGS-393423077154701,0.13,
1994-04-26,USGS-324738107165201,62.0,
1994-09-06,USGS-374733121062401,1.0,
1994-03-31,USGS-392310118472301,77.0,
1994-06-22,USGS-385534077543401,0.12,
1994-05-03,USGS-325123107175701,16.0,
1994-04-26,USGS-324855107184601,26.0,
1994-09-14,USGS-360924115081101,9.0,
1994-05-04,USGS-323601107010001,2.0,
1994-09-07,USGS-353219077153801,0.4,
1994-09-07,USGS-353219077153801,0.07,
1994-05-05,USGS-323917107031601,12.0,
1994-07-14,USGS-394759075560301,0.01,
1994-09-01,USGS-362601076230702,0.01,
1994-07-05,USGS-385724077303001,2.0,
1994-07-05,USGS-385724077303001,0.53,
1994-07-25,USGS-394856077093601,2.0,
1994-07-25,USGS-394856077093601,0.64,
1994-04-04,USGS-392210118455301,42.0,
1994-09-22,USGS-375052121142801,13.0,
1994-07-20,USGS-393249119422901,30.0,
1994-04-05,USGS-313950083425401,0.12,
1994-08-18,USGS-374438121130902,78.0,
1994-07-14,USGS-394127075583101,0.02,
1994-08-23,USGS-361352112413201,3.0,
1994-08-23,USGS-361352112413201,1.1,
1994-07-26,USGS-393032119473501,8.0,
1994-04-22,USGS-385423119593601,21.0,
1994-04-22,USGS-385423119593601,3.2,
1994-11-01,USGS-391110119480701,16.0,
1994-07-21,USGS-393257119441401,9.0,
1994-07-12,USGS-384506077335101,3.0,
1994-07-12,USGS-384506077335101,1.0,
1994-10-16,USGS-385131120021601,5.0,
1994-04-25,USGS-324714107180201,4.0,
1994-08-30,USGS-400645075252501,2.0,
1994-08-31,USGS-390137119471801,8.0,
1994-04-22,USGS-324257107142601,7.0,
1994-08-30,USGS-463912095364702,0.01,
1994-08-03,USGS-435302088390201,0.5,
1994-08-03,USGS-435302088390201,0.07,
1994-07-15,USGS-304200094492801,3.0,
1994-08-25,USGS-385612119464101,2.0,
1994-08-03,USGS-434818088474201,0.03,
1994-09-26,USGS-354322110390601,4.0,
1994-09-26,USGS-354322110390601,1.1,
1994-04-08,USGS-393214118422201,54.0,
1994-03-31,USGS-315043083401901,0.23,
1994-07-26,USGS-463303095325601,0.6,
1994-07-26,USGS-463303095325601,0.1,
1994-09-22,USGS-374909121110101,3.0,
1994-07-25,USGS-300240094551401,1.0,
1994-05-25,USGS-442553102551001,17.0,
1994-05-25,USGS-442553102551001,2.5,
1994-06-08,USGS-374210121064001,20.0,
1994-06-14,USGS-391806077284001,0.29,
1994-09-13,USGS-360601115034401,4.0,
1994-07-20,USGS-395204076262101,0.01,
1994-08-02,USGS-405159102444201,92.0,
1994-04-07,USGS-313530096094001,7.0,
1994-08-03,USGS-404450103013501,21.0,
1994-08-04,USGS-434834088174601,0.5,
1994-08-04,USGS-434834088174601,0.07,
1994-05-03,USGS-385531119592801,5.0,
1994-05-03,USGS-385531119592801,0.76,
1994-08-31,USGS-364259119385404,15.0,
1994-11-10,USGS-433807112551501,2.0,
1994-06-13,USGS-392326077170401,0.2,
1994-09-27,USGS-351753076471001,0.01,
1994-07-13,USGS-385728077355001,0.19,
1994-06-02,USGS-393033119465401,13.0,
1994-05-17,USGS-392726119460101,23.0,
1994-09-13,USGS-363418119384202,11.0,
1994-08-08,USGS-404116078113901,0.04,
1994-06-08,USGS-393328119432001,9.0,
1994-07-25,USGS-394117077080901,0.34,
1994-06-28,USGS-385059077145001,0.08,
1994-09-14,USGS-443342089171601,1.1,
1994-09-14,USGS-443342089171601,0.16,
1994-10-14,USGS-435212112394001,2.0,
1994-09-15,USGS-441858089045901,0.04,
1994-08-01,USGS-391038077082201,0.09,
1994-08-11,USGS-405253077301501,0.03,
1994-06-09,USGS-401726104442201,16.0,
1994-05-12,USGS-432136103321001,6.4,
1994-09-14,USGS-360924115081101,8.0,
1994-09-15,USGS-441958089183601,0.04,
1994-09-13,USGS-360744115050801,56.0,
1994-05-04,USGS-323722107002801,6.0,
1994-03-25,USGS-330258097514201,13.0,
1994-04-12,USGS-443515103513901,3.3,
1994-07-21,USGS-393828076294501,0.01,
1994-08-22,USGS-400638075251701,6.0,
1994-07-11,USGS-385924077352501,0.27,
1994-09-21,USGS-373837120474801,3.0,
1994-08-25,USGS-400643075251901,9.0,
1994-04-24,USGS-324041107100001,41.0,
1994-06-29,USGS-394721076390101,0.01,
1994-04-18,USGS-323959107075401,3.0,
1994-08-03,USGS-405111077364201,0.01,
1994-04-21,USGS-385532119590001,7.9,
1994-04-21,USGS-385532119590001,1.2,
1994-07-19,USGS-394240076263501,0.01,
1994-04-22,USGS-385255120011701,2.9,
1994-04-22,USGS-385255120011701,0.44,
1994-09-13,USGS-445052088552801,7.1,
1994-09-13,USGS-445052088552801,1.1,
1994-07-13,USGS-393504076133601,0.01,
1994-08-09,USGS-295043094483801,2.0,
1994-08-11,USGS-372742120443601,29.0,
1994-09-13,USGS-360744115050801,54.0,
1994-06-07,USGS-393017119533101,3.0,
1994-09-02,USGS-362646076361607,0.01,
1994-11-09,USGS-433705112552101,2.0,
1994-07-25,USGS-402018103571801,60.0,
1994-11-09,USGS-470906096160101,2.7,
1994-11-09,USGS-470906096160101,0.07,
1994-07-14,USGS-435101088104101,0.03,
1994-08-10,USGS-373240120473202,13.0,
1994-07-11,USGS-303826095082401,5.0,
1994-07-20,USGS-395017076313501,0.01,
1994-04-20,USGS-314315083224601,0.17,
1994-10-12,USGS-433447112574501,2.0,
1994-03-04,USGS-332240097500801,3.0,
1994-08-09,USGS-401617078253401,0.04,
1994-10-12,USGS-433425112573201,2.0,
1994-09-16,USGS-440827089255001,0.04,
1994-06-16,USGS-393741076570901,0.11,
1994-07-12,USGS-395003076110001,0.01,
1994-09-14,USGS-360924115081102,10.0,
1994-05-23,USGS-392855119462301,7.0,
1994-08-01,USGS-402623078113401,0.04,
1994-07-26,USGS-463430095342601,0.05,
1994-09-27,USGS-351812076471201,0.01,
1994-03-31,USGS-392318118472301,4.0,
1994-06-08,USGS-400711104481801,18.0,
1994-07-20,USGS-394221075072202,1.0,
1994-08-23,USGS-473059098113701,6.0,
1994-08-23,USGS-473059098113701,0.93,
1994-06-10,USGS-402658104400001,63.0,
1994-09-13,USGS-444910089140401,1.0,
1994-09-13,USGS-444910089140401,0.15,
1994-07-18,USGS-394515076470101,0.01,
1994-07-28,USGS-433252102484201,10.0,
1994-07-28,USGS-433252102484201,3.0,
1994-08-03,USGS-393022119444301,4.0,
1994-09-08,USGS-400703075253601,1.0,
1994-08-10,USGS-403029078114101,0.02,
1994-06-21,USGS-383540077365701,4.0,
1994-06-21,USGS-383540077365701,1.2,
1994-06-15,USGS-384727077364001,9.0,
1994-06-15,USGS-384727077364001,2.6,
1994-04-19,USGS-324955107180901,10.0,
1994-05-07,USGS-325121107172601,34.0,
1994-07-18,USGS-402955103163501,65.0,
1994-09-26,USGS-354033110341601,0.38,
1994-10-14,USGS-435152112443101,2.0,
1994-06-07,USGS-374620120592901,5.0,
1994-07-14,USGS-395349076204401,0.01,
1994-04-05,USGS-313822083311901,0.17,
1994-07-21,USGS-394816076463001,0.01,
1994-07-26,USGS-401750104143101,24.0,
1994-07-21,USGS-394426075533501,0.01,
1994-09-12,USGS-363418119384203,31.0,
1994-03-04,USGS-332552097452801,2.0,
1994-08-03,USGS-405327077271201,0.02,
1994-07-25,USGS-393912077200001,4.0,
1994-07-25,USGS-393912077200001,1.4,
1994-08-02,USGS-433822102164601,7.0,
1994-08-02,USGS-433822102164601,2.2,
1994-04-24,USGS-324419107160801,10.0,
1994-05-04,USGS-433003103420701,4.5,
1994-11-01,USGS-391105119481101,23.0,
1994-08-30,USGS-385951119491801,1.0,
1994-08-31,USGS-364259119385402,21.0,
1994-03-23,USGS-325015097491401,7.0,
1994-07-27,USGS-433035102441701,10.0,
1994-07-27,USGS-433035102441701,2.8,
1994-09-03,USGS-361559077062501,0.01,
1994-04-07,USGS-393214118421001,75.0,
1994-08-30,USGS-414627072322601,1.0,
1994-08-03,USGS-364255119372501,1.0,
1994-07-19,USGS-351538116410301,6.0,
1994-06-17,USGS-364338119354603,11.0,
1994-09-14,USGS-443339089095001,1.8,
1994-09-14,USGS-443339089095001,0.26,
1994-08-01,USGS-432717087585601,0.9,
1994-08-01,USGS-432717087585601,0.14,
1994-08-10,USGS-401303078214401,0.03,
1994-09-13,USGS-352036076513903,0.01,
1994-08-22,USGS-384133077324201,4.0,
1994-08-22,USGS-384133077324201,1.2,
1994-04-21,USGS-385553119574503,12.0,
1994-04-21,USGS-385553119574503,1.8,
1994-08-03,USGS-404320103053801,75.0,
1994-07-13,USGS-394038076061701,0.01,
1994-08-02,USGS-400910078231501,0.01,
1994-06-08,USGS-392834077331401,0.18,
1994-06-16,USGS-364255119372503,15.0,
1994-07-27,USGS-403706077432801,0.4,
1994-07-27,USGS-403706077432801,0.06,
1994-11-02,USGS-390949119475502,1.0,
1994-04-08,USGS-392223118461201,137.0,
1994-04-06,USGS-393214118420101,20.0,
1994-08-16,USGS-392948118561101,1.0,
1994-08-04,USGS-404106103082201,109.0,
1994-08-04,USGS-364316119360801,5.0,
1994-08-31,USGS-361218076100401,0.01,
1994-09-14,USGS-360924115081102,9.0,
1994-07-20,USGS-394042077133701,4.0,
1994-07-20,USGS-394042077133701,1.3,
1994-08-16,USGS-474417098532301,1.6,
1994-08-16,USGS-474417098532301,0.24,
1994-08-30,USGS-385304119460601,1.0,
1994-08-02,USGS-405537077301301,12.0,
1994-08-02,USGS-405537077301301,1.8,
1994-06-15,USGS-410722101162901,50.0,
1994-04-01,USGS-313324083450601,0.18,
1994-08-24,USGS-472202096553601,0.04,
1994-11-02,USGS-391030119480701,37.0,
1994-06-14,USGS-410959100582401,20.0,
1994-03-31,USGS-315059083350901,0.19,
1994-04-06,USGS-313122083110901,0.11,
1994-09-20,USGS-435140089351301,0.01,
1994-04-11,USGS-443100104002001,2.6,
1994-08-29,USGS-463956095355601,0.04,
1994-07-07,USGS-393313077044601,0.16,
1994-05-24,USGS-393054119445501,3.0,
1994-06-07,USGS-390617077223601,12.0,
1994-06-07,USGS-390617077223601,3.5,
1994-07-12,USGS-400230076410201,0.5,
1994-07-12,USGS-400230076410201,0.01,
1994-09-12,USGS-450242089065401,1.8,
1994-09-12,USGS-450242089065401,0.26,
1994-10-05,USGS-434220121132101,1.0,
1994-07-27,USGS-403148077492901,0.4,
1994-07-27,USGS-403148077492901,0.06,
1994-07-28,USGS-392024077153001,0.08,
1994-10-13,USGS-435038112453401,2.0,
1994-10-15,USGS-385131120021601,7.0,
1994-08-22,USGS-400638075251701,6.0,
1994-10-14,USGS-434856112400001,2.0,
1994-04-19,USGS-325002107181201,6.0,
1994-07-27,USGS-383955077343401,4.0,
1994-07-27,USGS-383955077343401,1.3,
1994-08-08,USGS-403604078094601,1.4,
1994-08-08,USGS-403604078094601,0.21,
1994-02-02,USGS-355127092340101,0.01,
1994-06-06,USGS-374448121130701,6.0,
1994-10-13,USGS-434941112454201,2.0,
1994-08-16,USGS-393106118580301,21.0,
1994-07-27,USGS-471925097232501,7.5,
1994-07-27,USGS-471925097232501,1.1,
1994-08-04,USGS-390111077222201,5.0,
1994-08-04,USGS-390111077222201,1.5,
1994-09-14,USGS-363808119344901,8.0,
1994-07-19,USGS-402034103301001,51.0,
1994-08-29,USGS-400651075250801,1.0,
1994-07-26,USGS-392030077191301,0.11,
1994-04-21,USGS-394236104594903,38.0,
1994-05-07,USGS-323852107033801,1.0,
1994-11-10,USGS-474238097425601,4.9,
1994-11-10,USGS-474238097425601,0.12,
1994-08-18,USGS-392825118395001,268.0,
1994-06-14,USGS-394818077170201,4.0,
1994-06-14,USGS-394818077170201,1.2,
1994-06-27,USGS-384507077421201,0.11,
1994-07-25,USGS-463903095350701,0.04,
1994-07-18,USGS-394606076002001,0.01,
1994-06-21,USGS-393139119493401,27.0,
1994-08-10,USGS-295210094371801,5.0,
1994-03-30,USGS-315747083312901,0.11,
1994-07-12,USGS-434437088172501,0.9,
1994-07-12,USGS-434437088172501,0.14,
1994-05-04,USGS-385425120001502,5.5,
1994-05-04,USGS-385425120001502,0.82,
1994-08-23,USGS-360036075401201,0.01,
1994-04-04,USGS-312003083314401,0.14,
1994-07-19,USGS-402538103242001,106.0,
1994-09-14,USGS-400659075252501,1.0,
1994-03-24,USGS-432548103414801,2.3,
1994-04-23,USGS-324510107162601,8.0,
1994-08-09,USGS-404450078004101,0.04,
1994-09-08,USGS-354026075542001,0.01,
1994-05-02,USGS-385520119582301,9.2,
1994-05-02,USGS-385520119582301,1.4,
1994-05-18,USGS-392917119464901,4.0,
1994-08-03,USGS-433524102585401,7.0,
1994-08-03,USGS-433524102585401,2.1,
1994-09-15,USGS-441900089164501,0.01,
1994-07-17,USGS-390424099570601,0.05,
1994-06-16,USGS-410344101560901,39.0,
1994-08-30,USGS-385952077050801,0.12,
1994-08-10,USGS-373240120473201,6.0,
1994-04-11,USGS-443100104002002,2.2,
1994-09-01,USGS-364259119385403,91.0,
1994-04-05,USGS-433115103251402,5.4,
1994-03-03,USGS-365930094183001,0.04,
1994-09-03,USGS-363026077001908,0.01,
1994-06-28,USGS-394745076524801,0.01,
1994-07-19,USGS-400432076011901,0.01,
1994-09-14,USGS-442819089141301,3.0,
1994-09-14,USGS-442819089141301,0.45,
1994-08-24,USGS-385834119464101,12.0,
1994-08-29,USGS-385842119465601,20.0,
1994-09-20,USGS-373753120501101,59.0,
1994-06-29,USGS-395320076334001,0.01,
1994-08-02,USGS-433031088063801,0.7,
1994-08-02,USGS-433031088063801,0.1,
1994-07-13,USGS-395404076404401,0.01,
1994-07-12,USGS-395812076340001,0.07,
1994-09-06,USGS-390303119473701,24.0,
1994-07-12,USGS-433114088152001,0.9,
1994-07-12,USGS-433114088152001,0.14,
1994-05-06,USGS-323802107024101,9.0,
1994-05-19,USGS-392937119452601,42.0,
1994-07-20,USGS-402150103322801,44.0,
1994-09-16,USGS-441304089141101,0.04,
1994-08-04,USGS-401738078171801,0.02,
1994-07-26,USGS-410402096201801,12.0,
1994-07-26,USGS-410402096201801,1.7,
1994-07-11,USGS-433653088033601,0.01,
1994-03-04,USGS-365627094522101,0.02,
1994-09-13,USGS-450709089020301,0.9,
1994-09-13,USGS-450709089020301,0.14,
1994-07-18,USGS-390236077072801,0.15,
1994-08-17,USGS-392540118454501,51.0,
1994-08-04,USGS-392505119431301,11.0,
1994-09-08,USGS-374635121040901,3.0,
1994-09-14,USGS-363645119420701,46.0,
1995-10-13,USGS-433835102565401,52.0,
1995-10-13,USGS-433835102565401,17.0,
1995-08-02,USGS-442949071412701,0.8,
1995-08-02,USGS-442949071412701,0.02,
1995-06-20,USGS-411652072582801,0.01,
1995-07-11,USGS-385911079101801,2.0,
1995-07-11,USGS-385911079101801,1.7,
1995-09-11,USGS-364656116261601,1.9,
1995-09-20,USGS-431545100541501,11.0,
1995-09-20,USGS-431545100541501,0.26,
1995-08-16,USGS-420814071582001,3.2,
1995-08-16,USGS-420814071582001,0.07,
1995-08-16,USGS-414446071433501,0.0,
1995-06-14,USGS-382501105131001,2.5,
1995-07-20,USGS-401136077152701,0.01,
1995-07-25,USGS-401646076384801,0.01,
1995-01-24,USGS-410402096201801,7.8,
1995-01-24,USGS-410402096201801,0.09,
1995-11-06,USGS-433657112563601,1.0,
1995-09-07,USGS-393052105423300,1.0,
1995-06-28,USGS-401714103525407,26.0,
1995-06-14,USGS-351415119052201,9.0,
1995-08-29,USGS-393620105423900,2.0,
1995-06-06,USGS-474859097572201,0.0,
1995-06-13,USGS-361206115153701,4.0,
1995-04-10,USGS-434941112454201,1.0,
1995-04-11,USGS-435212112394001,2.0,
1995-03-21,USGS-320445106421001,7.0,
1995-06-21,USGS-393434078111301,0.12,
1995-08-09,USGS-350836106395401,4.0,
1995-06-20,USGS-413212072343601,12.0,
1995-06-20,USGS-413212072343601,0.27,
1995-08-31,USGS-434350103201902,3.9,
1995-03-14,USGS-382510105124701,35.0,
1995-03-06,USGS-351338106360501,2.0,
1995-03-16,USGS-433807112551501,2.0,
1995-03-28,USGS-364024119464201,45.0,
1995-05-02,USGS-334818106533401,10.0,
1995-08-29,USGS-385255119482301,8.0,
1995-07-26,USGS-395445105205801,52.0,
1995-03-16,USGS-382552105133101,24.0,
1995-10-19,USGS-433157101593001,11.0,
1995-10-19,USGS-433157101593001,3.1,
1995-06-14,USGS-361208115142401,2.0,
1995-07-24,USGS-401546076543801,0.01,
1995-07-06,USGS-400604077293001,0.01,
1995-02-13,USGS-355657115104401,8.01,
1995-06-27,USGS-390654079095201,0.2,
1995-04-13,USGS-404209098481201,31.0,
1995-08-25,USGS-375357107323602,8.0,
1995-06-26,USGS-393145119452401,2.0,
1995-08-14,USGS-402015105334601,26.0,
1995-02-23,USGS-361412115023501,2.0,
1995-10-04,USGS-434941112454201,2.0,
1995-09-21,USGS-431505100560901,5.1,
1995-09-21,USGS-431505100560901,0.11,
1995-11-28,USGS-432336102240401,24.0,
1995-11-28,USGS-432336102240401,6.8,
1995-08-03,USGS-443042071142501,0.7,
1995-08-03,USGS-443042071142501,0.02,
1995-06-26,USGS-361717119234202,32.0,
1995-06-22,USGS-462845097292401,1.8,
1995-06-22,USGS-462845097292401,0.04,
1995-07-25,USGS-390512119465601,6.0,
1995-07-24,USGS-363924119530401,146.0,
1995-06-27,USGS-390032079090201,0.21,
1995-07-12,USGS-402002076244801,0.01,
1995-07-27,USGS-300143082565902,48.0,
1995-07-12,USGS-374148120581601,11.0,
1995-04-19,USGS-474116098071701,3.9,
1995-04-19,USGS-474116098071701,0.09,
1995-06-28,USGS-471809097534401,140.0,
1995-06-28,USGS-471809097534401,8.7,
1995-06-27,USGS-400853077230101,0.01,
1995-06-06,USGS-355135119104201,3.0,
1995-04-09,USGS-344900106415801,3.0,
1995-03-07,USGS-382419105133801,130.0,
1995-09-18,USGS-431526100563202,7.8,
1995-09-18,USGS-431526100563202,0.18,
1995-07-12,USGS-401242077055001,0.01,
1995-07-26,USGS-433326072422601,2.7,
1995-07-26,USGS-433326072422601,0.06,
1995-03-20,USGS-382450105130702,1.0,
1995-08-15,USGS-393941105201701,70.0,
1995-03-14,USGS-361602115165501,2.0,
1995-09-14,USGS-434045103502301,7.0,
1995-08-14,USGS-400918075303201,6.0,
1995-06-23,USGS-462906097092401,1.1,
1995-06-23,USGS-462906097092401,0.03,
1995-06-28,USGS-401808076233801,0.01,
1995-08-07,USGS-351035106364703,1.0,
1995-09-18,USGS-431526100563203,9.4,
1995-09-18,USGS-431526100563203,0.22,
1995-06-12,USGS-361001115112501,3.0,
1995-06-14,USGS-392903078480601,2.0,
1995-06-14,USGS-392903078480601,0.62,
1995-06-30,USGS-393352118415101,13.0,
1995-06-28,USGS-401714103525406,30.0,
1995-06-22,USGS-392231119501901,4.0,
1995-08-22,USGS-392947105212601,2.0,
1995-09-13,USGS-441310103435901,0.77,
1995-04-12,USGS-344916106430401,4.0,
1995-07-10,USGS-401011077061401,0.5,
1995-07-10,USGS-401011077061401,0.01,
1995-06-28,USGS-401714103525403,26.0,
1995-06-21,USGS-462724097204601,1.5,
1995-06-21,USGS-462724097204601,0.03,
1995-09-06,USGS-393644105430400,67.0,
1995-02-08,USGS-280341082325702,0.19,
1995-05-17,USGS-363835116234001,1.8,
1995-06-28,USGS-390247078490401,0.14,
1995-03-09,USGS-382501105125901,570.0,
1995-08-02,USGS-370618120190101,6.0,
1995-07-26,USGS-300014082571302,1.0,
1995-02-09,USGS-280235082313501,0.14,
1995-02-07,USGS-280437082303001,0.18,
1995-02-03,USGS-280614082314901,2.0,
1995-06-28,USGS-401714103525408,24.0,
1995-09-06,USGS-434350103201901,3.0,
1995-07-17,USGS-401400077023701,0.01,
1995-06-14,USGS-414711072560701,0.6,
1995-06-14,USGS-414711072560701,0.01,
1995-03-21,USGS-382517105130101,39.0,
1995-07-06,USGS-400746077262201,0.01,
1995-06-28,USGS-401714103525415,34.0,
1995-05-30,USGS-411923073121701,0.5,
1995-05-30,USGS-411923073121701,0.01,
1995-06-27,USGS-392718119463401,3.0,
1995-06-13,USGS-361120115140101,4.0,
1995-11-08,USGS-431703101560801,6.0,
1995-11-08,USGS-431703101560801,1.8,
1995-07-20,USGS-402000076295301,0.8,
1995-07-20,USGS-402000076295301,0.02,
1995-03-30,USGS-365439119573301,2.0,
1995-09-20,USGS-431536100543101,6.8,
1995-09-20,USGS-431536100543101,0.16,
1995-04-23,USGS-345810106403401,3.0,
1995-10-11,USGS-433447112574501,2.0,
1995-10-10,USGS-434856112400001,2.0,
1995-02-01,USGS-280305082300501,0.11,
1995-02-09,USGS-382358105134001,3.1,
1995-03-14,USGS-382504105125101,72.0,
1995-02-02,USGS-382351105133501,0.5,
1995-06-27,USGS-400514077274501,0.5,
1995-06-27,USGS-400514077274501,0.01,
1995-06-07,USGS-360432119140701,9.0,
1995-05-08,USGS-372624120530301,191.0,
1995-07-12,USGS-401713076221901,0.01,
1995-08-01,USGS-392636119464401,2.0,
1995-06-19,USGS-464113095341901,0.8,
1995-06-19,USGS-464113095341901,0.02,
1995-06-28,USGS-393053119445601,2.0,
1995-06-28,USGS-362537119450902,38.0,
1995-08-04,USGS-442706104015401,0.37,
1995-02-07,USGS-280437082303002,0.27,
1995-08-30,USGS-411030073392701,1.5,
1995-08-30,USGS-411030073392701,0.03,
1995-04-03,USGS-344817106401001,2.0,
1995-09-21,USGS-385557120015101,1.0,
1995-07-12,USGS-374307121040101,56.0,
1995-06-23,USGS-463422097134501,2.4,
1995-06-23,USGS-463422097134501,0.05,
1995-01-24,USGS-360007115094801,7.0,
1995-06-20,USGS-393043119504901,2.0,
1995-09-08,USGS-364656116261601,2.0,
1995-04-12,USGS-433447112574501,2.0,
1995-07-20,MN040-471415096260701,0.01,
1995-07-18,USGS-480606097101901,0.0,
1995-05-09,USGS-373349121032302,91.0,
1995-07-11,USGS-401639076360801,0.01,
1995-07-05,USGS-400835077171701,0.4,
1995-07-05,USGS-400835077171701,0.01,
1995-11-29,USGS-431440102202801,22.0,
1995-11-29,USGS-431440102202801,6.4,
1995-06-28,USGS-401714103525417,30.0,
1995-02-01,USGS-280310082291002,0.17,
1995-11-30,USGS-430928102225102,9.0,
1995-11-30,USGS-430928102225102,2.8,
1995-08-03,USGS-350836106395402,3.0,
1995-07-12,USGS-390358078345101,1.4,
1995-03-16,USGS-322054106475201,102.0,
1995-03-29,USGS-361003119212501,14.0,
1995-05-10,USGS-373351121032301,26.0,
1995-08-16,USGS-393717105151701,156.0,
1995-06-19,USGS-392506119462201,3.0,
1995-03-14,USGS-320738106392401,3.0,
1995-08-15,USGS-394112105214201,6.0,
1995-03-09,USGS-382438105131601,1900.0,
1995-08-08,USGS-350836106395601,7.0,
1995-05-23,USGS-360310119201901,4.0,
1995-04-09,USGS-344500106460301,4.0,
1995-06-27,USGS-361341119280102,26.0,
1995-03-15,USGS-360728115072901,6.0,
1995-08-28,USGS-390021119504301,2.0,
1995-03-20,USGS-323611107011501,17.0,
1995-07-05,USGS-400754077195201,0.5,
1995-07-05,USGS-400754077195201,0.01,
1995-08-31,USGS-433342116245201,26.0,
1995-06-15,USGS-392807078344301,4.0,
1995-06-15,USGS-392807078344301,1.1,
1995-06-08,USGS-463325096342201,0.02,
1995-08-01,USGS-432240072053701,1.8,
1995-08-01,USGS-432240072053701,0.04,
1995-07-27,USGS-300143082565903,4.0,
1995-02-09,USGS-280235082313502,0.12,
1995-07-25,USGS-295948082575801,18.0,
1995-06-06,USGS-354726119112001,48.0,
1995-09-19,USGS-431455100554801,6.2,
1995-09-19,USGS-431455100554801,0.14,
1995-07-11,USGS-390938078583201,1.3,
1995-06-15,USGS-391821078521001,0.14,
1995-08-07,USGS-351035106364702,8.0,
1995-08-28,USGS-354749110300101,11.0,
1995-08-31,USGS-385654119431801,3.0,
1995-10-04,USGS-435212112394001,2.0,
1995-07-18,USGS-401341076584001,0.6,
1995-07-18,USGS-401341076584001,0.02,
1995-08-28,USGS-363530116021401,1.9,
1995-08-21,USGS-390457119491301,2.0,
1995-06-14,USGS-351655118594301,4.0,
1995-07-17,USGS-401345076555801,0.01,
1995-08-22,USGS-392646105193701,3.0,
1995-05-23,USGS-361726119241101,6.0,
1995-03-14,USGS-382442105111401,31.0,
1995-03-02,USGS-382402105134301,89000.0,
1995-03-09,USGS-382401105132201,890.0,
1995-08-17,USGS-400324105201201,38.0,
1995-07-13,USGS-401916076292201,0.01,
1995-08-24,USGS-393257105140301,65.0,
1995-02-07,USGS-361136115101401,8.0,
1995-08-09,USGS-400649077255201,0.01,
1995-06-08,USGS-360302119202101,13.0,
1995-03-21,USGS-382536105131901,8.7,
1995-04-14,USGS-410524100454301,9.0,
1995-07-24,USGS-394548105475801,48.0,
1995-03-24,USGS-405118098190505,34.0,
1995-01-18,USGS-291123082075402,0.28,
1995-08-17,USGS-385522119580202,55.0,
1995-04-13,USGS-335326106522701,8.0,
1995-02-16,USGS-360444115132301,3.0,
1995-07-11,USGS-400946077015601,0.7,
1995-07-11,USGS-400946077015601,0.02,
1995-07-25,USGS-401605076411601,0.01,
1995-05-31,USGS-412846073011901,2.9,
1995-05-31,USGS-412846073011901,0.07,
1995-08-30,USGS-385926119481601,6.0,
1995-03-14,USGS-361835115153701,2.0,
1995-03-15,USGS-382527105125001,47.0,
1995-07-10,USGS-382636079213301,0.13,
1995-04-19,USGS-361243119382301,2.0,
1995-12-06,USGS-431405102282901,28.0,
1995-12-06,USGS-431405102282901,8.1,
1995-07-24,USGS-390147119442801,2.0,
1995-01-26,USGS-382418105132201,1.4,
1995-02-08,USGS-280341082325701,0.22,
1995-09-21,USGS-431520100593601,4.8,
1995-09-21,USGS-431520100593601,0.11,
1995-01-20,USGS-291239082082702,0.28,
1995-08-23,USGS-393604105172701,12.0,
1995-03-08,USGS-382502105122901,40.0,
1995-03-29,USGS-343238106460501,13.0,
1995-07-31,USGS-401224077014901,0.01,
1995-02-02,USGS-280500082313502,0.26,
1995-09-21,USGS-431427100561201,2.4,
1995-09-21,USGS-431427100561201,0.06,
1995-06-27,USGS-361341119280101,33.0,
1995-06-21,USGS-463342095315701,0.01,
1995-08-24,USGS-385321119405002,7.0,
1995-08-03,USGS-441434103560001,0.67,
1995-07-20,USGS-374940121034701,11.0,
1995-06-21,USGS-393059078062201,0.11,
1995-06-19,USGS-412748072023601,1.9,
1995-06-19,USGS-412748072023601,0.04,
1995-07-18,USGS-372933120565901,51.0,
1995-09-11,USGS-432548103414802,12.0,
1995-08-30,USGS-385621119444501,5.0,
1995-12-05,USGS-432731102261101,57.0,
1995-12-05,USGS-432731102261101,16.0,
1995-03-15,USGS-320939106441701,2.0,
1995-04-10,USGS-435038112453401,2.0,
1995-07-25,USGS-371548120224101,8.0,
1995-06-26,USGS-393158119454301,3.0,
1995-10-03,USGS-435038112453401,2.0,
1995-02-23,USGS-361241115024801,4.0,
1995-02-08,USGS-382432105134301,25.0,
1995-07-11,USGS-400942077041201,0.4,
1995-07-11,USGS-400942077041201,0.01,
1995-03-15,USGS-361544115132701,1.0,
1995-09-22,USGS-431620100581301,3.9,
1995-09-22,USGS-431620100581301,0.09,
1995-06-22,USGS-394920078294501,0.11,
1995-09-06,USGS-385522119580201,30.0,
1995-03-17,USGS-382405105133401,9.1,
1995-06-26,USGS-391217078470501,0.14,
1995-02-03,USGS-280614082314902,0.11,
1995-07-25,USGS-394820105313801,11.0,
1995-03-15,USGS-433657112563601,2.0,
1995-06-21,USGS-392414119474701,3.0,
1995-07-25,USGS-295948082575801,18.0,
1995-03-08,USGS-382404105132001,2000.0,
1995-10-04,USGS-434915112443901,2.0,
1995-03-01,USGS-382412105133401,3700.0,
1995-08-19,USGS-364656116261601,1.9,
1995-07-13,USGS-401211077124701,0.01,
1995-07-26,USGS-395946077344101,0.01,
1995-06-27,USGS-384122079114601,0.24,
1995-03-15,USGS-382505105130501,140.0,
1995-05-17,USGS-364105116302601,2.8,
1995-11-30,USGS-430929102225301,7.0,
1995-11-30,USGS-430929102225301,2.0,
1995-09-21,USGS-431415101010601,1.6,
1995-09-21,USGS-431415101010601,0.04,
1995-03-16,USGS-382518105131801,23.0,
1995-08-24,USGS-374925107350503,1.0,
1995-06-22,USGS-393203119472801,7.0,
1995-07-13,USGS-400117077343901,0.8,
1995-07-13,USGS-400117077343901,0.02,
1995-10-18,USGS-433400101390001,20.0,
1995-10-18,USGS-433400101390001,6.1,
1995-06-20,USGS-391248078174601,0.16,
1995-03-13,USGS-382442105111901,5.5,
1995-05-09,USGS-373349121032301,24.0,
1995-03-15,USGS-382531105122201,55.0,
1995-11-29,USGS-431526102202601,11.0,
1995-11-29,USGS-431526102202601,3.3,
1995-06-15,USGS-360559115100101,3.0,
1995-08-08,USGS-441322103272801,1.0,
1995-04-20,USGS-372617120530201,33.0,
1995-07-10,USGS-381731121183001,3.0,
1995-04-06,USGS-434915112443901,2.0,
1995-07-18,USGS-475846097141501,0.0,
1995-09-07,USGS-392853105405800,3.0,
1995-03-24,USGS-405127098190904,115.0,
1995-07-19,USGS-372323120554401,188.0,
1995-06-07,MN040-475030094431801,0.01,
1995-07-05,USGS-401159077095101,0.4,
1995-07-05,USGS-401159077095101,0.01,
1995-02-06,USGS-382424105135401,0.4,
1995-06-20,USGS-463912095364701,0.4,
1995-06-20,USGS-463912095364701,0.01,
1995-07-26,USGS-401248076571701,0.01,
1995-05-24,USGS-361852119350601,33.0,
1995-06-28,USGS-385546078501201,0.12,
1995-06-28,USGS-401714103525405,32.0,
1995-06-13,USGS-413336073183901,12.0,
1995-06-13,USGS-413336073183901,0.77,
1995-03-28,USGS-365329119321701,7.0,
1995-03-08,USGS-382317105133101,0.2,
1995-06-26,USGS-400738077085201,0.4,
1995-06-26,USGS-400738077085201,0.01,
1995-08-02,USGS-392627119481901,3.0,
1995-06-22,USGS-395118078143201,9.0,
1995-06-22,USGS-395118078143201,2.6,
1995-09-19,USGS-431508100562101,3.1,
1995-09-19,USGS-431508100562101,0.07,
1995-05-04,USGS-351120106381601,2.0,
1995-07-19,USGS-401945076214101,0.6,
1995-07-19,USGS-401945076214101,0.01,
1995-08-15,USGS-421406072280801,17.0,
1995-08-15,USGS-421406072280801,1.1,
1995-08-24,USGS-374925107350501,2.0,
1995-06-20,USGS-391122078272301,1.0,
1995-06-20,USGS-391122078272301,0.51,
1995-03-13,USGS-325335107182401,2.0,
1995-07-25,USGS-395314105281001,10.0,
1995-03-07,USGS-353329106204001,5.0,
1995-08-21,USGS-364656116261601,2.1,
1995-07-06,USGS-401602076530301,0.01,
1995-06-13,USGS-392556078403001,0.13,
1995-06-14,USGS-361303115140301,2.0,
1995-04-06,USGS-344522106432001,6.0,
1995-10-18,USGS-433422101390301,13.0,
1995-10-18,USGS-433422101390301,3.8,
1995-04-13,USGS-404619098473202,26.0,
1995-02-15,USGS-360719115095903,8.0,
1995-07-10,USGS-401125077195801,0.4,
1995-07-10,USGS-401125077195801,0.01,
1995-07-12,USGS-383556079120401,1.1,
1995-07-11,USGS-383057079340701,0.19,
1995-03-21,USGS-382516105120901,18.0,
1995-05-31,USGS-413918073030601,0.01,
1995-05-10,USGS-471421097304601,6.7,
1995-05-10,USGS-471421097304601,0.15,
1995-07-17,USGS-400905077152101,0.4,
1995-07-17,USGS-400905077152101,0.01,
1995-04-11,USGS-342753106485501,4.0,
1995-02-02,USGS-280550082312201,0.14,
1995-08-20,USGS-364656116261601,1.9,
1995-11-08,USGS-431625101551201,7.0,
1995-11-08,USGS-431625101551201,2.2,
1995-06-15,USGS-360730115093901,2.0,
1995-07-24,USGS-402045076244801,11.0,
1995-07-24,USGS-402045076244801,0.25,
1995-08-10,USGS-363119119584801,222.0,
1995-04-18,USGS-361338119275501,18.0,
1995-07-24,USGS-390055119421901,3.0,
1995-01-24,USGS-361123115082101,2.0,
1995-04-11,USGS-342041106504601,10.0,
1995-05-10,USGS-474532097344901,1.3,
1995-05-10,USGS-474532097344901,0.03,
1995-03-22,USGS-382549105132001,16.0,
1995-11-06,USGS-433807112551501,2.0,
1995-02-01,USGS-382335105140701,0.9,
1995-08-22,USGS-390015119500101,15.0,
1995-08-14,USGS-402530105273901,9.0,
1995-03-21,USGS-410113096145701,3.0,
1995-06-22,USGS-462907097214201,0.5,
1995-06-22,USGS-462907097214201,0.01,
1995-07-19,USGS-473931097272101,66.0,
1995-07-19,USGS-473931097272101,4.0,
1995-06-28,USGS-392614119454501,2.0,
1995-07-26,USGS-395411105205601,24.0,
1995-08-23,USGS-385719119454701,3.0,
1995-09-20,USGS-431517100562301,76000.0,
1995-02-02,USGS-280550082312202,0.12,
1995-07-27,USGS-300103082570701,2.0,
1995-02-08,USGS-360358115065801,3.0,
1995-07-24,USGS-300010082580601,1.0,
1995-09-10,USGS-364656116261601,2.1,
1995-06-26,USGS-384727079242501,0.13,
1995-06-22,USGS-462946097213901,1.7,
1995-06-22,USGS-462946097213901,0.04,
1995-08-31,USGS-422202072265301,1.1,
1995-08-31,USGS-422202072265301,0.02,
1995-08-01,USGS-370046120212001,21.0,
1995-06-28,USGS-401714103525404,37.0,
1995-09-05,USGS-362728116501101,2.5,
1995-11-09,USGS-432538102102001,16.0,
1995-11-09,USGS-432538102102001,4.8,
1995-06-12,USGS-360940115133701,4.0,
1995-04-19,USGS-361905119472901,2.0,
1995-02-03,USGS-382404105132002,3600.0,
1995-07-20,USGS-402029076254801,1.5,
1995-07-20,USGS-402029076254801,0.03,
1995-08-16,USGS-393644105182101,27.0,
1995-08-01,USGS-361547094251403,1.2,
1995-08-01,USGS-361547094251403,0.03,
1995-05-16,USGS-364828116234001,0.4,
1995-06-21,USGS-463305095382701,0.9,
1995-06-21,USGS-463305095382701,0.02,
1995-06-13,USGS-412614072584401,2.3,
1995-06-13,USGS-412614072584401,0.05,
1995-06-27,USGS-383933079194801,3.0,
1995-06-27,USGS-383933079194801,1.1,
1995-06-22,USGS-371651120175701,4.0,
1995-03-29,USGS-433356112574201,2.0,
1995-07-26,USGS-400330077313001,0.9,
1995-07-26,USGS-400330077313001,0.02,
1995-06-28,USGS-401714103525418,30.0,
1995-06-20,USGS-464154095375501,0.01,
1995-02-09,USGS-382455105134501,3.9,
1995-08-24,USGS-385509119414801,2.0,
1995-08-29,USGS-422921073001301,1.5,
1995-08-29,USGS-422921073001301,0.03,
1995-06-08,USGS-364959119375201,6.0,
1995-06-19,USGS-395503078002501,1.0,
1995-06-19,USGS-395503078002501,0.42,
1995-07-18,USGS-400937077094201,0.01,
1995-07-27,USGS-401359076553301,0.01,
1995-06-28,USGS-401732076323901,0.01,
1995-08-16,USGS-393827105244701,10.0,
1995-02-01,USGS-382412105130201,0.6,
1995-08-29,USGS-365821116343701,4.8,
1995-06-22,USGS-415130072044101,30.0,
1995-06-22,USGS-415130072044101,1.9,
1995-07-05,USGS-400835077134401,0.5,
1995-07-05,USGS-400835077134401,0.12,
1995-09-06,USGS-364105116302601,2.2,
1995-08-18,USGS-385522119580203,2.0,
1995-09-11,USGS-393245105155000,41.0,
1995-06-14,USGS-392152078324501,0.21,
1995-07-19,USGS-374043121100301,24.0,
1995-06-29,USGS-362525119450601,5.0,
1995-07-28,USGS-300116082585702,19.0,
1995-06-13,USGS-352749119261501,11.0,
1995-09-21,USGS-431501101005701,1.4,
1995-09-21,USGS-431501101005701,0.03,
1995-07-18,USGS-401440076531901,0.01,
1995-08-24,USGS-414920072094901,2.0,
1995-08-24,USGS-414920072094901,0.04,
1995-09-19,USGS-431515100553901,5.7,
1995-09-19,USGS-431515100553901,0.13,
1995-11-28,USGS-431907102223501,20.0,
1995-11-28,USGS-431907102223501,5.9,
1995-05-08,USGS-372624120530302,11.0,
1995-02-01,USGS-280310082291001,0.11,
1995-06-20,USGS-364807119551001,140.0,
1995-03-15,USGS-382527105125001,47.0,
1995-06-26,USGS-361717119234201,2.0,
1995-07-18,USGS-373114120595001,100.0,
1995-06-19,USGS-463956095355601,0.01,
1995-02-01,USGS-280305082300502,1.0,
1995-02-01,USGS-280305082300502,0.51,
1995-03-14,USGS-382502105125301,83.0,
1995-08-14,USGS-315712106364302,1.0,
1995-09-21,USGS-431620100560601,5.6,
1995-09-21,USGS-431620100560601,0.13,
1995-06-21,USGS-393045119500501,4.0,
1995-07-25,USGS-434953103585201,9.3,
1995-08-24,USGS-393703105171501,19.0,
1995-03-08,USGS-382317105132301,3.3,
1995-06-16,USGS-394116078252401,5.0,
1995-06-16,USGS-394116078252401,1.6,
1995-09-14,USGS-433944103521801,1.5,
1995-06-07,USGS-471914095283101,0.01,
1995-07-26,USGS-300025082574201,26.0,
1995-07-11,USGS-401445076440801,0.4,
1995-07-11,USGS-401445076440801,0.01,
1995-07-19,USGS-401856076345101,0.6,
1995-07-19,USGS-401856076345101,0.01,
1995-04-19,USGS-333810107005001,3.0,
1995-07-12,USGS-401750076274601,0.01,
1995-08-08,USGS-350836106395602,13.0,
1995-08-21,USGS-390542119472001,3.0,
1995-06-27,USGS-463603097050601,2.6,
1995-06-27,USGS-463603097050601,0.06,
1995-08-23,USGS-393422105240101,12.0,
1995-06-27,USGS-383649079211501,0.4,
1995-02-07,USGS-382450105130701,1.2,
1995-10-18,USGS-433356112574201,1.0,
1995-06-22,USGS-463050097213401,3.3,
1995-06-22,USGS-463050097213401,0.08,
1995-08-01,USGS-393105119494001,3.0,
1995-02-08,USGS-280215082280001,3.0,
1995-08-03,USGS-350836106395403,2.0,
1995-07-28,USGS-300116082585701,1.0,
1995-03-08,USGS-382404105132001,2000.0,
1995-06-28,USGS-362537119450901,4.0,
1995-02-03,USGS-280614082314901,3.0,
1995-02-03,USGS-280614082314901,0.99,
1995-12-07,USGS-430141102343701,18.0,
1995-12-07,USGS-430141102343701,5.3,
1995-03-23,USGS-411738097264301,2.0,
1995-08-03,USGS-444723071494801,0.01,
1995-03-03,USGS-351948106314701,2.0,
1995-03-16,USGS-360816115090201,3.0,
1995-07-27,USGS-300143082565901,4.0,
1995-04-18,USGS-363029119202001,3.0,
1995-06-13,USGS-352258119034901,4.0,
1995-02-08,USGS-280215082280001,3.0,
1995-02-08,USGS-280215082280001,1.1,
1995-06-28,USGS-401714103525416,31.0,
1995-04-06,USGS-434856112400001,2.0,
1995-09-18,USGS-431505100565801,3.8,
1995-09-18,USGS-431505100565801,0.09,
1995-07-26,USGS-300014082571301,2.0,
1995-05-25,USGS-361519119433401,440.0,
1995-06-19,USGS-372602120325101,2.0,
1995-09-20,USGS-431540100545801,22.0,
1995-09-20,USGS-431540100545801,1.4,
1995-04-17,USGS-341519106535101,15.0,
1996-06-11,USGS-392901106004400,1.0,
1996-08-28,USGS-400935075331801,3.0,
1996-09-14,USGS-373650110075001,80.0,
1996-08-30,USGS-390642119472101,3.0,
1996-08-21,USGS-430125102324001,10.0,
1996-08-21,USGS-430125102324001,2.9,
1996-10-29,USGS-314945110010001,6.0,
1996-06-27,USGS-450542093182301,1.0,
1996-03-28,USGS-332214112365801,6.0,
1996-03-25,USGS-332207112402901,64.0,
1996-07-19,USGS-433913103033701,16.0,
1996-07-19,USGS-433913103033701,5.0,
1996-09-03,USGS-430439102350701,13.0,
1996-09-03,USGS-430439102350701,3.7,
1996-08-13,USGS-394342090231001,1.0,
1996-03-01,USGS-332000112411501,22.0,
1996-09-19,USGS-430706102382802,13.0,
1996-09-19,USGS-430706102382802,3.9,
1996-08-07,USGS-401714103525416,41.0,
1996-08-27,USGS-300235099205901,5.7,
1996-09-03,USGS-400316105053100,21.0,
1996-06-26,USGS-450516093195901,4.0,
1996-09-05,USGS-430129102333101,7.0,
1996-09-05,USGS-430129102333101,2.0,
1996-08-08,USGS-451027092142901,1.0,
1996-08-02,USGS-693923144233701,1.0,
1996-12-18,USGS-373702110080101,840.0,
1996-07-31,MN040-443232093230901,3.0,
1996-09-05,USGS-395009075470801,10.0,
1996-06-12,USGS-392854106004900,2.0,
1996-11-13,USGS-312356110064201,3.0,
1996-07-19,USGS-433955103100802,13.0,
1996-07-19,USGS-433955103100802,4.0,
1996-04-03,USGS-332830112274201,5.0,
1996-07-08,USGS-300828098305601,1.35,
1996-08-07,MN040-445321092590101,1.0,
1996-08-12,USGS-400712105234500,26.0,
1996-02-12,AZ014-332424112284101,2.0,
1996-12-03,USGS-383334106555400,2.0,
1996-12-18,USGS-373702110080202,11200.0,
1996-10-14,USGS-434941112454201,2.0,
1996-12-18,USGS-373702110080102,110.0,
1996-04-10,USGS-433356112574201,2.0,
1996-02-29,USGS-332435112373201,16.0,
1996-12-10,USGS-261714080130101,1.0,
1996-03-28,USGS-334430112473001,4.0,
1996-08-21,USGS-400109105193400,1.0,
1996-08-07,USGS-401714103525404,37.0,
1996-08-30,USGS-06430532,2.8,
1996-09-13,USGS-373703110080301,1070.0,
1996-09-25,USGS-430703102383101,11.0,
1996-09-25,USGS-430703102383101,3.2,
1996-08-21,USGS-400419105085900,5.0,
1996-04-15,USGS-332316112400501,53.0,
1996-08-07,USGS-401714103525405,41.0,
1996-07-09,USGS-450126093180901,2.0,
1996-11-20,USGS-422956083380000,4.0,
1996-04-25,USGS-332330112331901,46.0,
1996-08-26,MN040-450758093061501,2.0,
1996-09-17,USGS-430742102394301,15.0,
1996-09-17,USGS-430742102394301,4.4,
1996-08-14,USGS-314507110050101,3.0,
1996-06-27,USGS-450448093205301,4.0,
1996-07-24,USGS-312738110155201,10.0,
1996-07-02,USGS-450333093201701,4.0,
1996-11-14,USGS-421210083474500,1.0,
1996-08-14,USGS-400259105160700,5.0,
1996-08-22,USGS-430157102333801,12.0,
1996-08-22,USGS-430157102333801,3.6,
1996-08-30,USGS-390642119472102,3.0,
1996-08-27,USGS-312850110163201,5.0,
1996-08-08,USGS-400658105151200,4.0,
1996-09-13,USGS-373702110080102,260.0,
1996-08-07,USGS-401714103525415,41.0,
1996-08-22,USGS-394958075480201,4.0,
1996-09-03,USGS-441759103261202,1.4,
1996-08-06,USGS-400024105123500,8.0,
1996-09-24,USGS-431442102201601,31.0,
1996-09-24,USGS-431442102201601,9.1,
1996-08-15,USGS-313354110125701,1.0,
1996-07-23,USGS-314115110205601,2.0,
1996-09-05,USGS-402902090295501,1.0,
1996-08-01,MN040-444059093260901,2.0,
1996-08-07,USGS-401714103525418,42.0,
1996-03-26,USGS-332237112420601,10.0,
1996-10-15,USGS-435212112394001,2.0,
1996-03-15,USGS-382453105131202,76.0,
1996-08-05,USGS-400124105232900,25.0,
1996-08-22,USGS-393751090294701,3.0,
1996-10-14,USGS-434915112443901,2.0,
1996-08-21,USGS-393355089295901,7.0,
1996-08-07,USGS-400226105080500,6.0,
1996-08-13,MN040-445117093042701,1.0,
1996-04-05,USGS-435038112453401,2.0,
1996-12-17,USGS-373703110080301,870.0,
1996-08-29,USGS-390843119462602,2.0,
1996-08-29,USGS-392349090021001,2.0,
1996-08-20,USGS-430125102324002,10.0,
1996-08-20,USGS-430125102324002,3.1,
1996-04-18,USGS-332105112382801,67.0,
1996-03-11,USGS-382442105131701,4300.0,
1996-07-31,MN040-443505093255201,4.0,
1996-09-13,USGS-373702110080101,1100.0,
1996-08-05,USGS-333448112321701,4.0,
1996-08-14,USGS-400255105165500,3.0,
1996-03-04,USGS-332426112352501,6.0,
1996-06-18,USGS-451013093185101,6.0,
1996-06-20,USGS-451009093181701,1.0,
1996-12-18,USGS-373701110080101,530.0,
1996-07-29,USGS-435916103161801,1.5,
1996-04-26,USGS-333029112250401,4.0,
1996-09-04,USGS-441337103225001,0.81,
1996-03-13,USGS-382442105131702,23.0,
1996-08-12,USGS-315657110250401,5.0,
1996-04-23,USGS-334237112234801,4.0,
1996-03-15,USGS-382442105131602,2900.0,
1996-10-14,USGS-434856112400001,2.0,
1996-08-07,USGS-400319105045100,14.0,
1996-09-13,USGS-373702110080102,260.0,
1996-08-08,MN040-443119093050101,1.0,
1996-07-08,USGS-450236093175801,1.0,
1996-08-29,USGS-430140102324101,18.0,
1996-08-29,USGS-430140102324101,5.3,
1996-08-08,USGS-300559099084401,3.81,
1996-09-13,USGS-373702110080201,3850.0,
1996-08-01,USGS-394459090004301,1.0,
1996-04-10,USGS-433447112574501,2.0,
1996-09-18,USGS-430709102382801,16.0,
1996-09-18,USGS-430709102382801,4.6,
1996-12-19,USGS-373650110075001,60.0,
1996-06-26,USGS-312741110031101,1.0,
1996-12-17,USGS-423402083272700,1.0,
1996-10-22,USGS-433807112551501,3.0,
1996-09-04,MN040-443641093110701,1.0,
1996-12-19,USGS-373650110075001,60.0,
1996-09-10,USGS-400404075284501,2.0,
1996-08-28,USGS-390955119481002,2.0,
1996-10-02,USGS-313202110305801,2.0,
1996-12-18,USGS-424026083084600,1.0,
1996-03-13,USGS-382443105131601,1.2,
1996-03-27,USGS-332659112264801,1.0,
1996-06-04,USGS-295406097551201,1.42,
1996-09-14,USGS-373701110080101,640.0,
1996-08-05,MN040-444202093225901,3.0,
1996-12-19,USGS-373705110081201,1240.0,
1996-08-27,USGS-441759103261201,0.78,
1996-04-08,USGS-434941112454201,2.0,
1996-04-22,USGS-334654112330401,4.0,
1996-11-13,USGS-440308103184601,1.5,
1996-09-05,USGS-06425100,3.8,
1996-11-21,USGS-423020083390100,7.0,
1996-03-07,USGS-332303112410401,9.0,
1996-08-19,MN040-444331093080801,1.0,
1996-08-28,USGS-314953110124201,6.0,
1996-08-14,MN040-445245092545501,1.0,
1996-11-19,USGS-422751083405200,7.0,
1996-08-07,USGS-400313105075000,1.0,
1996-03-06,AZ014-332453112283901,3.0,
1996-09-09,USGS-411659089500601,17.0,
1996-12-12,USGS-423022083233300,1.0,
1996-08-14,USGS-400519105194200,62.0,
1996-10-02,USGS-314504110042001,2.0,
1996-02-28,USGS-332332112360501,3.0,
1996-08-21,USGS-400323105132600,2.0,
1996-09-19,USGS-441759103261203,1.2,
1996-04-16,USGS-334550112305801,2.0,
1996-01-19,USGS-382455105134401,420.0,
1996-08-13,USGS-395750105242200,3.0,
1996-03-29,USGS-332416112383101,66.0,
1996-03-05,USGS-332043112402001,4.0,
1996-06-24,USGS-451116093183101,1.0,
1996-07-30,USGS-435916103161802,1.0,
1996-09-10,USGS-391230119441401,2.0,
1996-02-15,USGS-332208112293701,35.0,
1996-06-25,USGS-450704093210401,6.0,
1996-06-25,USGS-300438098232401,3.06,
1996-08-06,USGS-400050105093100,69.0,
1996-03-12,USGS-382442105131601,3300.0,
1996-10-02,USGS-392532090091901,4.0,
1996-09-06,USGS-435013103162600,1.4,
1996-06-24,USGS-312256110082501,1.0,
1996-08-13,MN040-442612093110201,5.0,
1996-07-10,USGS-450524093223201,2.0,
1996-08-05,USGS-395738105103200,2.0,
1996-12-04,USGS-383232106550500,1.0,
1996-08-08,USGS-400458105140700,12.0,
1996-12-17,USGS-373702110080201,2550.0,
1996-06-25,USGS-313752110270201,1.0,
1996-09-10,USGS-395906105095600,10.0,
1996-07-15,USGS-294718098443001,1.77,
1996-08-12,MN040-443645092525501,2.0,
1996-02-13,USGS-332530112245001,12.0,
1996-09-09,USGS-430120102341601,59.0,
1996-09-09,USGS-430120102341601,18.0,
1996-02-08,USGS-332145112361501,1.0,
1996-10-02,USGS-433657112563601,2.0,
1996-08-27,MN040-450516093281001,3.0,
1996-10-14,USGS-435038112453401,2.0,
1996-07-09,USGS-450305093172501,5.0,
1996-03-08,USGS-332630112282801,82.0,
1996-04-08,USGS-434856112400001,2.0,
1996-06-25,USGS-450557093201801,2.0,
1996-03-25,USGS-433807112551501,2.0,
1996-09-10,USGS-434655103181701,1.3,
1996-08-26,USGS-320705110182001,6.0,
1996-08-07,USGS-401714103525406,39.0,
1996-09-17,USGS-315520110130501,13.0,
1996-09-12,USGS-432028103331601,3.4,
1996-04-05,USGS-434915112443901,2.0,
1996-08-19,USGS-395818105124200,11.0,
1996-07-03,USGS-450326093175201,13.0,
1996-07-01,AZ014-332212112410601,29.0,
1996-07-09,USGS-294300098402501,2.19,
1996-09-17,USGS-395238089322701,3.0,
1996-07-31,USGS-395635090084401,2.0,
1996-08-30,USGS-443515103572501,10.0,
1996-12-03,USGS-424258083223300,1.0,
1996-08-06,USGS-395959105100700,25.0,
1996-06-27,USGS-294344098253801,1.43,
1996-09-12,USGS-430726102391202,11.0,
1996-09-12,USGS-430726102391202,3.1,
1996-08-13,USGS-313127110282901,4.0,
1996-08-22,USGS-400345105184500,11.0,
1996-09-04,USGS-441337103225002,4.0,
1996-07-25,USGS-313848110192501,2.0,
1996-04-16,AZ014-334314112343701,2.0,
1996-09-14,USGS-373705110081201,1800.0,
1996-02-06,AZ014-332312112284301,1.0,
1996-04-23,USGS-435212112394001,2.0,
1996-02-27,USGS-332327112262201,9.0,
1996-08-07,USGS-401714103525417,42.0,
1996-08-15,USGS-443042092570401,3.0,
1996-07-18,USGS-300516098113201,1.28,
1996-09-09,USGS-06408500,3.5,
1996-09-18,USGS-315712110205401,5.0,
1996-02-16,USGS-332513112250401,1.0,
1996-10-15,USGS-433356112574201,2.0,
1996-02-28,USGS-332240112330701,15.0,
1996-09-03,USGS-390642119472103,14.0,
1996-08-28,USGS-390637119472303,5.0,
1996-10-01,USGS-320457110204101,34.0,
1996-09-03,USGS-430439102350702,15.0,
1996-09-03,USGS-430439102350702,4.3,
1996-06-27,USGS-314441110311501,1.0,
1996-09-26,USGS-430223102084901,7.0,
1996-09-26,USGS-430223102084901,2.1,
1996-10-21,USGS-433447112574501,2.0,
1996-10-22,USGS-314127110055501,2.0,
1996-12-19,USGS-315644110134201,14.0,
1996-08-07,USGS-401714103525403,42.0,
1996-03-21,USGS-433657112563601,1.0,
1997-09-11,USGS-393644105430400,43.9,
1997-05-09,USGS-363835116234001,3.0,
1997-05-09,USGS-363835116234001,0.89,
1997-11-04,USGS-385432076305301,0.39,
1997-10-27,USGS-385150076380501,0.12,
1997-07-16,USGS-433357101392301,14.0,
1997-07-16,USGS-433357101392301,4.0,
1997-06-30,USGS-432523102101801,13.0,
1997-06-30,USGS-432523102101801,3.8,
1997-10-01,USGS-393726106035300,2.1,
1997-03-27,USGS-332548112304201,5.25,
1997-10-29,USGS-272550098501601,29.9,
1997-08-27,USGS-405449079193901,2.23,
1997-07-07,USGS-403025088273201,3.19,
1997-05-13,USGS-364947116254501,0.26,
1997-09-03,AZ014-332304112400401,1.8,
1997-10-08,USGS-390542076314001,1.0,
1997-10-08,USGS-390542076314001,0.42,
1997-07-08,USGS-404004088485501,3.13,
1997-04-21,USGS-434915112443901,2.12,
1997-10-15,USGS-435038112453401,1.69,
1997-11-12,USGS-434402083055901,1.35,
1997-11-19,USGS-410357097584801,30.6,
1997-11-05,USGS-433517103534201,7.8,
1997-10-21,USGS-390056076255401,0.12,
1997-04-28,USGS-393743106171000,3.49,
1997-04-09,USGS-333634112223401,3.44,
1997-08-13,USGS-401322089153901,2.34,
1997-07-01,USGS-403808089065901,1.68,
1997-10-28,USGS-384622076351701,0.1,
1997-02-25,USGS-475612118053602,68000.0,
1997-02-25,USGS-475612118053602,19000.0,
1997-08-19,USGS-400744077242901,0.3,
1997-10-21,USGS-400601088553401,1.39,
1997-08-22,USGS-332142112315101,25.4,
1997-07-31,USGS-391135076571701,0.14,
1997-08-18,USGS-390416121433601,3.87,
1997-02-26,USGS-475633118055101,58200.0,
1997-02-26,USGS-475633118055101,16000.0,
1997-09-17,USGS-381804107061000,1.04,
1997-08-21,USGS-404228077565801,0.12,
1997-06-30,USGS-391626076572301,0.11,
1997-07-17,USGS-430738102055901,6.0,
1997-07-17,USGS-430738102055901,1.8,
1997-05-08,USGS-383130106574100,1.49,
1997-09-10,USGS-390810106463000,1.51,
1997-11-12,USGS-390718076425001,0.09,
1997-08-06,USGS-404737089093201,6.16,
1997-08-13,USGS-291135099495001,1.61,
1997-10-27,USGS-385018076310401,0.13,
1997-05-21,USGS-333418112073201,1.98,
1997-11-03,USGS-384330076340501,0.09,
1997-11-20,USGS-385950076304001,0.1,
1997-07-09,USGS-431351102280601,18.0,
1997-07-09,USGS-431351102280601,5.2,
1997-08-13,USGS-405930102155001,0.14,
1997-05-05,USGS-393718106253000,2.37,
1997-11-19,USGS-390921076283301,0.09,
1997-12-10,USGS-390623108385302,80.0,
1997-12-10,USGS-390623108385302,23.0,
1997-09-16,USGS-402213088132201,11.6,
1997-09-04,USGS-394920075463301,3.26,
1997-08-07,USGS-410947089044101,10.3,
1997-08-19,USGS-400111088550501,1.64,
1997-10-21,USGS-440811103222202,1.34,
1997-04-10,USGS-373705110081201,1060.0,
1997-09-10,USGS-272352098585101,2.75,
1997-02-26,USGS-475624118054302,4.7,
1997-02-26,USGS-475624118054302,16.0,
1997-09-09,USGS-332231112351401,2.5,
1997-02-20,USGS-353132115233501,225.0,
1997-05-06,USGS-383232106554700,1.16,
1997-04-10,USGS-373650110075001,60.0,
1997-08-14,USGS-392824122091401,4.18,
1997-02-19,USGS-353244115233801,560.0,
1997-08-19,USGS-292112099294801,1.28,
1997-11-12,USGS-412817097045601,2.9,
1997-09-13,USGS-395935105535800,2.53,
1997-07-30,USGS-405100089214701,1.43,
1997-07-31,USGS-394019076374501,0.09,
1997-12-02,USGS-385657076333401,0.12,
1997-05-20,AZ014-332428112144101,2.85,
1997-05-05,USGS-382845081300301,3.89,
1997-10-13,USGS-393844106232300,1.9,
1997-07-22,USGS-410857089442301,1.04,
1997-11-09,USGS-410208074233501,1.24,
1997-07-23,USGS-430247102273201,5.0,
1997-07-23,USGS-430247102273201,1.7,
1997-04-22,USGS-435038112453401,1.56,
1997-10-23,USGS-410758100415601,3.86,
1997-05-15,USGS-394200076551201,0.1,
1997-04-09,USGS-373702110080101,770.0,
1997-03-25,USGS-332135112081901,17.6,
1997-12-04,USGS-393158076302601,0.09,
1997-05-15,USGS-362929116085701,20.0,
1997-05-15,USGS-362929116085701,5.9,
1997-09-09,USGS-390421106533400,2.39,
1997-08-04,USGS-404849088281001,5.11,
1997-08-20,USGS-390623108385302,52.0,
1997-08-20,USGS-390623108385302,16.0,
1997-04-30,USGS-393844106232300,1.61,
1997-11-20,USGS-435227103185301,1.71,
1997-07-09,USGS-401216088482301,1.97,
1997-08-21,USGS-405105077492101,0.18,
1997-11-12,USGS-390656076381301,0.34,
1997-08-19,USGS-393409106244300,1.03,
1997-08-28,USGS-332356112311701,97.8,
1997-08-27,USGS-380307107181400,6.59,
1997-10-29,USGS-401020089252801,2.15,
1997-10-28,USGS-435018103155801,2.38,
1997-08-12,USGS-410625088443101,15.0,
1997-06-02,AZ014-332524112193701,1.5,
1997-09-11,USGS-393429107412400,30.7,
1997-04-07,USGS-332918112283301,2.05,
1997-06-24,USGS-291720098422301,1.0,
1997-05-19,USGS-375320080360801,1.26,
1997-10-22,USGS-401151088423401,1.07,
1997-06-30,USGS-391332076451601,6.0,
1997-06-30,USGS-391332076451601,1.8,
1997-06-23,USGS-402912088515101,2.82,
1997-04-28,USGS-434856112400001,2.15,
1997-09-30,USGS-395648105485300,1.11,
1997-07-08,USGS-430122102342801,16.0,
1997-07-08,USGS-430122102342801,4.4,
1997-08-27,USGS-332530112261501,46.1,
1997-09-16,USGS-390122076423801,0.1,
1997-11-13,USGS-385350076380701,0.09,
1997-09-22,USGS-385756076384401,0.1,
1997-10-15,USGS-405833074205801,429.0,
1997-08-07,USGS-383953106503000,1.84,
1997-10-23,USGS-401100089004701,9.67,
1997-07-16,USGS-363632081092701,1.0,
1997-08-20,USGS-390621108385002,52.0,
1997-08-20,USGS-390621108385002,16.0,
1997-12-16,USGS-390006076314801,0.09,
1997-06-03,AZ014-333452112123301,1.6,
1997-08-15,USGS-393353122013501,1.62,
1997-11-18,USGS-432603103295901,3.5,
1997-09-30,USGS-390627076291401,0.2,
1997-07-22,USGS-433328101392801,12.0,
1997-07-22,USGS-433328101392801,3.4,
1997-09-25,USGS-385740076324001,0.09,
1997-09-10,USGS-390724076360601,0.14,
1997-05-08,USGS-383219106565300,1.7,
1997-04-10,USGS-373703110080301,1020.0,
1997-09-10,USGS-392848121523901,3.53,
1997-07-16,USGS-412442089025701,10.2,
1997-08-19,USGS-390832121463601,5.55,
1997-08-19,USGS-332309112284701,21.4,
1997-10-29,USGS-404634099244901,25.8,
1997-10-08,USGS-383334106555400,1.59,
1997-06-17,USGS-332500112095501,1.42,
1997-06-05,USGS-333310112151301,1.56,
1997-08-19,USGS-401003077155301,0.43,
1997-09-30,USGS-385601076390901,0.12,
1997-08-13,USGS-390856122044301,11.2,
1997-07-31,USGS-400736088344701,4.21,
1997-02-25,USGS-475645118053401,90.0,
1997-02-25,USGS-475645118053401,26.0,
1997-05-08,USGS-362835116264102,0.3,
1997-10-23,USGS-390128076412401,14.0,
1997-10-23,USGS-390128076412401,4.1,
1997-05-07,AZ014-332821112065101,7.27,
1997-05-07,USGS-383232106550500,1.29,
1997-12-17,USGS-390923076411201,0.12,
1997-10-09,USGS-383232106554700,1.44,
1997-11-05,USGS-390625108390401,57.0,
1997-11-05,USGS-390625108390401,16.0,
1997-05-29,USGS-383334106555400,1.1,
1997-11-17,USGS-403738099144901,6.26,
1997-11-03,USGS-384757076380901,0.1,
1997-11-11,USGS-411204096184801,25.5,
1997-08-11,USGS-384330121293901,22.8,
1997-09-09,USGS-390737106505500,3.39,
1997-08-21,USGS-332002112411601,38.2,
1997-09-04,USGS-400229106223500,1.5,
1997-11-04,USGS-390628108390901,6.5,
1997-11-04,USGS-390628108390901,23.0,
1997-09-09,USGS-393630121455401,2.36,
1997-11-12,USGS-411738097264301,2.45,
1997-07-01,USGS-432507102100701,11.0,
1997-07-01,USGS-432507102100701,3.1,
1997-03-11,USGS-260825080144402,2.0,
1997-02-25,USGS-475606118053601,37700.0,
1997-02-25,USGS-475606118053601,10000.0,
1997-08-20,USGS-402304089032601,4.09,
1997-06-26,USGS-430056102261501,3.0,
1997-06-26,USGS-430056102261501,1.1,
1997-09-30,USGS-392810122080901,2.54,
1997-11-16,USGS-404209098481201,36.4,
1997-07-29,USGS-405218088462401,3.92,
1997-08-22,USGS-400941077185901,0.43,
1997-08-21,USGS-392924121504801,3.69,
1997-09-23,USGS-400725088300201,1.3,
1997-09-16,USGS-390313076393001,0.14,
1997-02-26,USGS-475624118054301,52700.0,
1997-02-26,USGS-475624118054301,15000.0,
1997-05-15,USGS-364554116232401,0.27,
1997-10-29,USGS-442435103571101,0.74,
1997-09-17,USGS-385844076380301,0.1,
1997-04-09,USGS-373701110080101,550.0,
1997-04-10,USGS-373703110080301,1030.0,
1997-11-02,USGS-410744074213101,12.8,
1997-09-29,USGS-395507105470200,1.81,
1997-08-20,USGS-392931122031701,1.94,
1997-09-03,USGS-404717074340201,1.65,
1997-10-01,USGS-390012076263401,0.1,
1997-08-21,USGS-392604121531801,2.78,
1997-10-09,USGS-383219106565300,1.13,
1997-08-26,USGS-384126106590200,2.11,
1997-08-28,USGS-383121106583000,1.15,
1997-10-21,USGS-433447112574501,1.83,
1997-04-30,USGS-433447112574501,1.73,
1997-12-09,USGS-392826077244801,0.13,
1997-04-30,USGS-393823106215900,1.71,
1997-09-16,USGS-381045107450800,1.5,
1997-12-17,USGS-434700104021402,5.65,
1997-10-01,USGS-393538122053201,1.27,
1997-09-18,USGS-393235122055301,1.35,
1997-04-21,USGS-435212112394001,2.32,
1997-10-08,USGS-390813076262901,0.17,
1997-08-22,USGS-401948076294501,0.35,
1997-08-27,USGS-315543106263201,5.51,
1997-10-23,USGS-385500076402701,0.12,
1997-10-28,USGS-404422099321201,126.0,
1997-04-29,USGS-433356112574201,1.5,
1997-05-07,USGS-362502116192301,3.0,
1997-05-07,USGS-362502116192301,1.0,
1997-05-21,USGS-395929105510300,2.55,
1997-10-15,USGS-393830106210600,2.58,
1997-08-26,USGS-332214112400601,99.9,
1997-07-15,USGS-362445081154701,1.25,
1997-07-01,USGS-432513102100501,10.0,
1997-07-01,USGS-432513102100501,3.0,
1997-12-02,USGS-390214076361201,0.12,
1997-08-21,USGS-393716106281800,1.85,
1997-08-26,USGS-410205079061101,2.72,
1997-05-22,USGS-334406112072401,2.37,
1997-07-22,USGS-433456101332001,11.0,
1997-07-22,USGS-433456101332001,3.3,
1997-04-09,USGS-373702110080102,110.0,
1997-05-06,USGS-362924116203001,3.0,
1997-05-06,USGS-362924116203001,0.89,
1997-08-21,USGS-393815106541900,14.2,
1997-08-21,USGS-315816106243201,4.04,
1997-11-04,USGS-404621099380601,19.8,
1997-12-11,USGS-385649076315001,0.1,
1997-07-28,USGS-404139088195901,3.33,
1997-12-17,USGS-390605076284001,2.0,
1997-12-17,USGS-390605076284001,0.81,
1997-06-30,USGS-432518102102801,12.0,
1997-06-30,USGS-432518102102801,3.4,
1997-02-26,USGS-475633118055103,63.0,
1997-02-26,USGS-475633118055103,17.0,
1997-11-19,USGS-390202076253401,0.09,
1997-04-22,USGS-434941112454201,1.46,
1997-09-09,USGS-390622076272601,0.1,
1997-10-28,USGS-404912099531701,76.9,
1997-10-20,USGS-433657112563601,1.46,
1997-11-03,USGS-395553088441401,1.28,
1997-02-26,USGS-475615118054002,44.0,
1997-02-26,USGS-475615118054002,14.0,
1997-10-01,USGS-395929105510300,2.42,
1997-11-18,USGS-410618098113401,7.81,
1997-09-30,USGS-395706105485000,1.31,
1997-07-15,USGS-402920088401301,1.64,
1997-05-22,USGS-395507105470200,1.33,
1997-07-31,USGS-392159076520101,0.19,
1997-10-23,USGS-405143099565001,22.8,
1997-11-13,USGS-433115103251403,3.08,
1997-05-14,USGS-364828116234001,0.26,
1997-12-02,USGS-442335103311001,22.2,
1997-12-02,USGS-442335103311001,1.0,
1997-10-15,USGS-393823106215900,1.57,
1997-10-27,USGS-434856112400001,2.34,
1997-02-25,USGS-475612118053601,4530.0,
1997-02-25,USGS-475612118053601,1300.0,
1997-11-13,USGS-412159097220901,3.18,
1997-10-29,USGS-405127098190904,43.3,
1997-08-20,USGS-390622108385102,57.0,
1997-08-20,USGS-390622108385102,17.0,
1997-07-08,USGS-430531102354101,15.0,
1997-07-08,USGS-430531102354101,4.2,
1997-05-13,USGS-392056077055901,0.11,
1997-09-03,USGS-395220106175400,1.46,
1997-08-14,USGS-391653122101401,2.02,
1997-09-05,USGS-401510105503000,2.79,
1997-09-17,USGS-402059088571701,1.59,
1997-12-03,USGS-390043076295801,0.1,
1997-12-10,USGS-390622108385102,77.0,
1997-12-10,USGS-390622108385102,23.0,
1997-09-10,USGS-401810089010101,1.16,
1997-12-22,USGS-385454076275101,0.18,
1997-09-10,USGS-393302107242600,34.2,
1997-10-08,USGS-390640076300501,0.17,
1997-11-04,USGS-385212076362101,0.1,
1997-05-08,AZ014-332610112135501,3.0,
1997-08-26,USGS-410546074153001,8.58,
1997-09-03,USGS-393152106001700,7.3,
1997-05-06,USGS-333259112191801,6.07,
1997-09-10,USGS-390613076411101,0.1,
1997-05-13,USGS-391839076521301,0.15,
1997-09-17,USGS-410930074235901,1.57,
1997-09-17,USGS-392524122113401,2.82,
1997-09-09,USGS-392358121450301,3.15,
1997-05-05,USGS-333738112195401,2.63,
1997-10-22,USGS-440811103222201,0.87,
1997-04-09,USGS-373702110080202,16300.0,
1997-10-14,USGS-393743106171000,2.9,
1997-09-17,USGS-391059122043601,4.24,
1997-10-10,USGS-383232106550500,1.56,
1997-07-17,USGS-364051081041401,2.82,
1997-09-17,USGS-385702076400101,0.1,
1997-12-16,USGS-390517076391001,0.1,
1997-09-11,USGS-393230121422201,3.57,
1997-09-10,USGS-393119121521001,2.74,
1997-04-10,USGS-373702110080201,2800.0,
1997-07-17,USGS-291358098531901,1.9,
1997-09-25,USGS-401226088234101,2.39,
1997-04-21,USGS-332948111573201,98.2,
1997-08-26,USGS-410546074153001,8.53,
1997-08-26,USGS-332252112400901,89.4,
1997-10-21,USGS-390202076243001,0.11,
1997-08-13,USGS-405930102155001,11.0,
1997-08-13,USGS-405930102155001,3.3,
1997-04-30,USGS-433657112563601,1.41,
1997-08-05,USGS-383109106573400,13.2,
1997-08-18,USGS-400605076335801,0.32,
1997-10-22,USGS-405445100074001,42.8,
1997-11-07,USGS-390621108384601,56.0,
1997-11-07,USGS-390621108384601,16.0,
1997-10-21,USGS-410331100332201,8.61,
1997-10-27,USGS-435212112394001,2.34,
1997-08-12,USGS-385528121532001,3.06,
1997-03-12,USGS-260202080230702,6.0,
1997-11-10,USGS-411734096220201,8.16,
1997-10-23,USGS-405808100153001,6.25,
1997-12-15,USGS-390033076361601,0.14,
1997-08-22,USGS-393459106054200,2.26,
1997-04-29,USGS-393830106210600,2.01,
1997-02-13,USGS-260755080191701,1.0,
1997-08-25,USGS-332135112361501,17.6,
1997-10-14,USGS-393718106253000,1.67,
1997-09-22,USGS-385726076381701,0.11,
1997-10-29,USGS-433356112574201,1.64,
1997-10-29,USGS-401203089203201,1.23,
1997-04-22,USGS-332821112183601,2.01,
1997-05-21,USGS-374836080300601,1.23,
1997-10-27,USGS-434915112443901,2.24,
1997-11-17,USGS-405632098373501,174.0,
1997-10-28,USGS-401601089154401,1.36,
1997-08-21,USGS-405300077473701,0.25,
1997-10-14,USGS-433807112551501,2.43,
1997-10-15,USGS-434941112454201,1.57,
1997-11-03,USGS-433517103534202,13.4,
1997-10-09,USGS-383130106574100,2.08,
1997-05-22,AZ014-333355112212801,2.75,
1997-12-10,USGS-385930076401301,0.22,
1997-11-20,USGS-390654076353401,0.09,
1997-03-27,USGS-331913112301301,3.57,
1997-10-28,USGS-401813089165601,3.06,
1997-04-10,USGS-332422112160601,1.86,
1997-08-19,USGS-392542121452501,5.02,
1997-08-18,USGS-400943077005001,0.41,
1997-08-20,USGS-332242112325101,15.4,
1997-06-24,USGS-403759088422601,1.3,
1997-08-20,USGS-405847077253201,0.16,
1997-02-18,USGS-353136115233301,771.0,
1997-09-30,USGS-390102076251401,0.12,
1997-08-26,USGS-405725074292801,4.2,
1997-12-10,USGS-385454076275101,0.19,
1997-08-26,USGS-405725074292801,4.24,
1997-09-24,USGS-401753088120701,1.03,
1997-06-25,USGS-433740102532001,0.28,
1997-12-09,USGS-393442076375301,0.1,
1997-10-01,USGS-390830076394501,0.11,
1997-11-17,USGS-404711098290601,13.5,
1997-11-04,USGS-390105076333101,0.08,
1997-06-04,USGS-334307112164601,1.94,
1997-09-08,USGS-385431121451401,4.16,
1997-04-30,USGS-433807112551501,2.3,
1997-04-23,AZ014-333052111595501,34.9,
1997-03-26,USGS-332313112080301,3.98,
1997-06-18,USGS-401945088400701,4.0,
1997-08-20,USGS-393844106193300,1.87,
1997-12-03,USGS-390416076353301,0.1,
1997-09-16,USGS-391947122094501,7.61,
1997-09-04,USGS-392850107184900,6.34,
1997-05-15,USGS-393726106035300,2.2,
1998-06-01,USGS-334626083492401,0.8,
1998-04-13,USGS-434915112443901,2.32,
1998-10-15,USGS-434915112443901,2.17,
1998-07-22,USGS-382800121270701,5.48,
1998-12-29,USGS-390613108384101,35.5,
1998-06-04,USGS-321756111033801,17.7,
1998-09-15,USGS-400321111573701,3.31,
1998-06-16,USGS-391452105483503,10.9,
1998-05-06,USGS-401100089004701,5.03,
1998-06-02,USGS-314524110593801,5.03,
1998-04-24,USGS-433807112551501,2.51,
1998-04-13,USGS-262808081294201,1.55,
1998-08-18,USGS-403912112001701,3.31,
1998-09-21,USGS-402952111591801,2.46,
1998-05-05,USGS-391830105500801,17.4,
1998-09-09,USGS-355231106102901,2.88,
1998-08-31,USGS-403007111523501,10.6,
1998-04-09,USGS-435038112453401,1.68,
1998-02-19,USGS-390621108384601,61.0,
1998-02-19,USGS-390621108384601,18.0,
1998-06-16,USGS-315732110585701,5.11,
1998-08-26,USGS-414540112053001,1.6,
1998-02-12,USGS-332309112284701,28.4,
1998-08-10,USGS-415423112101901,1.11,
1998-05-28,USGS-322447111042101,1.31,
1998-07-09,USGS-312422110570801,14.9,
1998-08-17,USGS-405802111525301,164.0,
1998-08-12,USGS-403117111591301,5.47,
1998-09-28,USGS-440329103180501,1.1,
1998-10-13,USGS-435038112453401,1.53,
1998-10-19,USGS-414348111584101,2.41,
1998-02-03,USGS-332252112400901,84.8,
1998-10-13,USGS-434941112454201,1.54,
1998-09-30,USGS-402539111511601,2.05,
1998-06-04,USGS-355429106074401,10.5,
1998-06-30,USGS-361412090150301,1.12,
1998-10-21,USGS-411009112021401,1.64,
1998-05-14,USGS-315633110462401,4.18,
1998-07-29,USGS-342624081113501,5.84,
1998-05-11,USGS-391320105464000,3.21,
1998-10-27,USGS-373304076261701,0.0,
1998-05-28,USGS-391449105482801,7.49,
1998-09-22,USGS-403803111505301,8.37,
1998-06-16,USGS-404233076353207,0.073,
1998-09-09,USGS-442802103544602,1.51,
1998-02-18,USGS-332214112400601,92.6,
1998-06-17,USGS-391452105483501,13.4,
1998-09-03,USGS-373207077064701,0.0,
1998-06-18,USGS-313456111032001,1.12,
1998-02-06,USGS-332242112325101,15.9,
1998-02-10,USGS-390625108390403,16.0,
1998-02-10,USGS-390625108390403,4.8,
1998-12-29,USGS-390614108384702,84.2,
1998-05-12,USGS-391441105474501,5.62,
1998-10-22,USGS-395710111542201,11.8,
1998-07-17,USGS-462107112165401,7.67,
1998-09-23,USGS-410430111593001,1.41,
1998-05-26,USGS-320322110532901,2.06,
1998-08-05,USGS-383659121292201,5.97,
1998-08-04,USGS-383746121291101,12.6,
1998-04-16,USGS-264401081313101,42.2,
1998-08-11,USGS-414217112175101,1.74,
