site_id,MonitoringLocationName,latitude,longitude,uranium_median_ug_l,observation_count,latest_observation
USGS-693923144233701,UA00403136 1S,69.6561711,-144.3963697,1.0,1,1996-08-02
USGS-330640091154103,18S02W25ABB3,33.1112222,-91.2613972,0.025,2,1975-06-24
USGS-331358092424301,17S16W24BDB1,33.23256667,-92.7134639,0.034999999999999996,2,1977-08-31
USGS-331730091423301,16S06W27BAA1,33.29143889,-91.7085889,1.1,1,1972-06-15
USGS-332628091261201,14S03W32BCD1,33.4412253,-91.4367866,0.035,2,1975-06-24
USGS-333717094254501,13S32W21CCB1,33.62150594,-94.4293702,0.10500000000000001,2,1977-02-01
USGS-333951094071501,13S29W05ABC1,33.66428689,-94.1210272,0.6,1,1972-06-08
USGS-334345093373701,12S24W06CDC1,33.72928297,-93.6271227,0.01,1,1977-01-31
USGS-334756093231804,11S22W08DDB4,33.79929167,-93.3871722,0.04,1,1972-06-07
USGS-335806094100102,09S30W23BDD2,33.9684486,-94.1671423,0.07,2,1977-02-01
USGS-341147092022301,06S09W17CD2,34.19666667,-92.0399722,0.03,2,1975-06-23
USGS-342847091345702,03S05W06ABA2,34.47991389,-91.5827556,0.03,1,1975-07-08
USGS-342856090363601,02S05E29CCC1,34.48078056,-90.6098444,0.034999999999999996,2,1975-03-31
USGS-342925091314701,02S05W34ABC1,34.49018056,-91.5299417,0.04,1,1975-07-08
USGS-343155093220401,02S22W28CBC1,34.5320358,-93.3679668,0.7,1,1984-08-09
USGS-343309093292101,02S23W20BCD1,34.55259325,-93.4893568,0.5,1,1984-08-09
USGS-352930090582501,10N01E15DBB1,35.49181667,-90.97365,0.025,2,1975-03-31
USGS-353616091162801,11N03W11ABD1,35.60452405,-91.2745726,0.03,1,1974-09-04
USGS-354236090504401,13N02E35DAC1,35.7100775,-90.8456719,0.045,2,1974-09-04
USGS-355127092340101,14N15W15AAC1,35.857125,-92.5669806,0.01,1,1994-02-02
USGS-355323089552101,15N11E28CAC1,35.88979616,-89.9225865,0.17,1,1970-06-04
USGS-360454093431901,well OZC-18,36.08174264,-93.722136,0.01,1,1994-02-03
USGS-360607093180201,well OZC-19,36.1020191,-93.3007363,0.01,1,1994-02-02
USGS-361039094050501,well OZC-10,36.1775771,-94.0849239,0.01,1,1993-10-29
USGS-361118090242201,18N06E14CCD1,36.187375,-90.4054389,0.01,1,1983-11-03
USGS-361306092283701,18N14W08BCC1,36.21670278,-92.4945389,1.0,1,1993-06-24
USGS-361412090150301,19N08E31DAB1,36.23679167,-90.2507,1.12,1,1998-06-30
USGS-361459094323201,18N33W07CAB1,36.25281667,-94.5393444,22.0,1,1993-05-26
USGS-361547094251403,18N32W05CBC2,36.26313455,-94.4207689,0.615,2,1995-08-01
USGS-361552090172801,19N07E23DBC1,36.26349444,-90.2917528,0.01,1,1983-11-02
USGS-362219091492101,20N08W27AAB1,36.3720096,-91.8226479,0.6,1,1969-01-22
USGS-362311090111301,20N08E11BAC3,36.38645,-90.1870429,0.085,2,1975-04-02
USGS-362338091590401,20N09W18CAD1,36.3939539,-91.984596,0.54,2,1975-04-02
USGS-362636094012602,21N29W35DBB2,36.4434059,-94.0240905,0.27,3,1993-10-27
USGS-364150092101501,well OZ-9,36.69708889,-92.1709306,1.0,1,1993-07-01
USGS-364709093411401,well OZ-7,36.7817722,-93.6858944,1.0,1,1993-09-07
USGS-364850090222201,well OZ-13,36.81413056,-90.3729306,1.0,1,1993-06-29
USGS-370630093281501,well OZC-16,37.10838615,-93.4710271,0.04,1,1994-02-01
USGS-370822094190101,T28N R31W 21ABB1,37.13950358,-94.3171666,3.0,1,1993-06-17
USGS-372146093420201,well SP-18,37.35775,-93.7060361,7.0,1,1993-09-09
USGS-372721094405801,well OZC-5,37.4558826,-94.6830157,0.01,1,1994-03-01
USGS-373534093503201,well SP-20,37.5925418,-93.8424348,1.0,1,1993-09-15
AZ014-332212112410601,C-01-04 05CAA,33.3698611,-112.6857222,29.0,1,1996-07-01
AZ014-332304112400401,B-01-04 33CAA,33.38455556,-112.6687778,1.8,1,1997-09-03
AZ014-332312112284301,B-01-02 32ADD,33.38655556,-112.4793889,1.0,1,1996-02-06
AZ014-332424112284101,B-01-02 20CCC1,33.40694444,-112.4955,2.0,1,1996-02-12
AZ014-332428112144101,A-01-01 22DCC,33.40825,-112.2454722,2.85,1,1997-05-20
AZ014-332453112283901,B-01-02 21BCC,33.41438889,-112.4781667,3.0,1,1996-03-06
AZ014-332524112193701,B-01-01 14DBD,33.42566667,-112.3281667,1.5,1,1997-06-02
AZ014-332610112135501,A-01-01 14BAB2,33.43630556,-112.2329167,3.0,1,1997-05-08
AZ014-332821112065101,A-02-02 36CBA,33.47244444,-112.1148889,7.27,1,1997-05-07
AZ014-333052111595501,A-02-03 13DAC2,33.51475,-111.9995556,34.9,1,1997-04-23
AZ014-333355112212801,B-03-01 34BBB,33.56525,-112.358861,2.75,1,1997-05-22
AZ014-333452112123301,A-03-01 25ABB,33.5813611,-112.209861,1.6,1,1997-06-03
AZ014-334314112343701,B-04-03 04BDB,33.72105556,-112.5772222,2.0,1,1996-04-16
AZ014-335807113455101,B-07-15 12AAD,33.9686364,-113.764935,7.6,1,1980-08-20
USGS-312059109573501,D-24-23 13ABC3,31.34871303,-109.9597412,0.7,1,1957-01-01
USGS-312256110082501,D-23-22 31DDA,31.38438889,-110.1425556,1.0,1,1996-06-24
USGS-312356110064201,D-23-22 28DBC,31.39877778,-110.1122222,3.0,1,1996-11-13
USGS-312422110570801,D-23-14 30BAA,31.40602778,-110.9524444,14.9,1,1998-07-09
USGS-312738110155201,D-23-20 01ACC2,31.45991667,-110.2650278,10.0,1,1996-07-24
USGS-312741110031101,D-23-23 06BCC2,31.46133333,-110.0535278,1.0,1,1996-06-26
USGS-312850110163201,D-22-20 35AAA,31.48065304,-110.2761916,5.0,1,1996-08-27
USGS-313111111384001,D-22-07 17AAB,31.51981169,-111.6451098,1.0,1,1978-12-13
USGS-313112111393501,D-22-07 18AAA,31.5287003,-111.6603882,3.8,1,1978-12-13
USGS-313127110282901,D-22-18 13BBD,31.52405556,-110.4746389,4.0,1,1996-08-13
USGS-313202110305801,D-22-18 09DBA,31.5339835,-110.5167485,2.0,1,1996-10-02
USGS-313315111360201,D-21-07 35CAC,31.55425548,-111.6012195,3.8,1,1978-12-13
USGS-313325111383801,D-21-07 32DBA,31.557033,-111.6445545,1.6,1,1978-12-10
USGS-313354110125701,D-21-21 33BDA,31.5646111,-110.2163889,1.0,1,1996-08-15
USGS-313456111032001,D-21-13 19CDB,31.58308333,-111.0563889,1.12,1,1998-06-18
USGS-313548111394601,D-21-07 18DCB,31.5967542,-111.6634444,27.0,1,1978-05-18
USGS-313651111401101,D-21-07 07CBA,31.61425375,-111.6703893,4.3,1,1978-03-23
USGS-313652111401301,D-21-07 07CCA,31.6145315,-111.6709449,58.0,1,1978-03-23
USGS-313656111410901,D-21-06 12BDC  UNSURV,31.6156425,-111.6865011,9.2,1,1978-05-18
USGS-313752110270201,D-21-19 06CC  UNSURV,31.6318611,-110.4499444,1.0,1,1996-06-25
USGS-313819111384801,D-20-07 32DCC UNSURV,31.63869774,-111.6473329,38.0,1,1978-05-19
USGS-313848110192501,D-20-20 32DCB2,31.64669444,-110.3245,2.0,1,1996-07-25
USGS-313928111403501,D-20-06 25DAB UNSURV,31.65786375,-111.6770567,13.0,3,1979-01-24
USGS-313942111385801,D-20-07 29BDA UNSURV,31.6617527,-111.650111,1.2,1,1978-05-19
USGS-314045111403501,D-20-06 24AAA,31.68147428,-111.6770569,5.75,4,1979-01-17
USGS-314104111410001,D-20-06 13CAC UNSURV,31.6845297,-111.6840017,12.0,3,1979-01-17
USGS-314107111391401,D-20-07 17CBD UNSURV,31.68536324,-111.6545558,5.5,1,1978-05-17
USGS-314115110205601,D-20-20 18CCC,31.68766667,-110.3468611,2.0,1,1996-07-23
USGS-314127110055501,D-20-22 16DDB,31.68925,-110.0984444,2.0,1,1996-10-22
USGS-314210111405401,D-20-06 12CAA UNSURV,31.7028626,-111.6823351,2.1,2,1978-12-14
USGS-314252111383301,D-20-07 05DAC UNSURV,31.7145293,-111.6431666,2.1,1,1978-05-17
USGS-314259111385101,D-20-07 05DBB,31.71647366,-111.6481669,4.2,1,1977-11-15
USGS-314300111402901,D-20-06 01DAA UNSURV,31.7167512,-111.6753905,11.0,1,1978-05-21
USGS-314303111381501,D-20-07 04CCC,31.71119609,-111.6387219,3.4,1,1978-05-17
USGS-314441110311501,D-19-18 33AAA2,31.74388889,-110.5035556,1.0,1,1996-06-27
USGS-314504110042001,D-19-22 27DAB,31.75102778,-110.0800833,2.0,1,1996-10-02
USGS-314507110050101,D-19-22 27ACC,31.75325,-110.0843611,3.0,1,1996-08-14
USGS-314520111374001,D-19-07 21DAC,31.75841727,-111.627055,5.0,1,1978-05-21
USGS-314524110593801,D-19-13 22DDD,31.7563611,-110.9950556,5.03,1,1998-06-02
USGS-314803111395001,D-18-07 31ADA2,31.81952624,-111.6617803,2.3,1,1978-12-15
USGS-314805111414501,D-19-06 02DBD1,31.80147087,-111.696504,3.4,1,1978-05-19
USGS-314832111404701,D-19-06 01ABD,31.8089708,-111.6803922,3.9,1,1978-12-15
USGS-314930111364201,D-18-07 29DCB2,31.82730395,-111.6462241,3.5,1,1977-11-17
USGS-314940111365001,D-18-07 26BBC,31.83647075,-111.6065,2.3,2,1978-12-15
USGS-314945110010001,D-18-23 32ABC,31.83027778,-110.0178611,6.0,1,1996-10-29
USGS-314953110124201,D-18-21 33BBB,31.8313611,-110.2123611,6.0,1,1996-08-28
USGS-315144111541401,D-18-04 14CAA,31.8623007,-111.9045672,2.2,1,1979-01-26
USGS-315217111364801,D-18-07 10DBB  UNSURV,31.87146966,-111.6140012,18.0,1,1978-12-15
USGS-315237111374801,D-18-07 09ABD,31.87702488,-111.6306688,1.8,1,1978-12-17
USGS-315303111523001,D-18-05 07BBA,31.88424468,-111.8756779,1.8,1,1979-01-21
USGS-315340111395301,D-17-07 31CCD,31.89452399,-111.665393,15.0,1,1977-11-14
USGS-315520110130501,D-17-21 29DCA,31.9218611,-110.2195833,13.0,1,1996-09-17
USGS-315522111345201,D-17-08 30BBB,31.9228574,-111.5817785,0.9,1,1978-02-11
USGS-315535111341401,D-17-08 19DCB,31.9264685,-111.5712225,10.0,1,1978-02-11
USGS-315633110462401,D-17-15 23ADD,31.94233333,-110.774,4.18,1,1998-05-14
USGS-315644110134201,D-17-21 20BBD,31.94563955,-110.2289613,14.0,1,1996-12-19
USGS-315657110250401,D-17-19 17DDD2,31.94913889,-110.4184167,5.0,1,1996-08-12
USGS-315706112360701,C-17-03 17BBD,31.95173644,-112.602647,1.6,1,1978-03-08
USGS-315712110205401,D-17-20 18BBB1,31.96176667,-110.3491722,5.0,1,1996-09-18
USGS-315732110585701,D-17-13 11DCD2,31.95894444,-110.9835278,5.11,1,1998-06-16
USGS-315759111325301,D-17-08 09BBB,31.96646764,-111.5487224,1.8,1,1978-12-08
USGS-315802111393301,D-17-07 08BAA  UNSURV,31.96729968,-111.6598387,17.0,1,1978-11-29
USGS-315850111395801,D-17-07 05BDB,31.97813266,-111.6634502,1.7,1,1978-11-29
USGS-315918111364401,D-16-07 35CBA  UNSURV,31.9884107,-111.6128925,2.6,1,1979-01-19
USGS-320006111330701,D-16-08 29DBA,32.00174438,-111.5526122,29.0,1,1978-12-08
USGS-320045111544301,D-16-04 23CCC,32.0125739,-111.912625,3.6,1,1978-03-20
USGS-320055111330701,D-16-08 20DBD,32.01535525,-111.5526124,53.0,1,1978-12-08
USGS-320150112085001,D-16-02 14CBC,32.03062774,-112.1479087,0.6,1,1978-03-15
USGS-320152111291501,D-16-08 13CAA1,32.03196669,-111.488943,4.6,1,1978-12-08
USGS-320206111541701,D-16-04 14BDD,32.03507369,-111.9054033,63.0,1,1978-03-20
USGS-320215111572201,D-16-04 17BAA,32.0375732,-111.9567935,4.0,1,1978-03-20
USGS-320220112085001,D-16-02 15AAD,32.0389609,-112.1479089,1.7999999999999998,2,1978-03-15
USGS-320222112185101,D-16-01 18BBD2,32.03951537,-112.3162465,5.1,1,1980-06-18
USGS-320230112091001,D-16-02 10DCD,32.04173858,-112.1534646,1.1,1,1978-03-15
USGS-320233111474201,D-16-05 12DBA,32.0481302,-111.7826229,2.3,1,1977-11-11
USGS-320237111313001,D-16-08 10CAD,32.04368835,-111.5256669,29.0,1,1978-11-29
USGS-320322110532901,D-16-14 11BCA,32.05516667,-110.8914444,2.06,1,1998-05-26
USGS-320408112400601,C-16-04 03BAA,32.06895445,-112.6690383,2.1,1,1978-03-06
USGS-320428111535101,D-15-05 31DBD2,32.07451768,-111.8981819,4.0,1,1978-03-20
USGS-320435112401401,C-15-04 34CAB,32.07645426,-112.6712605,2.375,2,1978-03-19
USGS-320439111550201,D-15-04 36BDD,32.077573,-111.9179047,1.4,2,1978-03-20
USGS-320448111571401,D-15-04 34BDB,32.0800726,-111.9545724,2.7,1,1977-04-12
USGS-320457110204101,D-15-20 31CCB,32.08080556,-110.3455556,34.0,1,1996-10-01
USGS-320626111484101,D-15-05 24ACD  UNSURV,32.10674036,-111.8117914,1.0,1,1977-11-11
USGS-320642112310301,C-15-02 19BAB,32.11173376,-112.5181978,0.08,1,1978-03-19
USGS-320651111490901,D-15-05 13CCD  UNSURV,32.11368464,-111.8206806,3.0,1,1977-11-11
USGS-320705110182001,D-15-20 21BDA,32.119,-110.3048889,6.0,1,1996-08-26
USGS-320808112394501,C-15-04 10ADC,32.13561984,-112.6632034,1.0,1,1978-03-06
USGS-320808112400101,C-15-04 10ACB,32.13561977,-112.667648,22.0,1,1978-03-07
USGS-320841111523201,D-15-05 05DDA  UNSURV,32.14479476,-111.8773497,1.9,1,1977-11-13
USGS-320953112071701,D-14-02 36ACC,32.16479178,-112.1220781,2.3,1,1978-03-14
USGS-321022112091001,D-14-02 27DCD2 UNSURV,32.1728468,-112.1534676,2.0,1,1978-03-14
USGS-321023112091001,D-14-02 27DCD1 UNSURV,32.17312459,-112.1534677,1.3,1,1978-03-14
USGS-321042112134101,D-14-01 25CAB,32.17840139,-112.2287466,20.0,1,1978-03-14
USGS-321056111510501,D-14-05 27BDA  UNSURV,32.18229458,-111.8520719,15.0,1,1977-11-13
USGS-321109112124601,D-14-02 30BBD  UNSURV,32.18256814,-112.2123576,19.0,1,1978-03-14
USGS-321110112361501,C-14-03 20CDC,32.18617506,-112.6048672,0.5,1,1978-03-07
USGS-321125111211101,D-14-10 20CCC1,32.19035379,-111.3537169,13.0,1,1978-12-11
USGS-321155111454801,D-14-06 20BBD  UNSURV,32.1986843,-111.7640137,1.4,1,1977-11-13
USGS-321159111445401,D-14-06 21BBB,32.19979559,-111.7490132,0.8,1,1977-11-13
USGS-321255111485201,D-14-05 12DBB2 UNSURV,32.2214612,-111.815127,1.9,1,1977-11-13
USGS-321427112074101,D-14-02 01ACB,32.24090136,-112.1201356,1.5,1,1977-04-08
USGS-321706112084401,D-13-02 22AAD  UNSURV,32.2850664,-112.148192,2.4,1,1978-03-17
USGS-321756111033801,D-13-13 18CBD,32.29894444,-111.0605278,17.7,1,1998-06-04
USGS-321838111301201,D-13-08 11BDC,32.3106276,-111.5028906,4.4,1,1978-03-27
USGS-321851112401801,C-13-04 10BAB,32.31422714,-112.6723688,2.4,1,1978-02-27
USGS-321936111301201,D-13-08 02BDB,32.32673837,-111.504002,10.0,1,1978-03-27
USGS-322447111042101,D-12-12 01CDA,32.41327778,-111.0727778,1.31,1,1998-05-28
USGS-322643111590601,D-11-04 29CDB,32.4347863,-111.9884688,8.2,1,1976-10-24
USGS-322835112103601,D-11-02 09CCD  UNSURV,32.47644958,-112.1773615,2.0,1,1978-03-19
USGS-323226112080701,D-10-02 22DAD,32.5406145,-112.1359721,2.3,1,1978-03-10
USGS-323356112264501,C-10-02 10DDC,32.56561059,-112.461256,0.6,1,1978-03-19
USGS-323422112311201,C-10-03 12ADB,32.5728322,-112.5207019,0.9,1,1978-03-01
USGS-323437111595801,D-10-03 12AAB,32.5770035,-112.0001355,6.1,1,1977-04-08
USGS-323633111522201,D-09-05 29CDC,32.60922738,-111.8734642,28.0,1,1977-04-08
USGS-323703112064601,D-09-02 25BDC,32.61755639,-112.1134715,3.1,2,1978-03-09
USGS-324131112130401,D-08-01 35ABD,32.69199695,-112.2184747,3.5,1,1979-12-28
USGS-324319111463601,D-08-05 24EAAC,32.7220032,-111.77735,4.3,1,1977-04-08
USGS-325818112065701,D-05-02 24CCC,32.97171724,-112.1165318,2.6,1,1958-01-18
USGS-330107112000501,D-05-03 01DAD1,33.0186629,-111.9965292,11.0,1,1958-02-17
USGS-330753111241901,D-03-09 34AAA,33.13255835,-111.4059579,7.7,1,1980-08-04
USGS-331218111314201,D-03-08 04AAA,33.20505474,-111.5290182,2.5,1,1980-07-31
USGS-331250111482201,D-02-05 35ADD,33.2139409,-111.8068033,16.5,1,1980-08-06
USGS-331306112263301,C-02-02 26CCC,33.2183781,-112.4432137,8.5,1,1980-07-01
USGS-331543112262101,C-02-02 11CCD,33.261989,-112.439881,18.3,1,1980-07-02
USGS-331913112301301,C-01-02 19CCC,33.32016667,-112.5040278,3.57,1,1997-03-27
USGS-332000112411501,C-01-04 20BAB,33.3335,-112.6880833,22.0,1,1996-03-01
USGS-332002112411601,C-01-04 20BAA,33.33338889,-112.687611,38.2,1,1997-08-21
USGS-332043112402001,C-01-04 16BBD,33.3449722,-112.6727778,4.0,1,1996-03-05
USGS-332105112382801,C-01-04 11CCB,33.35227778,-112.6423333,67.0,1,1996-04-18
USGS-332135112081901,D-01-02 10ACA1,33.3590833,-112.139361,17.6,1,1997-03-25
USGS-332135112361501,C-01-03 07BBD,33.35963889,-112.6039722,17.6,1,1997-08-25
USGS-332142112315101,C-01-03 02DCC,33.36330556,-112.5300833,25.4,1,1997-08-22
USGS-332142113052701,C-01-08 09BBB,33.36170699,-113.0915728,27.0,1,1980-08-15
USGS-332145112361501,C-01-03 07BBB,33.36277778,-112.6074444,1.0,1,1996-02-08
USGS-332207112402901,C-01-04 04CBB2,33.36852778,-112.675361,64.0,1,1996-03-25
USGS-332208112293701,C-01-02 06DBB,33.3693611,-112.4946944,35.0,1,1996-02-15
USGS-332214112365801,C-01-04 01BDD3,33.3706111,-112.6169444,6.0,1,1996-03-28
USGS-332214112400601,C-01-04 04CAA,33.37005556,-112.6681944,96.25,2,1998-02-18
USGS-332216113120801,C-01-09 05ACC,33.37115057,-113.2029656,10.5,1,1980-08-13
USGS-332231112351401,C-01-03 05BBD,33.37552778,-112.5868056,2.5,1,1997-09-09
USGS-332237112420601,C-01-04 06ABB,33.3768333,-112.7025,10.0,1,1996-03-26
USGS-332240112330701,B-01-03 34CDD2,33.3779722,-112.5487222,15.0,1,1996-02-28
USGS-332241112132801,A-01-01 35DDC,33.37726647,-112.2234856,7.5,1,1980-06-27
USGS-332242112325101,B-01-03 34CDD,33.37875,-112.5484722,15.65,2,1998-02-06
USGS-332252112400901,B-01-04 33CAD,33.38127778,-112.6686667,87.1,2,1998-02-03
USGS-332303112410401,B-01-04 32DBB,33.3836111,-112.6850556,9.0,1,1996-03-07
USGS-332309112284701,B-01-02 32ADD2,33.386,-112.4793889,24.9,2,1998-02-12
USGS-332313112080301,A-01-02 34ADA,33.3870833,-112.1343056,3.98,1,1997-03-26
USGS-332316112400501,B-01-04 33BDA,33.38841667,-112.66875,53.0,1,1996-04-15
USGS-332327112262201,B-01-02 35BAB,33.3910833,-112.4400556,9.0,1,1996-02-27
USGS-332330112331901,B-01-03 34BBB,33.39188889,-112.5560833,46.0,1,1996-04-25
USGS-332332112360501,B-01-03 30CDC,33.39225,-112.6011944,3.0,1,1996-02-28
USGS-332335113093901,B-01-09 26CCC,33.39309494,-113.1615757,21.6,1,1980-08-13
USGS-332356112311701,B-01-03 25CBB2,33.39927778,-112.5213056,97.8,1,1997-08-28
USGS-332416112383101,B-01-04 27AAD,33.40477778,-112.6428056,66.0,1,1996-03-29
USGS-332422112160601,A-01-01 28BBA,33.4063611,-112.268611,1.86,1,1997-04-10
USGS-332426112151901,A-01-01 21DDA3,33.40893225,-112.2554315,12.8,1,1980-06-25
USGS-332426112352501,B-01-03 19DDD,33.40702778,-112.5911667,6.0,1,1996-03-04
USGS-332435112373201,B-01-04 23DDA,33.40891667,-112.626111,16.0,1,1996-02-29
USGS-332500112095501,A-01-02 21BCD,33.41677778,-112.1658889,1.42,1,1997-06-17
USGS-332513112250401,B-01-02 24BAA,33.42044444,-112.418861,1.0,1,1996-02-16
USGS-332518113121801,B-01-09 17DCC,33.4217053,-113.2057443,26.1,1,1980-08-14
USGS-332530112245001,B-01-02 13DBD,33.4246111,-112.4144722,12.0,1,1996-02-13
USGS-332530112261501,B-01-02 14CAC,33.42477778,-112.4376944,46.1,1,1997-08-27
USGS-332548112304201,B-01-03 13ACC,33.43030556,-112.5113333,5.25,1,1997-03-27
USGS-332607112284002,B-01-02 16BBB,33.43531895,-112.4784958,2.4,1,1958-02-10
USGS-332612111481801,A-01-05 14AAA,33.4367127,-111.8056956,11.4,1,1980-07-15
USGS-332630112282801,B-01-02 09CBD,33.4418333,-112.4749167,82.0,1,1996-03-08
USGS-332659112264801,B-01-02 10AAB,33.44891667,-112.447,1.0,1,1996-03-27
USGS-332731111484301,A-01-05 02DBB,33.45865649,-111.8126406,1.5,1,1958-02-07
USGS-332816112121401,A-02-01 36DAD,33.47115356,-112.2045973,14.6,1,1980-06-23
USGS-332821112183601,B-02-01 36ADD,33.47269444,-112.3105278,2.01,1,1997-04-22
USGS-332830112274201,B-02-02 33ADA,33.47516667,-112.4621667,5.0,1,1996-04-03
USGS-332848113425101,B-02-14 28CCC,33.4800335,-113.7149293,2.4,1,1980-08-17
USGS-332918112283301,B-02-02 28BCA,33.48930556,-112.4753333,2.05,1,1997-04-07
USGS-332935112264301,B-02-02 27AAA,33.49309594,-112.4459953,2.4,1,1980-06-18
USGS-332935112563701,B-02-07 26ABB,33.4930945,-112.9437918,1.2,1,1980-08-17
USGS-332948111573201,A-02-04 21CCB,33.49688889,-111.959611,98.2,1,1997-04-21
USGS-333028112273701,B-02-02 22BBB,33.50781778,-112.4609962,1.7,1,1958-02-10
USGS-333028112501001,B-02-06 23AAB,33.5078164,-112.836843,6.8,1,1980-08-19
USGS-333029112240201,B-02-01 19BAA,33.50809595,-112.4012717,3.8,1,1958-01-31
USGS-333029112250401,B-02-02 24BAA,33.5079722,-112.4183333,4.0,1,1996-04-26
USGS-333045113181101,B-02-10 17DAC,33.5125364,-113.3038047,18.5,1,1980-08-14
USGS-333101111535801,A-02-04 13CAA,33.5169879,-111.9001439,7.4,1,1958-02-28
USGS-333121113413001,B-02-14 10CDC,33.52253309,-113.6924292,3.6,1,1980-08-17
USGS-333259112191801,B-02-01 01BBB,33.54980556,-112.3211389,6.07,1,1997-05-06
USGS-333305112253201,B-02-02 01BBB,33.5514282,-112.4262736,2.3,1,1958-01-31
USGS-333310112151301,A-03-01 34DDD2,33.55216667,-112.2379722,1.56,1,1997-06-05
USGS-333357112250201,B-03-02 36ABB,33.56587239,-112.4179403,2.3,1,1980-06-18
USGS-333418112073201,A-03-02 26DCB,33.57002778,-112.1250556,1.98,1,1997-05-21
USGS-333448112321701,B-01-03 23CBB,33.4139722,-112.5388056,4.0,1,1996-08-05
USGS-333452112064001,A-03-02 25BAB,33.58115195,-112.1118179,2.9,1,1958-01-30
USGS-333517112130701,A-03-01 24CBB,33.58809544,-112.2193218,2.3,1,1958-01-30
USGS-333525113464401,B-03-15 23BDB2,33.59030956,-113.7796551,2.9,1,1980-08-12
USGS-333545111571201,A-03-04 21BAB,33.59587518,-111.9540349,4.2,1,1958-02-06
USGS-333631112164201,A-03-01 17ABB2,33.6086501,-112.2790467,1.5,1,1958-02-10
USGS-333633113414901,B-03-14 09DDD,33.60919878,-113.6977083,20.8,1,1980-08-22
USGS-333634112223401,B-03-01 09CCC,33.6098333,-112.375861,3.44,1,1997-04-09
USGS-333725112240501,B-03-01 07ABB,33.62364905,-112.4021076,3.0,1,1958-02-10
USGS-333738112195401,B-03-01 02DCC,33.6273333,-112.3324444,2.63,1,1997-05-05
USGS-333746112263501,B-03-02 02CBC,33.629482,-112.4437761,2.4,1,1958-02-03
USGS-333754112240501,B-03-01 06ACC,33.63170443,-112.4021078,2.3,1,1958-02-10
USGS-334055112242901,B-04-01 19BBA,33.6819811,-112.4087758,2.8,1,1958-02-03
USGS-334229113492301,B-04-15 08AAC2,33.70808556,-113.8238249,2.2,1,1980-08-09
USGS-334237112234801,B-04-01 07AAA,33.7103333,-112.3950556,4.0,1,1996-04-23
USGS-334307112164601,A-04-01 05ACC,33.7188333,-112.2799167,1.94,1,1997-06-04
USGS-334406112072401,A-05-02 35ACB2,33.73502778,-112.1244167,2.37,1,1997-05-22
USGS-334430112473001,B-01-03 35DAD,33.38130556,-112.5221944,4.0,1,1996-03-28
USGS-334550112305801,B-05-03 24ADA,33.76355556,-112.5167778,2.0,1,1996-04-16
USGS-334654112330401,B-05-03 15AAA,33.78177778,-112.5515556,4.0,1,1996-04-22
USGS-334722113562001,B-05-16 09BCC,33.78947176,-113.9396625,3.0,1,1981-08-10
USGS-340004113443601,B-08-14 29CDD,34.002247,-113.7424346,8.2,1,1979-09-30
USGS-343055111504501,A-13-05 17CAD,34.51530359,-111.846539,18.0,1,1981-03-27
USGS-343157111492601,A-13-05 09DBA2,34.5325253,-111.8245942,11.0,1,1981-04-09
USGS-343251111513401,A-13-05 06ACD,34.54752507,-111.860151,2.9,1,1981-04-07
USGS-344443113360701,B-16-13 10ADB,34.74529008,-113.6027133,10.9,1,1980-08-19
USGS-344732113365301,B-16H13 22CCC,34.79223366,-113.6154919,6.4,1,1980-09-19
USGS-345232114091701,B-17-18 12BCA,34.87528424,-114.1549522,8.7,1,1980-09-04
USGS-345239114084001,B-17-18 12ABD,34.8775065,-114.1452298,6.8,1,1980-09-04
USGS-345757109482001,A-18-24 16BBB1,34.96585915,-109.8062267,24.0,1,1986-12-06
USGS-345850109475001,A-18-24 09ABB,34.98058097,-109.7978935,1.0,1,1986-12-02
USGS-350338109384801,A-19-25 11DAA1,35.06057986,-109.647335,38.0,1,1986-12-05
USGS-350451109383401,A-19-25 01BBA1,35.08085727,-109.6434462,9.0,1,1986-12-05
USGS-350452113391001,B-20-13 28DDA,35.0830609,-113.6535504,9.5,1,1980-08-21
USGS-351047109265001,A-21-27 35ACB1,35.17974627,-109.4478843,16.0,1,1986-12-03
USGS-351119109255301,A-21-27 25CAD,35.1886352,-109.4320502,16.0,1,1986-12-01
USGS-351152109241601,A-21-28 30AAA2,35.19780204,-109.4051044,23.0,1,1986-12-01
USGS-351157109241701,A-21-28 30AAA1,35.1991909,-109.4053822,19.0,1,1986-12-04
USGS-351224109202401,A-21-28 23AAC,35.2066915,-109.3406566,8.0,1,1986-12-02
USGS-351241109193101,A-21-28 13CDC,35.2114138,-109.3259336,10.0,1,1986-12-04
USGS-351254109194501,A-21-28 13CBC,35.21502484,-109.3298226,16.0,3,1986-12-04
USGS-351302109195901,A-21-28 14DAA1,35.21724699,-109.3337117,19.0,1,1986-12-04
USGS-351452113592301,B-22-16 33BCD,35.24777387,-113.9905048,5.0,1,1982-08-22
USGS-351702113582701,B-22-16 15CCC,35.2838843,-113.9749492,1.3,1,1982-08-21
USGS-351810109055301,18 124-05.56X13.70,35.30280227,-109.0987025,20.0,1,1986-12-05
USGS-351817114004101,B-22-16E07DAA,35.30471717,-114.0121729,1.4,1,1982-09-01
USGS-351858109031701,A-22-31 09DDB1,35.31613547,-109.055368,38.0,1,1986-12-03
USGS-351933109041701,A-22-31 08AAD1,35.3258575,-109.0720353,22.0,1,1986-12-03
USGS-352044113415501,B-23-13 29DBC2,35.3474959,-113.6916078,11.0,1,1982-08-30
USGS-352130113413901,B-23-13 20CCD,35.35832878,-113.6982747,11.0,1,1982-08-31
USGS-352910111553001,B-24-16 01DDD1,35.4863802,-113.9232836,11.0,1,1982-08-30
USGS-353445113255000,B-25-11 03DAA,35.5791579,-113.4313245,2.0,1,1993-11-19
USGS-353713113421800,B-26-13 20CCB,35.62026786,-113.7057772,2.0,1,1993-12-10
USGS-354033110341601,06 114-03.99X05.09,35.67639569,-110.5720792,0.38,1,1994-09-26
USGS-354036114110601,B-26-18 03AAA1,35.6766575,-114.185792,1.9,2,1982-09-02
USGS-354322110390601,06 114-08.53X01.87,35.72306119,-110.6520808,2.55,2,1994-09-26
USGS-354346113520200,B-27-15 15ADB2,35.72943454,-113.8680055,2.0,1,1993-11-18
USGS-354749110300101,06 095-00.01X14.05      Second Mesa PM2,35.79667207,-110.5009673,11.0,1,1995-08-28
USGS-354815113192000,222 MILE CANYON SPRINGS,35.80415479,-113.322987,29.0,1,1993-10-15
USGS-354923114001000,B-28-16 09CCD,35.8230451,-114.0035663,20.0,1,1993-12-09
USGS-355308113182600,B-29-10 25     UNSURV,35.88554246,-113.3079867,2.0,1,1993-10-14
USGS-355807113561800,B-30-15 19CCA,35.96859879,-113.9391218,2.0,1,1993-11-17
USGS-360303110291101,TURQUOISE TRAIL,36.050834,-110.4870799,0.23,1,1994-09-16
USGS-360957113080200,B-32-08 22     UNSURV,36.1658152,-113.1346503,2.0,1,1993-10-11
USGS-361025113071100,B-32-08 10     UNSURV,36.17359288,-113.1204832,5.0,1,1993-10-11
USGS-361148113045900,B-33-08 31     UNSURV,36.1966481,-113.0838153,5.0,1,1993-10-10
USGS-361237113025700,B-33-07 33     UNSURV,36.21025907,-113.0499252,13.0,1,1993-10-10
USGS-361303112411200,B-33-04 26 UNSURV [HAVASU SPRING],36.21748238,-112.6874123,2.7,2,1994-08-23
USGS-361310112580400,B-33-06 30   1 UNSURV,36.21942584,-112.9685333,12.0,1,1993-10-09
USGS-361352112413201,B-33-04 22 UNSURV [SUPAI WELL NO. 3],36.2310934,-112.6929682,2.05,2,1994-08-23
USGS-361524112420400,B-33-04 11 UNSURV [FERN SPRING],36.25664897,-112.7018576,2.6,2,1994-08-24
USGS-350446119021201,012N020W32K001S,35.07941109,-119.0376045,63.5,2,1989-06-30
USGS-350502119070201,012N021W34E002S,35.083856,-119.1181626,6.7,2,1989-07-10
USGS-350618119032401,032S027E34H002M,35.10496607,-119.057605,25.8,2,1989-07-10
USGS-350635119053801,032S027E29P001M,35.10968845,-119.0948284,230.0,1,1990-08-07
USGS-350635119053802,032S027E29P002M,35.10968845,-119.0948284,40.0,1,1990-08-07
USGS-350635119053803,032S027E29P003M,35.10968845,-119.0948284,3.0,1,1990-08-06
USGS-350635119053804,032S027E29P004M,35.10968845,-119.0948284,10.0,1,1990-08-08
USGS-350648119143101,032S026E25K001M,35.11329977,-119.1362186,44.0,2,1989-07-18
USGS-350719119004101,032S028E30C002M,35.1219097,-119.0123257,19.35,2,1989-07-18
USGS-350720119191601,032S025E29D001M,35.12218947,-119.3220583,124.0,2,1989-07-11
USGS-350747119104701,032S026E22M001M,35.12968855,-119.1806643,23.2,2,1989-07-18
USGS-350812119135801,032S026E19D001M,35.1366332,-119.2337215,25.75,2,1989-07-11
USGS-350812119153101,032S025E23B001M,35.13663336,-119.2595558,24.0,3,1989-07-11
USGS-350815119042501,032S027E16R004M,35.13746529,-119.0745498,24.25,2,1989-06-29
USGS-350859118595201,032S028E17C002M,35.1496866,-118.998714,39.0,2,1989-07-17
USGS-350904119010901,032S028E18D002M,35.1510756,-119.0201036,228.5,2,1989-07-18
USGS-350905119041201,032S027E10N001M,35.15135376,-119.0709385,45.5,2,1989-06-29
USGS-350907119140501,032S025E12R003M,35.15191057,-119.2356659,35.75,2,1989-06-29
USGS-350909119063201,032S027E07R002M,35.15246514,-119.1098286,425.0,2,1989-07-19
USGS-350912119105101,032S026E09R001M,35.153299,-119.1817753,8.3,2,1989-07-19
USGS-351025119021901,032S027E02H001M,35.1735751,-119.0395485,1465.0,2,1989-07-19
USGS-351106116382801,013N003E26N002S,35.1859472,-116.64125,12.0,1,1993-07-30
USGS-351123119140601,031S025E36H002M,35.1896873,-119.2359435,9.9,2,1989-06-29
USGS-351125116374901,013N003E26K001S,35.19025539,-116.6311403,17.0,1,1993-05-20
USGS-351233118575701,031S028E22N002M,35.2091293,-118.9667684,12.15,2,1989-06-29
USGS-351321118590201,031S028E21D001M,35.22246229,-118.9848244,42.5,2,1989-06-28
USGS-351415119052201,031S027E16D001M,35.23744444,-119.0905556,9.0,1,1995-06-14
USGS-351450116402301,013N003E04M001S,35.24719765,-116.6739188,6.0,1,1993-05-20
USGS-351456116395001,013N003E04K001S,35.24895556,-116.665375,188.0,1,1993-11-04
USGS-351504116400301,013N003E04G001S,35.25100278,-116.6683222,5.0,2,1993-11-04
USGS-351505116405701,013N003E05G001S,35.25145278,-116.682986,7.0,1,1993-07-28
USGS-351507118584501,031S028E09C001M,35.25190589,-118.9801019,56.5,4,1989-07-17
USGS-351514116401401,013N003E04C001S,35.253575,-116.6710194,5.5,2,1993-11-05
USGS-351514116401402,013N003E04C002S,35.253575,-116.6710194,7.5,2,1993-11-05
USGS-351514116401403,013N003E04C003S,35.253575,-116.6710194,3.0,2,1993-11-05
USGS-351530116394401,014N003E33R001S,35.25705278,-116.6631417,6.0,1,1993-11-04
USGS-351538116410301,014N003E32K001S,35.2605305,-116.6850302,5.5,4,1994-07-20
USGS-351539116405603,014N003E32K003S,35.2608611,-116.6832722,1.0,1,1993-09-14
USGS-351539116405604,014N003E32K004S,35.2608611,-116.6832722,4.0,1,1993-09-15
USGS-351539116405605,014N003E32K005S,35.2608611,-116.6832722,4.0,1,1993-09-15
USGS-351539116405606,014N003E32K006S,35.2608611,-116.6832722,133.0,1,1993-09-15
USGS-351543116413401,014N003E32M001S,35.26200556,-116.6935722,5.0,2,1993-09-15
USGS-351553116411001,014N003E32F001S,35.264697,-116.6869747,3.0,1,1993-06-02
USGS-351556116404601,014N003E32H001S,35.2655304,-116.6803079,5.0,1,1993-05-21
USGS-351616116410702,014N003E32B002S,35.27125278,-116.685736,2.0,1,1993-09-22
USGS-351655118594301,030S028E29P001M,35.2819052,-118.996213,4.0,1,1995-06-14
USGS-351710116392701,014N003E22N001S,35.28505278,-116.6598167,14.0,1,1993-09-23
USGS-351738116374101,014N003E23G001S,35.29441667,-116.6302833,17.0,1,1993-09-24
USGS-351742116362401,014N003E24H001S,35.29379444,-116.608125,15.0,1,1993-07-29
USGS-351745118575401,030S028E28A004M,35.2957937,-118.9692676,9.95,2,1989-07-17
USGS-351801116474101,014N002E20C001S,35.30025045,-116.7955886,11.0,1,1993-09-17
USGS-351801116474102,014N002E20C002S,35.30025045,-116.7955886,7.0,1,1993-09-21
USGS-351811116361801,014N004E18N001S,35.30264444,-116.6059583,13.5,2,1993-09-23
USGS-351829116371201,014N003E13M001S,35.30802984,-116.6208626,3.0,1,1993-05-21
USGS-351830116372601,014N003E14H001S,35.30830757,-116.6247516,6.0,1,1993-07-29
USGS-352024118565501,030S028E02N001M,35.3399593,-118.949544,24.5,4,1989-07-18
USGS-352232120164701,029S016E29G001M,35.37552754,-120.2807093,22.4,4,1981-09-29
USGS-352240120165801,029S016E29C002M,35.37774976,-120.283765,120.0,3,1981-04-28
USGS-352240120170301,029S016E29C001M,35.37774976,-120.2851539,1650.0,4,1981-09-29
USGS-352242120165701,029S016E29C003M,35.3783053,-120.2834872,15.5,3,1981-04-28
USGS-352258119034901,029S027E27B006M,35.3827367,-119.0645473,4.0,1,1995-06-13
USGS-352330120172601,029S016E19H001M,35.39163857,-120.291543,1.3,3,1981-04-29
USGS-352400120145701,029S016E15L01M,35.3999716,-120.2501523,5.15,2,1981-04-29
USGS-352428120173401,029S016E18A002M,35.40774955,-120.2937653,9.85,4,1981-09-29
USGS-352541119250801,029S024E05Q001M,35.42801618,-119.4198377,23.8,2,1989-06-22
USGS-352629119345001,029S022E02C001M,35.4413505,-119.5815113,12.2,2,1989-06-22
USGS-352749119261501,028S024E30M001M,35.46357114,-119.4384493,11.0,1,1995-06-13
USGS-352751119263401,028S023E25K001M,35.4641267,-119.4437273,4.15,2,1989-06-22
USGS-352907119354501,028S022E15N006M,35.48523877,-119.5967899,69.5,4,1989-07-12
USGS-353119119282601,028S023E03H001M,35.5219036,-119.4748395,31.35,2,1989-06-22
USGS-353132115233501,016N015E05001S ME-8,35.5255391,-115.3938816,225.0,1,1997-02-20
USGS-353136115233301,016N015E08001S MW-4,35.5266502,-115.393326,771.0,1,1997-02-18
USGS-353142119370501,028S022E05A001M,35.52829388,-119.6190132,13.2,2,1989-06-22
USGS-353244115233801,016N015E05D001S,35.54553875,-115.3947152,560.0,1,1997-02-19
USGS-353329119303401,027S023E20R002M,35.55801445,-119.5103967,19.3,4,1989-06-29
USGS-353343119375601,027S022E20M001M,35.56190465,-119.6331804,15.2,2,1989-07-12
USGS-353410119344601,027S022E23D004M,35.56940395,-119.5804,83.5,2,1989-07-11
USGS-353425119370401,027S022E17R003M,35.57357099,-119.6187353,14.95,2,1989-06-22
USGS-353500119313701,027S023E18A001M,35.583292,-119.5278976,31.0,2,1989-07-12
USGS-353511119345301,027S022E15A002M,35.58634816,-119.5823446,192.5,2,1989-07-11
USGS-353512119390901,027S022E18D001M,35.58662675,-119.653459,13.65,2,1989-06-23
USGS-353515119272001,027S023E11R001M,35.587458,-119.4565057,8.3,2,1989-06-26
USGS-353635119365801,027S022E04E002M,35.60968155,-119.6170684,90.5,2,1989-06-21
USGS-353659119352501,026S022E34P001M,35.6163478,-119.5912339,229.0,2,1989-06-20
USGS-353703119392801,026S021E36Q001M,35.6174597,-119.6587369,20.85,2,1989-06-20
USGS-353751119355001,026S022E28R002M,35.6307921,-119.5981786,85.5,2,1989-06-20
USGS-353925119371801,026S022E20G001M,35.65912526,-119.6156793,49.0,4,1989-06-20
USGS-353935119401701,026S021E14R001M,35.6596815,-119.6723484,86.0,2,1989-06-29
USGS-353935119423301,026S021E16R001M,35.65968197,-119.7101278,26.2,2,1989-07-11
USGS-354027119302901,026S023E08R003M,35.6741237,-119.509008,41.5,2,1989-06-20
USGS-354120119401701,026S021E02R001M,35.68884776,-119.6723482,8.75,2,1989-06-21
USGS-354127119380901,026S022E07A001M,35.6885695,-119.6351244,1.2,2,1989-07-12
USGS-354211119451501,025S021E31P001M,35.70301528,-119.7551292,18.85,2,1989-06-21
USGS-354212119432501,025S021E33N001M,35.70329267,-119.7245724,35.2,2,1989-06-21
USGS-354255119344601,025S022E34A002M,35.71523509,-119.5803999,151.5,2,1989-06-20
USGS-354304119405101,025S021E26P002M,35.71773637,-119.6817928,545.0,2,1989-06-21
USGS-354305119442901,025S021E29N001M,35.7180149,-119.7423507,4.7,2,1989-06-21
USGS-354355119471501,025S020E23P001M,35.73190414,-119.7884634,28.5,2,1989-06-21
USGS-354358119390501,025S022E19N001M,35.73273577,-119.652347,3.6,2,1989-07-12
USGS-354513119433001,025S021E17H001M,35.75356974,-119.7259609,8.3,2,1989-06-21
USGS-354536119474401,025S020E15A001M,35.75995925,-119.796519,8.35,2,1989-07-12
USGS-354631119400001,025S021E12D002M,35.77523515,-119.6676254,227.0,2,1989-07-07
USGS-354634119401301,025S021E01N001M,35.7760685,-119.6712367,46.5,2,1990-08-09
USGS-354634119401302,025S021E01N002M,35.7760685,-119.6712367,270.0,1,1990-08-29
USGS-354634119401303,025S021E01N003M,35.7760685,-119.6712367,200.0,1,1990-08-29
USGS-354634119401304,025S021E01N004M,35.7760665,-119.504564,6.0,1,1990-08-29
USGS-354638119465601,025S020E02R001M,35.77718086,-119.7831851,12.0,1,1992-10-19
USGS-354638119465602,025S020E02R002M,35.77718086,-119.7831851,85.0,1,1992-10-19
USGS-354638119465603,025S020E02R003M,35.77718086,-119.7831851,41.0,1,1992-10-19
USGS-354638119465604,025S020E02R004M,35.77718086,-119.7831851,43.0,1,1992-10-19
USGS-354726119112001,025S026E05A003M,35.79050897,-119.1898291,48.0,1,1995-06-06
USGS-354812117521601,024S038E33J002M,35.80328389,-117.8720157,1.8,1,1986-01-23
USGS-355135119104201,024S026E08A002M,35.8596757,-119.1792735,3.0,1,1995-06-06
USGS-355210119291201,024S023E04K001M,35.86939847,-119.4876198,3085.0,2,1989-06-28
USGS-355225119301601,024S023E05B003M,35.8735651,-119.5053983,5600.0,1,1990-08-08
USGS-355225119301602,024S023E05B004M,35.8735651,-119.5053983,880.0,2,1991-10-18
USGS-355225119301603,024S023E05B005M,35.8735651,-119.5053983,505.0,2,1990-08-28
USGS-355225119301604,024S023E05B006M,35.8735651,-119.5053983,3.5,2,1991-10-18
USGS-355317119320002,023S023E31D003M,35.8880095,-119.5342883,71.0,2,1991-10-17
USGS-355317119320003,023S023E31D004M,35.8880095,-119.5342883,4.0,1,1991-10-17
USGS-355317119320004,023S023E31D005M,35.8880095,-119.5342883,4.0,1,1991-10-16
USGS-355317119320005,023S023E31D006M,35.8880095,-119.5342883,2900.0,1,1992-01-13
USGS-355317119320301,023S023E31D002M,35.8880095,-119.5351216,1710.0,2,1989-06-27
USGS-355404119271401,023S023E26G001M,35.90106475,-119.4548409,1760.0,2,1989-06-28
USGS-355526119285502,023S023E16J002M,35.92384219,-119.4828979,190.0,1,1992-04-09
USGS-355526119285503,023S023E16J003M,35.92384219,-119.4828979,100.0,1,1992-04-09
USGS-355526119285504,023S023E16J004M,35.92384219,-119.4828979,23.0,1,1992-04-09
USGS-355530119285201,023S023E15M001M,35.92495329,-119.4820645,99.0,5,1992-04-09
USGS-355602119463301,023S020E14B001M,35.9338431,-119.7767957,285.5,2,1989-06-28
USGS-355604119430201,023S021E08R001M,35.93439839,-119.718183,203.5,2,1989-06-28
USGS-355622119320901,023S023E07M001M,35.9393976,-119.5367888,65.0,4,1989-06-27
USGS-355648119354401,023S022E09A001M,35.9466199,-119.5965128,4.0,1,1992-10-21
USGS-355648119354402,023S022E09A002M,35.9466199,-119.5965128,16.0,1,1992-10-21
USGS-355657119374001,023S022E06R001M,35.94911996,-119.6287359,4.1000000000000005,2,1989-06-19
USGS-355743119524201,023S019E02A001M,35.9618984,-119.8792982,1.25,2,1989-06-05
USGS-355752119341401,022S022E35N001M,35.96439728,-119.5715122,17.4,2,1989-06-19
USGS-355841119415001,022S021E28R001M,35.97800837,-119.6981825,150.0,2,1989-06-28
USGS-355858119550201,022S019E28J001M,35.9827313,-119.9181878,17.75,2,1989-06-05
USGS-355905119285201,022S023E27M001M,35.9846747,-119.482065,2.5,2,1989-06-27
USGS-355938119341601,022S022E22R001M,35.9938412,-119.5720679,25.9,2,1989-06-19
USGS-360048119510801,022S019E13J001M,36.01328598,-119.8531863,18.0,2,1989-06-05
USGS-360115119341501,022S022E14D001M,36.02078536,-119.5717903,15.1,2,1989-06-09
USGS-360115119445801,022S021E18D002M,36.02078544,-119.7504063,3.05,2,1989-06-27
USGS-360116119420301,022S021E16B001M,36.02106319,-119.7017939,1.05,2,1989-06-28
USGS-360117119392701,022S021E13D001M,36.02134095,-119.6584594,5.1,2,1989-06-28
USGS-360118119362401,022S022E09N001M,36.0216187,-119.6076247,67.5,4,1989-06-28
USGS-360124119310401,022S023E07R001M,36.0232853,-119.5187333,35.85,2,1989-06-27
USGS-360148119544801,022S019E09H001M,36.02995284,-119.914299,1.5499999999999998,2,1989-06-06
USGS-360302119202101,022S024E02A001M,36.04938889,-119.3408056,13.0,1,1995-06-08
USGS-360310119201901,021S024E36N002M,36.05311389,-119.3392722,4.0,1,1995-05-23
USGS-360325119523801,021S019E35J001M,36.05689695,-119.8784652,3.0500000000000003,2,1989-06-06
USGS-360432119140701,021S025E26H001M,36.0755086,-119.236221,9.0,1,1995-06-07
USGS-360442119341701,021S022E27A003M,36.07828486,-119.5723463,26.7,2,1989-06-09
USGS-360445119470201,021S020E26D001M,36.07911844,-119.7848522,11.55,2,1989-06-27
USGS-360446119484401,021S020E28B001M,36.0793964,-119.8131862,1.0999999999999999,2,1989-06-27
USGS-360521119381401,021S022E19E001M,36.0891181,-119.644015,6.6,2,1989-06-08
USGS-360537119523801,021S019E23A001M,36.0924523,-119.8787435,0.7000000000000001,2,1989-06-06
USGS-360538119550601,021S019E16R002M,36.0941192,-119.9159666,21.6,2,1989-06-06
USGS-360620119355301,021S022E16C002M,36.10550685,-119.5990139,257.0,2,1989-06-26
USGS-360642119474801,021S020E10Q001M,36.11161826,-119.7976306,2.15,2,1989-06-27
USGS-360752119401201,021S021E02G001M,36.13106218,-119.6709606,7.5,2,1989-06-08
USGS-360814119522801,021S019E01D003M,36.13717424,-119.8754106,21.6,2,1989-06-07
USGS-360820119350801,020S022E33R002M,36.13883989,-119.5865137,19.5,2,1989-06-08
USGS-360856119384001,020S021E36Q002M,36.14022877,-119.6454044,36.5,2,1989-06-08
USGS-360955119510301,020S019E25A003M,36.1652294,-119.8517993,92.0,2,1989-06-07
USGS-361002119495901,020S020E29D001M,36.16717369,-119.834021,9.65,2,1989-05-25
USGS-361003119212501,020S024E22C001M,36.1674514,-119.3578937,14.0,1,1995-03-29
USGS-361054119443601,020S021E19D001M,36.18161726,-119.7442966,70.5,2,1989-05-24
USGS-361122119475001,020S020E15M002M,36.1893954,-119.798187,7.45,2,1989-05-25
USGS-361122119520201,020S019E13M001M,36.18939608,-119.8681889,9.95,2,1989-06-07
USGS-361140119422801,020S021E17A001M,36.1943949,-119.70874,86.0,2,1989-06-26
USGS-361149119485501,020S020E09N001M,36.1968955,-119.8162432,1.75,2,1989-06-01
USGS-361232119475001,020S020E10D001M,36.2088397,-119.7981873,58.0,2,1989-06-07
USGS-361243119382301,020S021E01Q001M,36.21189479,-119.6406826,2.0,1,1995-04-19
USGS-361307119422001,020S021E04F001M,36.21856137,-119.706518,1045.0,2,1991-10-15
USGS-361307119422002,020S021E04F002M,36.21856137,-119.706518,3.5,2,1991-10-15
USGS-361338119275501,019S023E34P002M,36.22721944,-119.4660583,18.0,1,1995-04-18
USGS-361341119280101,019S023E34P003M,36.22736389,-119.4671194,33.0,1,1995-06-27
USGS-361341119280102,019S023E34P004M,36.22736389,-119.4671194,26.0,1,1995-06-27
USGS-361414119423001,019S021E32A002M,36.2371723,-119.709296,223.0,2,1989-05-24
USGS-361415119500001,019S020E32D001M,36.23745098,-119.8342997,0.6000000000000001,2,1989-06-07
USGS-361424119464701,019S020E35D002M,36.23995037,-119.7806871,4.0,2,1989-05-25
USGS-361425119485401,019S020E33D001M,36.2402285,-119.8159659,26.35,2,1989-06-01
USGS-361455119495701,019S020E29E001M,36.248562,-119.8334665,150.0,1,1990-08-09
USGS-361455119495702,019S020E29E002M,36.248562,-119.8334665,260.0,1,1990-08-30
USGS-361455119495703,019S020E29E003M,36.248562,-119.8334665,220.0,1,1990-08-09
USGS-361455119495704,019S020E29E004M,36.248562,-119.8334665,19.0,1,1990-08-30
USGS-361519119433401,019S021E19R001M,36.25530556,-119.7272222,440.0,1,1995-05-25
USGS-361609119464901,019S020E22A002M,36.2691169,-119.7812433,32.8,2,1989-05-31
USGS-361610119423001,019S021E17R001M,36.2693944,-119.7092966,10.5,2,1989-05-26
USGS-361612119520701,019S019E14R001M,36.2699511,-119.8695792,9.2,2,1989-05-30
USGS-361703119454501,019S020E11R001M,36.2841167,-119.7634653,185.5,2,1989-06-01
USGS-361717119234201,019S024E08L001M,36.28845,-119.3958056,2.0,1,1995-06-26
USGS-361717119234202,019S024E08L002M,36.28845,-119.3958056,32.0,1,1995-06-26
USGS-361726119241101,019S024E07J001M,36.2906611,-119.4036778,6.0,1,1995-05-23
USGS-361848119485701,019S020E05A001M,36.31328375,-119.816801,4.0,4,1989-08-11
USGS-361850119541201,018S019E34N001M,36.3138399,-119.9043037,57.5,2,1989-05-30
USGS-361852119350601,018S022E33R001M,36.3145222,-119.5855917,33.0,1,1995-05-24
USGS-361905119472901,018S020E34L001M,36.3169722,-119.7967778,2.0,1,1995-04-19
USGS-361940119510001,018S020E31D001M,36.3277283,-119.850969,12.65,2,1989-05-31
USGS-362035119552001,018S019E21N003M,36.34300636,-119.923194,1.7999999999999998,2,1989-05-31
USGS-362125119443701,018S021E19D001M,36.3568944,-119.7445774,23.95,2,1989-05-23
USGS-362131119541501,018S019E15N001M,36.35856167,-119.9051384,9.8,2,1989-05-31
USGS-362218119464901,018S020E15A002M,36.3716167,-119.7812457,1.5,2,1989-05-31
USGS-362236119541701,018S019E09J002M,36.376617,-119.9056946,1.5499999999999998,2,1989-05-31
USGS-362525119450601,017S020E25K001M,36.42327778,-119.7523139,5.0,1,1995-06-29
USGS-362537119450901,017S020E25G001M,36.4262833,-119.7533917,4.0,1,1995-06-28
USGS-362537119450902,017S020E25G002M,36.4262833,-119.7533917,38.0,1,1995-06-28
USGS-362728116501101,027N001E23BS01S,36.4577262,-116.8372742,3.75,2,1995-09-05
USGS-363029119202001,016S024E26M001M,36.50800595,-119.3398403,3.0,1,1995-04-18
USGS-363106119372001,016S022E19P002M,36.51821944,-119.622311,51.0,1,1994-09-13
USGS-363106119372002,016S022E19P003M,36.5182222,-119.6223306,72.0,1,1994-09-13
USGS-363107119372201,016S022E19P004M,36.51856166,-119.6237427,43.0,1,1993-08-17
USGS-363119119584801,016S018E23L001M,36.5222833,-119.9809833,222.0,1,1995-08-10
USGS-363317119490401,016S020E08F001M,36.55400278,-119.8188,49.0,1,1993-08-19
USGS-363317119515001,016S019E11H001M,36.55467114,-119.864865,87.0,1,1993-09-01
USGS-363418119384201,016S021E01E001M,36.57161705,-119.6459669,15.0,1,1993-09-14
USGS-363418119384202,016S021E01E002M,36.57125556,-119.6458583,11.0,1,1994-09-13
USGS-363418119384203,016S021E01E003M,36.57122778,-119.6458639,31.0,1,1994-09-12
USGS-363645119420701,015S021E20J002M,36.6126111,-119.702775,46.0,1,1994-09-14
USGS-363645119420901,015S021E20J001M,36.6124501,-119.7034704,65.0,1,1993-09-15
USGS-363726119465201,015S020E15L001M,36.62393889,-119.7820833,9.0,1,1993-09-15
USGS-363805119345001,015S022E09Q001M,36.6346727,-119.5815208,10.0,1,1993-09-16
USGS-363808119344901,015S022E09Q002M,36.63528889,-119.5812389,8.0,1,1994-09-14
USGS-363924119530401,015S019E03G001M,36.6563611,-119.8854639,146.0,1,1995-07-24
USGS-364024119464201,014S020E34G001M,36.67328277,-119.7793089,45.0,1,1995-03-28
USGS-364112119352701,014S022E28E001M,36.68543889,-119.5917389,28.0,1,1993-08-17
USGS-364255119372501,014S022E18E001M,36.71549107,-119.6242883,1.0,1,1994-08-03
USGS-364255119372502,014S022E18E002M,36.71549107,-119.6242883,14.0,1,1994-08-03
USGS-364255119372503,014S022E18E003M,36.71549107,-119.6242883,15.0,1,1994-06-16
USGS-364258119380201,014S021E13G001M,36.7165513,-119.6348638,9.0,1,1994-08-04
USGS-364259119385402,014S021E14H002M,36.7166361,-119.64925,21.0,1,1994-08-31
USGS-364259119385403,014S021E14H003M,36.7166361,-119.6492583,91.0,1,1994-09-01
USGS-364259119385404,014S021E14H004M,36.7166146,-119.6491737,15.0,1,1994-08-31
USGS-364316119360801,014S022E17C001M,36.7210464,-119.6011514,5.0,1,1994-08-04
USGS-364338119354603,014S022E08K003M,36.7273939,-119.5971432,11.0,1,1994-06-17
USGS-364356119374001,014S021E12A001M,36.73315556,-119.6288194,2.0,1,1993-09-20
USGS-364639120065001,013S017E28A001M,36.77742778,-120.1147083,179.0,1,1993-08-31
USGS-364645120005301,013S018E21P001M,36.779025,-120.0155417,85.0,1,1993-08-31
USGS-364807119551001,013S019E17H002M,36.8018911,-119.9204303,140.0,1,1995-06-20
USGS-364959119375201,013S021E01G001M,36.83300559,-119.6320825,6.0,1,1995-06-08
USGS-365218121490301,012S001E23J004M,36.87169444,-121.8186389,6.7,1,1981-08-11
USGS-365220120052601,012S017E22J001M,36.8722833,-120.0926778,34.0,1,1993-08-18
USGS-365329119321701,012S022E14F001M,36.8913391,-119.5390229,7.0,1,1995-03-28
USGS-365439119573301,012S018E01P002M,36.9107802,-119.9601565,2.0,1,1995-03-30
USGS-370046120212001,010S015E32P001M,37.01298056,-120.3561722,21.0,1,1995-08-01
USGS-370618120190101,009S015E34K001M,37.1048611,-120.317761,6.0,1,1995-08-02
USGS-371548120224101,008S015E06M001M,37.26240556,-120.3787472,8.0,1,1995-07-25
USGS-371651120175701,007S015E35F002M,37.28077516,-120.3001818,4.0,1,1995-06-22
USGS-371835120331801,007S013E21M0O1M,37.3091722,-120.556111,3.0,1,1994-07-27
USGS-371835120332801,007S013E21M002M,37.3092722,-120.559236,1.0,1,1994-08-17
USGS-371835120332802,007S013E21M003M,37.3092722,-120.559236,6.0,1,1994-08-17
USGS-371926120420901,007S012E18M001M,37.323675,-120.7019028,4.0,1,1994-09-20
USGS-372205120381701,006S012E34G001M,37.3680861,-120.6396417,5.0,1,1994-06-07
USGS-372207120381201,006S012E34G002M,37.3683722,-120.6384972,5.0,1,1994-08-09
USGS-372207120381202,006S012E34G003M,37.3683722,-120.6384972,1.0,1,1994-08-09
USGS-372323120554401,006S009E25B001M,37.389375,-120.9289278,188.0,1,1995-07-19
USGS-372602120325101,006S013E04Q001M,37.43382664,-120.5485283,2.0,1,1995-06-19
USGS-372617120530201,006S010E04M001M,37.43838889,-120.8850833,33.0,1,1995-04-20
USGS-372624120530301,006S010E04M002M,37.44010556,-120.8852944,191.0,1,1995-05-08
USGS-372624120530302,006S010E04M003M,37.44010556,-120.8852944,11.0,1,1995-05-08
USGS-372646120410401,006S012E06A001M,37.44578889,-120.6852833,18.0,1,1994-09-08
USGS-372742120443601,005S011E34B002M,37.4616028,-120.7443684,29.0,1,1994-08-11
USGS-372746120443601,005S011E34B001M,37.4623861,-120.7447639,33.0,1,1994-07-27
USGS-372933120565901,005S009E23C002M,37.49246667,-120.9496333,51.0,1,1995-07-18
USGS-373114120595001,005S009E08A001M,37.51913889,-120.9958056,100.0,1,1995-07-18
USGS-373239120473001,004S011E31H001M,37.5442722,-120.7926972,9.0,1,1994-07-28
USGS-373240120473201,004S011E31H002M,37.54437778,-120.793436,6.0,1,1994-08-10
USGS-373240120473202,004S011E31H003M,37.54437778,-120.793436,13.0,1,1994-08-10
USGS-373349121032301,004S008E26B001M,37.56355,-121.0573972,24.0,1,1995-05-09
USGS-373349121032302,004S008E26B002M,37.56355,-121.0573972,91.0,1,1995-05-09
USGS-373351121032301,004S008E26B003M,37.5641861,-121.0573472,26.0,1,1995-05-10
USGS-373753120501101,003S010E35K001M,37.63177778,-120.8378333,59.0,1,1994-09-20
USGS-373837120474801,003S011E30K001M,37.64319167,-120.7977417,3.0,1,1994-09-21
USGS-374043121100301,003S007E14B001M,37.6786472,-121.1695917,24.0,1,1995-07-19
USGS-374148120581601,003S009E03N002M,37.6965833,-120.97175,11.0,1,1995-07-12
USGS-374210121064001,003S008E05K001M,37.7028472,-121.1098444,20.0,1,1994-06-08
USGS-374307121040101,002S008E35M001M,37.71853987,-121.0679923,56.0,1,1995-07-12
USGS-374356120583701,002S009E28J001M,37.7322972,-120.9766528,4.0,1,1994-07-26
USGS-374438121130901,002S007E20K001M,37.74416944,-121.2190806,3.0,1,1994-08-18
USGS-374438121130902,002S007E20K002M,37.74416944,-121.2190806,78.0,1,1994-08-18
USGS-374448121130701,002S007E20J001M,37.7464083,-121.2225667,6.0,1,1994-06-06
USGS-374511121104101,002S007E22A001M,37.75301389,-121.1793833,1.0,1,1994-09-21
USGS-374524121084801,002S007E13Q001M,37.7596111,-121.1465722,3.0,1,1994-06-09
USGS-374620120592901,002S009E09N001M,37.77266667,-120.9935556,5.0,1,1994-06-07
USGS-374635121040901,002S008E10H001M,37.7768333,-121.07,3.0,1,1994-09-08
USGS-374733121062401,002S008E05H001M,37.79249444,-121.1076472,1.0,1,1994-09-06
USGS-374909121110101,001S007E27J001M,37.8189333,-121.1851139,3.0,1,1994-09-22
USGS-374940121034701,001S008E23P001M,37.82805556,-121.0640583,11.0,1,1995-07-20
USGS-375052121142801,001S007E18K001M,37.84790278,-121.2420444,13.0,1,1994-09-22
USGS-380843121205201,003N006E05D001M,38.14525556,-121.34795,1.0,1,1993-08-12
USGS-381731121183001,005N006E10Q002M,38.29202778,-121.3079722,3.0,1,1995-07-10
USGS-382800121270701,007N005E17B001M,38.46655278,-121.4521472,5.48,1,1998-07-22
USGS-383659121292201,009N004E24Q001M,38.6164833,-121.4903694,5.97,1,1998-08-05
USGS-383746121291101,009N004E13R001M,38.62921389,-121.4877028,12.6,1,1998-08-04
USGS-384330121293901,010N004E13F001M,38.72511667,-121.4954417,22.8,1,1997-08-11
USGS-385131120021601,012N018E29E001M,38.8604722,-120.0225278,6.0,4,1994-10-16
USGS-385423119593601,090 N12 E18 09ABC 1 SLTPUDAirport2 012N018E09F001M,38.90280556,-119.994861,12.1,2,1994-04-22
USGS-385431121451401,012N002E09B002M,38.90848889,-121.7550667,4.16,1,1997-09-08
USGS-385522119580201,090  N12 E18 03DAAB1    USGS TCF-1,38.92268548,-119.9682368,30.0,1,1995-09-06
USGS-385522119580202,090  N12 E18 03DAAB2    USGS TCF-2,38.92268548,-119.9682368,55.0,1,1995-08-17
USGS-385522119580203,090  N12 E18 03DAAB3    USGS TCF-3,38.92268548,-119.9682368,2.0,1,1995-08-18
USGS-385528121532001,012N001E05C001M,38.92505278,-121.8903167,3.06,1,1997-08-12
USGS-385532119590001,090  N12 E18 03BCCA1 012N018E04J001M,38.92377778,-119.9862778,4.55,2,1994-04-21
USGS-390157120070501,090  N14 E17 29ADC 1 014N017E29H002M,39.03275,-120.1190278,0.55,1,1986-06-18
USGS-390416121433601,014N002E10R001M,39.07095278,-121.7275389,3.87,1,1997-08-18
USGS-390832121463601,015N002E20D001M,39.14241389,-121.7774389,5.55,1,1997-08-19
USGS-390856122044301,015N002W16R001M,39.1483472,-122.0792722,11.2,1,1997-08-13
USGS-391059122043601,015N002W03E001M,39.18316667,-122.0780833,4.24,1,1997-09-17
USGS-391653122101401,017N003W35M001M,39.28179444,-122.1718972,2.02,1,1997-08-14
USGS-391947122094501,017N002W14G002M,39.32953889,-122.163561,7.61,1,1997-09-16
USGS-392358121450301,018N002E21G001M,39.3992722,-121.7501444,3.15,1,1997-09-09
USGS-392524122113401,018N003W09R001M,39.4230333,-122.1937722,2.82,1,1997-09-17
USGS-392542121452501,018N002E09L001M,39.4265,-121.7616556,5.02,1,1997-08-19
USGS-392604121531801,018N001E08D001M,39.43484167,-121.8883778,2.78,1,1997-08-21
USGS-392810122080901,019N003W25R001M,39.4707972,-122.1368639,2.54,1,1997-09-30
USGS-392824122091401,019N003W25E001M,39.47298889,-122.1642833,4.18,1,1997-08-14
USGS-392848121523901,019N001E20R001M,39.47985,-121.878736,3.53,1,1997-09-10
USGS-392924121504801,019N001E22B001M,39.4902611,-121.8476028,3.69,1,1997-08-21
USGS-392931122031701,019N002W23E001M,39.4915972,-122.055836,1.94,1,1997-08-20
USGS-393119121521001,019N001E09C001M,39.52198889,-121.8701833,2.74,1,1997-09-10
USGS-393230121422201,020N002E35J002M,39.54165278,-121.7077444,3.57,1,1997-09-11
USGS-393235122055301,020N002W32J001M,39.5429222,-122.0991167,1.35,1,1997-09-18
USGS-393353122013501,020N002W25A001M,39.5645861,-122.0275944,1.62,1,1997-08-15
USGS-393538122053201,020N002W16D001M,39.59386667,-122.0944972,1.27,1,1997-10-01
USGS-393630121455401,020N002E08A001M,39.60813056,-121.7657944,2.36,1,1997-09-09
USGS-07126470,"CHACUACO CREEK AT MOUTH NEAR TIMPAS, CO",37.54390395,-103.63217,1.0,1,1985-08-02
USGS-370119107254300,NB03200517ABD,37.0219495,-107.4292152,3.6,4,1989-08-23
USGS-370620107442700,NB03300817BDD1,37.10555859,-107.741451,0.6,1,1989-08-22
USGS-370737104434601,SC03306636DBB,37.12696486,-104.7299907,4.0,1,1979-07-10
USGS-370754104495001,SC03306736ADA,37.13168697,-104.8311052,6.9,1,1979-07-10
USGS-370926107451500,NB03400830DDB LA PLATA AIRPORT,37.15722546,-107.7547849,2.65,4,1989-08-22
USGS-371006107422200,NB03400827BAA,37.16833679,-107.7067274,8.7,4,1989-08-22
USGS-371029107420000,NB03400822DBD,37.1747257,-107.700616,11.1,4,1989-08-22
USGS-371057104482401,SC03306608CAC,37.18251895,-104.8072154,1.9,1,1979-07-16
USGS-371140104530301,SC03306704DDD USGS 371140104530301,37.1944629,-104.8847186,1.4,1,1979-05-14
USGS-371200104385601,SC03306502CBB,37.20001837,-104.6494328,1.3,2,1979-05-15
USGS-371218104411801,SC03306505AAC1,37.2050183,-104.6888781,3.2,1,1979-06-23
USGS-371247109112501,"FLOWING WELL AT ANETH,UTAH",37.21305256,-109.1909458,6.4,6,1990-11-07
USGS-371700104472401,SC03206616CDB1,37.28335007,-104.7905474,1.4,2,1979-05-17
USGS-371844104461001,SC03106627CDB1,37.31223867,-104.7699905,3.2,1,1979-07-07
USGS-371914104565901,SC03106825BAC USGS 371914104565901,37.320571,-104.9502759,25.5,1,1979-06-18
USGS-372311104493501,SC03006632CCA,37.3864041,-104.8105466,0.9,1,1979-07-06
USGS-372403104070601,SC03006028DAD,37.40084876,-104.1188577,1.0,1,1984-11-20
USGS-372414103525601,SC03005827ADA,37.4039053,-103.8827369,0.5,1,1984-11-20
USGS-372603104470101,SC03006616ADC1,37.4341814,-104.7841558,1.1,1,1979-05-22
USGS-372725104441601,SC03006601CCD USGS 372725104441601,37.4569591,-104.7383204,1.2,1,1979-05-22
USGS-372813104511401,SC03006702AAB,37.47029147,-104.8544359,9.7,1,1979-07-06
USGS-372913104581401,SC02906835BAA,37.4869569,-104.9711069,3.8,1,1979-07-17
USGS-372920105405601,NA03701205ABA1,37.4888943,-105.6819614,1.1,1,1979-10-02
USGS-372922104445801,SC02906626DBC1,37.4894587,-104.7499869,1.4,1,1979-05-21
USGS-372938103500801,SC02905730BDB,37.4939042,-103.8360673,0.5,1,1984-11-20
USGS-373016105395601,NA03801228DDD1,37.5038941,-105.6569607,1.2,1,1978-08-24
USGS-373135105020501,SC02906818ADD USGS 373135105020501,37.5264001,-105.0352753,3.1,1,1979-07-16
USGS-373156108462201,NB03801719CCB1,37.53221264,-108.7734342,18.0,1,1990-10-30
USGS-373208103490501,SC02905708BCD,37.53557039,-103.8185662,6.0,1,1984-11-21
USGS-373328104505501,SC02906701AAD,37.55779048,-104.8491567,2.6,1,1979-07-17
USGS-373537105002401,SC02806821CDA USGS 373537105002401,37.59362207,-105.0072179,5.4,1,1979-08-01
USGS-373742104550901,SC02806708BCD,37.6283447,-104.9197142,2.2,1,1979-08-04
USGS-373753108470901,NB03901824BAB1,37.631378,-108.7864907,11.1,4,1990-10-30
USGS-373811105390601,NA03901210CCA1,37.63639144,-105.652238,0.56,1,1979-09-11
USGS-373828104485101,SC02806606ADB,37.64112324,-104.8147101,6.1,2,1979-08-03
USGS-373850105403302,NA03901208AAA2,37.6472244,-105.6764054,0.9,1,1978-08-23
USGS-374025105031801,SC02706925ADC,37.67362046,-105.0555519,4.0,1,1979-07-17
USGS-374152104553501,SC02706718DBD,37.6977884,-104.9269358,2.5,1,1979-07-17
USGS-374317105444401,NA04001115AAA2,37.7213892,-105.7458516,1.2,1,1978-08-23
USGS-374355105460701,NA04001109ACA1,37.7319445,-105.7691854,0.03,1,1979-08-16
USGS-374648105511901,NA04101027AAA,37.7786107,-105.8569643,6.3,1,1978-08-23
USGS-374925107350501,NATURAL FLOW INTO MINE DUP1,37.8236081,-107.5853377,2.0,1,1995-08-24
USGS-374925107350503,"MINE DISCHARGE AT PORTAL, SITE 1",37.8236081,-107.5853377,1.0,1,1995-08-24
USGS-375106105532802,NA04201028CCC2,37.85166615,-105.8916855,18.7,1,1978-08-23
USGS-375113107405401,OHIO1,37.853607,-107.6822834,4.0,1,1994-09-28
USGS-375357107323602,NATURAL FLOW INTO MINE DUP5,37.89916314,-107.543948,8.0,1,1995-08-25
USGS-380307107181400,NB04400422ADB00,38.0516861,-107.3054722,6.59,1,1997-08-27
USGS-381045107450800,NB04500804ABB00,38.1847,-107.7504528,1.5,1,1997-09-16
USGS-381804107061000,SC04500225DBA,38.124125,-107.0372306,1.04,1,1997-09-17
USGS-382003104362801,SC02006501DDA,38.33416835,-104.6083069,16.0,1,1984-09-18
USGS-382202104363601,SC01906525DAB NICHOLS,38.3672234,-104.6105289,14.0,1,1984-09-18
USGS-382317105132301,SC01907016DCD1,38.38805447,-105.2236015,3.3,1,1995-03-08
USGS-382317105133101,SC01907016DCCD1,38.38805445,-105.2258238,0.2,1,1995-03-08
USGS-382335105140701,SC01907016CBCC1,38.39305427,-105.235824,0.9,1,1995-02-01
USGS-382351105133501,SC01907016ACBD1,38.3974987,-105.2269348,0.5,1,1995-02-02
USGS-382353105132701,SC01907009DCD,38.39805429,-105.2247125,5720.0,1,1985-03-19
USGS-382358105134001,SC01907016BADC1,38.3994431,-105.2283237,3.1,1,1995-02-09
USGS-382401105132201,SC01907016AAC1,38.40027648,-105.2233236,890.0,1,1995-03-09
USGS-382402105134301,SC01907016BAD1,38.4005542,-105.229157,89000.0,1,1995-03-02
USGS-382404105132001,SC01907009DCA1,38.40472085,-105.2230457,2000.0,3,1995-03-08
USGS-382404105132002,SC01907009DCA2,38.40472085,-105.2230457,5450.0,3,1995-02-03
USGS-382404105132003,SC01907009DCA3,38.4011098,-105.222768,2.6,1,1985-03-19
USGS-382404105132005,SC01907009DCA5,38.4011098,-105.222768,8.6,1,1985-03-19
USGS-382405105133401,SC01907016ABB1,38.40138754,-105.226657,9.1,1,1995-03-17
USGS-382412105130201,SC01907009DDDDD1,38.403332,-105.2177678,0.6,1,1995-02-01
USGS-382412105133401,SC01907009DCC1,38.40333195,-105.2266569,3700.0,1,1995-03-01
USGS-382418105132201,SC019070009DCDA1,38.4049986,-105.2233235,1.4,1,1995-01-26
USGS-382419105133801,SC01907009DCB1,38.40527635,-105.227768,130.0,1,1995-03-07
USGS-382424105135401,SC01907009CCA2,38.40666518,-105.2322126,0.4,1,1995-02-06
USGS-382432105134301,SC01907009CADB1,38.40888739,-105.2291569,25.0,1,1995-02-08
USGS-382438105131401,SC01907009ADC2,38.4105541,-105.221101,2850.0,1,1985-03-20
USGS-382438105131601,SC01907009ADC1,38.4124985,-105.2213789,2885.0,2,1995-03-09
USGS-382439105131801,SC01907009ADB,38.41083187,-105.2222122,330.0,1,1985-03-20
USGS-382442105111401,SC01907011ACDB1,38.4116655,-105.1877669,31.0,1,1995-03-14
USGS-382442105111901,SC01907011ACC1,38.41166549,-105.1891558,5.5,1,1995-03-13
USGS-382442105131601,SC01907009ADBD01,38.41166519,-105.2216567,3300.0,1,1996-03-12
USGS-382442105131602,SC01907009ADBDO2,38.41166519,-105.2216567,2900.0,1,1996-03-15
USGS-382442105131701,SC01907009ADBC02,38.41166519,-105.2219344,4300.0,1,1996-03-11
USGS-382442105131702,SC01907009ADBC03,38.41166519,-105.2219344,23.0,1,1996-03-13
USGS-382443105131601,SC01907009ADB01,38.41194296,-105.2216566,1.2,1,1996-03-13
USGS-382445105123401,SC01907010BDD1 USGS 382445105123401,38.4124986,-105.2099897,30.0,1,1985-03-20
USGS-382445105123402,SC01907010BDD1 USGS 382445105123402,38.4124986,-105.2099897,10.0,1,1985-03-21
USGS-382450105130701,SC01907009ADAB1,38.4138874,-105.2191565,1.2,1,1995-02-07
USGS-382450105130702,SC01907009ADAB2,38.4138874,-105.2191565,1.0,1,1995-03-20
USGS-382452105131301,SC01907009AAC1,38.4144429,-105.2208232,0.4,1,1985-03-20
USGS-382453105131201,SC01907009AAC2,38.4147207,-105.2205455,2.5,1,1985-03-20
USGS-382453105131202,SC01907009AAC3,38.4147207,-105.2205455,40.75,2,1996-03-15
USGS-382455105134401,SC01907005BAC1,38.41527617,-105.2294346,420.0,1,1996-01-19
USGS-382455105134501,SC01907009BACA1,38.41527617,-105.2297124,3.9,1,1995-02-09
USGS-382457105131501,SC01907009AAC4,38.41583179,-105.2213788,40.0,1,1985-03-20
USGS-382459105125801,SC01907010BBB4,38.41638738,-105.2166564,3.2,1,1985-03-21
USGS-382501105125901,SC01907010BBBA1,38.4169429,-105.2169342,570.0,1,1995-03-09
USGS-382501105131001,SC01907009AAB1,38.41694289,-105.2199899,2.5,1,1995-06-14
USGS-382502105122901,SC01907010ABB1 USGS 382502105122901,38.41722077,-105.2086007,40.0,1,1995-03-08
USGS-382502105125301,SC01907003CCDCC1,38.41777626,-105.2152675,83.0,1,1995-03-14
USGS-382504105125101,SC01907003CCDC1,38.41777626,-105.2147119,72.0,1,1995-03-14
USGS-382505105130501,SC01907004DDD2,38.418054,-105.2186009,140.0,1,1995-03-15
USGS-382506105110801,SC01907002DCD,38.41833207,-105.1861,27.0,1,1985-02-21
USGS-382510105124701,SC01907003CCD1,38.4194429,-105.2136008,35.0,1,1995-03-14
USGS-382516105120901,SC01907003DDB1,38.42110964,-105.2030449,18.0,1,1995-03-21
USGS-382517105130101,SC01907003CBCC1,38.42138728,-105.2174897,39.0,1,1995-03-21
USGS-382518105131801,SC01907004DACC1,38.421665,-105.222212,23.0,1,1995-03-16
USGS-382521105123201,SC01907003CADA1,38.42249845,-105.2094339,27.0,1,1985-02-21
USGS-382522104542501,SC01906705DBD1,38.4227782,-104.9074814,18.0,1,1980-01-10
USGS-382527105125001,SC01907003CBA2,38.42416504,-105.214434,47.0,2,1995-03-15
USGS-382529105130401,SC01907004DAAA1,38.42444278,-105.218323,20.0,1,1985-02-19
USGS-382531105122201,SC01907003ACDD1,38.4252762,-105.2069338,56.5,2,1995-03-15
USGS-382535105132401,SC01907004ACD,38.42638714,-105.2238787,15.0,1,1985-02-19
USGS-382536105125401,SC01907003BCADC1,38.426665,-105.214434,40.0,1,1985-02-21
USGS-382536105131901,SC01907004ADBC1,38.4266649,-105.2224898,8.7,1,1995-03-21
USGS-382540105124201,SC01907003BDB,38.4277761,-105.2122117,28.0,1,1985-02-22
USGS-382541105123101,SC01907003BDA,38.4280539,-105.209156,25.0,1,1985-02-21
USGS-382545104352801,SC01906406AAD,38.42916695,-104.5916389,15.0,1,1984-09-18
USGS-382549105132001,SC01907004ABAD1,38.43027597,-105.2227675,16.0,1,1995-03-22
USGS-382552105133101,SC01907004ABBD1,38.43110926,-105.225823,24.0,1,1995-03-16
USGS-382553105120501,SC01907003AAA,38.43138725,-105.2019336,12.0,1,1985-02-19
USGS-382607104470301,SC01806633CDA1,38.43527818,-104.7847,2.3,1,1979-09-05
USGS-382622104524001,SC01806734CAB1,38.43944466,-104.8783137,4.2,1,1978-10-24
USGS-382649104541201,SC01806733BBB,38.4469445,-104.9038699,51.0,1,1978-10-24
USGS-382652107495301,NB04800902BCC-P023211,38.4477645,-107.8320055,50.5,2,1991-05-09
USGS-382701104520401,SC01806727DDA1,38.4502778,-104.8683133,29.0,1,1982-08-11
USGS-382744107483001,SC18-66-20CCC1,38.46220876,-107.8089492,15.0,1,1979-09-05
USGS-382829104364901,SC01806524ABA,38.39138976,-104.6141399,20.0,1,1984-09-18
USGS-382918107565401,NB04901026AAA-COMBS,38.4883199,-107.948954,0.2,1,1991-05-10
USGS-382933107571101,NB04901023DCA-WOERNER,38.49248655,-107.9536765,2.0,2,1991-05-10
USGS-383049104522801,SC01806703ACC,38.51360988,-104.8749792,60.0,1,1978-10-25
USGS-383109106573400,NB049001010CAD00,38.51926667,-106.9602389,13.2,1,1997-08-05
USGS-383110104371701,SC01806501BAB USGS 383110104371701,38.5194435,-104.6219167,12.0,1,1984-09-07
USGS-383119104550401,SC01706732CDB1,38.52194268,-104.9183134,25.0,2,1982-08-03
USGS-383121106583000,NB04900109CAD00,38.52354444,-106.9772806,1.15,1,1997-08-28
USGS-383130106574100,NB04900110DBD-DOS RIOS GOLF COURSE,38.52490556,-106.9618417,1.7850000000000001,2,1997-10-09
USGS-383219106565300,NB04900110DBD-DRIVE-IN THEATRE,38.53836944,-106.9484972,1.415,2,1997-10-09
USGS-383232106550500,NB04900101BAD-JORGENSON PARK,38.54273056,-106.9181028,1.29,3,1997-10-10
USGS-383232106554700,NB04900101BCB-RODEO GROUNDS,38.54218889,-106.9302056,1.2999999999999998,2,1997-10-09
USGS-383320104381201,SC01706523CAA USGS 383320104381201,38.5555542,-104.6371945,12.0,1,1984-09-06
USGS-383333107554701,NB05001036AAD-H361144,38.5591525,-107.9303423,32.0,2,1991-05-21
USGS-383334106555400,NB05000135DDD-VULCAN,38.55954444,-106.9314667,1.59,3,1997-10-08
USGS-383407104500701,SC01706713DBD,38.56860847,-104.8358102,5.6,1,1982-08-03
USGS-383448104383201,SC01706511CCA,38.57999835,-104.6427499,13.0,1,1984-09-08
USGS-383621108012001,NB05001007DDD-WEBB,38.60581876,-108.0228455,4.449999999999999,6,1992-03-04
USGS-383635104405201,SC01606533CCB HRLC-06,38.6097201,-104.6816394,16.0,1,1984-09-18
USGS-383641104532501,SC01606733DAC,38.61138398,-104.89081,3.3,1,1979-09-11
USGS-383700104485801,SC01606631ACA,38.616663,-104.816642,0.04,1,1979-09-07
USGS-383802104544201,SC01806708ACB1,38.63388268,-104.9121986,11.0,1,1979-09-06
USGS-383820104411401,SC01606520DCA HRLC-08 USGS 383820104411401,38.63888638,-104.6877503,6.9,1,1984-09-07
USGS-383832108021001,NB05101031CCC-SCHMALZ,38.64220726,-108.0367349,5.15,4,1992-03-04
USGS-383847108024001,NB05101136ABD-KRAMER,38.6463739,-108.0450686,0.5,3,1991-07-03
USGS-383927104454501,SC01606615ACC1,38.65749668,-104.7630294,25.0,2,1982-08-02
USGS-383952104405600,SC01606517AAA2,38.6644416,-104.6827498,12.0,1,1984-09-06
USGS-383953106503000,NA05100122DAC00,38.66451389,-106.8438722,1.84,1,1997-08-07
USGS-383958108022501,NB05101124DDD-HOLDEN,38.66609589,-108.0409017,4.95,4,1992-03-03
USGS-384056104475601,SC01606605DCA1,38.68221739,-104.7994182,2.65,2,1982-08-04
USGS-384108108024401,NB05101113DBA-SCHEETZ,38.6855401,-108.0461797,4.9,4,1992-03-03
USGS-384113104422001,SC01606506ACD,38.68694118,-104.7060834,2.6,1,1984-09-06
USGS-384126106590200,NB05100120AB00,38.67466944,-106.9927222,2.11,1,1997-08-26
USGS-384243107573701,SC01509525DCC-B254334,38.7119287,-107.9608987,13.4,2,1991-06-19
USGS-384309108004601,SC01509528ACD-SL2,38.71915077,-108.0134004,5.25,2,1991-09-11
USGS-384313104431801,SC01506625AAD  WIDFLD-14,38.7202739,-104.7221944,6.2,1,1984-09-10
USGS-384313108003101,SC01509528ADD-SL1,38.7252618,-108.0092336,8.95,4,1992-03-02
USGS-384407104434801,SC01506624BAD1 WIDEFIELD 4,38.73527366,-104.7305276,7.9,1,1984-09-12
USGS-384458104442601,SC01506614AAD SECURITY 2,38.74944,-104.7410832,3.2,1,1984-09-10
USGS-384610104432401,SC01506601DDB,38.7694399,-104.7238609,9.0,1,1984-09-12
USGS-384610104453501,SC01506603DDB SECURITY 14,38.7694394,-104.7602504,6.5,1,1984-09-12
USGS-384617104455901,SC01506603CAD1 STRATMOOR HILLS 4,38.7713836,-104.7669171,8.5,1,1984-09-10
USGS-384639104461401,SC01506603BAC1 MARS GAS,38.7774945,-104.771084,11.0,1,1984-09-12
USGS-384718104463701,SC01406633DAA BARNES,38.78832756,-104.777473,13.0,1,1984-09-07
USGS-384738104473801,SC01406632AAD,38.7938825,-104.7944178,5.6,1,1984-09-07
USGS-385021107380601,SC01409214ABD1,38.839153,-107.6356134,0.03,1,1975-05-21
USGS-390246108340301,UC00100126BBD1,39.0466485,-108.568427,0.1,1,1991-04-02
USGS-390253107563001,SC01109431CDC1,39.0480358,-107.942289,2.6,1,1980-09-11
USGS-390257107561301,SC01109431DCC1,39.04914696,-107.9375666,2.4,1,1980-09-10
USGS-390419108294601,UD00100117ADA-300D6,39.0719259,-108.4967579,3.95,2,1991-04-01
USGS-390421106533400,SC01108528BB00,39.16296389,-106.7897889,2.39,1,1997-09-09
USGS-390445108393901,UC00100222DDC-INNIS,39.0791483,-108.6614858,17.9,2,1991-05-08
USGS-390613108384101,"SC01110114AAA1 (WALKER SWA, OW22)",39.1036111,-108.6447222,35.5,1,1998-12-29
USGS-390614108384702,"SC01110114DAA1 (WALKER SWA, OW11B)",39.10388889,-108.6463889,84.2,1,1998-12-29
USGS-390621108384601,"WALKER STATE WILDLIFE AREA, WELL 11",39.1038702,-108.6467631,37.0,4,1998-02-19
USGS-390621108385002,NORTH POND SEEPAGE TEST SITE NP1 (GW),39.1038702,-108.6478743,34.0,2,1997-08-20
USGS-390622108385102,NORTH POND SEEPAGE TEST SITE NP2 (GW),39.10414797,-108.648152,40.0,4,1997-12-10
USGS-390623108385302,NORTH POND SEEPAGE TEST SITE NP4 (GW),39.1047035,-108.6487076,37.5,4,1997-12-10
USGS-390625108390401,"WALKER STATE WILDLIFE AREA, WELL 13",39.10553685,-108.6517633,36.5,2,1997-11-05
USGS-390625108390403,"WALKER SWA CHANNEL, SEEPAGE SITE WWC11-GW",39.10553685,-108.6517633,10.4,2,1998-02-10
USGS-390628108390901,"WALKER STATE WILDLIFE AREA, WELL 14",39.1060924,-108.6531522,14.75,2,1997-11-04
USGS-390737106505500,SC01108502ACC00,39.12487778,-106.8494278,3.39,1,1997-09-09
USGS-390810106463000,SC01008528DBB,39.14036389,-106.7728694,1.51,1,1997-09-10
USGS-390952108395901,UB00100211DDC-208K0,39.16442504,-108.6670417,35.0,2,1991-04-02
USGS-391057108484301,UB00100303CCB-130L3,39.18248076,-108.8126024,14.5,6,1992-02-19
USGS-391203108473801,UB00200334ADD01-RW1,39.20081375,-108.7945462,24.5,4,1992-02-20
USGS-391207108474301,UB00200334ADD02-RW2,39.20192485,-108.7959352,13.5,4,1992-02-20
USGS-391208108473801,UB00200334ADD03-RW3,39.2022026,-108.7945462,4.75,4,1992-02-18
USGS-391226108472801,UB00200335BBA-143N0,39.20720254,-108.7917684,12.1,6,1992-02-18
USGS-391320105464000,SC01007533DBD01,39.2222222,-105.7777778,3.21,1,1998-05-11
USGS-391441105474501,SCO0907529ABA01,39.2447222,-105.7958333,5.62,1,1998-05-12
USGS-391449105482801,SC00907520CCC01,39.24694444,-105.8077778,7.49,1,1998-05-28
USGS-391452105483501,SC00907519DDA1,39.24777778,-105.8097222,13.4,1,1998-06-17
USGS-391452105483503,SC00907519DDA3,39.24777778,-105.8097222,10.9,1,1998-06-16
USGS-391530108491801,UB00200309CAA-125Q5,39.258313,-108.8223251,15.0,6,1992-02-19
USGS-391559108540001,SC00910321BBB-080Q9,39.26636865,-108.9006614,11.5,2,1991-03-29
USGS-391630108525701,SC00910316ADD-090R5,39.27497957,-108.8831607,27.5,2,1991-03-29
USGS-391830105500801,SCO0807636CAA01,39.30802778,-105.83525,17.4,1,1998-05-05
USGS-391853108510401,SC00810335DBD-108U0,39.31470105,-108.8517704,6.5,6,1992-03-20
USGS-392646105193701,XLN - 19,39.44609999,-105.3274946,3.0,1,1995-08-22
USGS-392850107184900,SC00608934BAB00,39.4804472,-107.3177167,6.34,1,1997-09-04
USGS-392853105405800,SC00607432CAA1,39.4816541,-105.693339,3.0,1,1995-09-07
USGS-392854106004900,FGMW15,39.4816537,-106.0141843,2.0,1,1996-06-12
USGS-392901106004400,FGMW12,39.4835981,-106.0127954,1.0,1,1996-06-11
USGS-392947105212601,XLN - 20,39.49637749,-105.3577727,2.0,1,1995-08-22
USGS-393052105423300,SC00607419ABC1,39.51443166,-105.709728,1.0,1,1995-09-07
USGS-393143105133700,SC00607016DABB,39.52859937,-105.2274906,86.0,1,1976-08-10
USGS-393144105134000,SC00607016ADCC,39.52887714,-105.228324,18.0,1,1976-08-10
USGS-393150105133300,SC00607016ADCA,39.5305438,-105.2263794,17.0,1,1976-07-13
USGS-393152106001700,SC0067716BDB00,39.5314111,-106.0058417,7.3,1,1997-09-03
USGS-393207105141700,SC00607016BBA1,39.535266,-105.238602,3.5,1,1975-11-05
USGS-393224105083301,SC00606908CAC1,39.5399882,-105.1430433,22.0,1,1978-03-29
USGS-393245105155000,XLN - 27,39.54582156,-105.264436,41.0,1,1995-09-11
USGS-393257105140301,XLN - 24,39.54915485,-105.2347129,65.0,1,1995-08-24
USGS-393302107242600,SC00609003DC00,39.55014167,-107.4152472,34.2,1,1997-09-10
USGS-393357105020201,CENTENNIAL,39.56591944,-105.0340472,14.0,1,1993-07-15
USGS-393409106244300,SC00508136CCB00,39.56391944,-106.4179861,1.03,1,1997-08-19
USGS-393419105195100,SC00507134CBB,39.5719327,-105.3313823,4.9,1,1976-09-27
USGS-393422105240101,XLN - 22,39.5727662,-105.4008287,12.0,1,1995-08-23
USGS-393429107412400,SC0050923BBD00-BARRIE,39.5652583,-107.6720048,30.7,1,1997-09-11
USGS-393435105191200,SC00507134ACA3,39.5763771,-105.3205486,6.4,1,1976-09-27
USGS-393442105191200,SC00507134ABA4,39.57832157,-105.3205485,29.0,1,1975-11-05
USGS-393443105185400,SC00507134AAA3,39.5785993,-105.3155484,1.3,1,1976-09-27
USGS-393444105192400,SC00507134ABB1,39.5788771,-105.323882,17.0,1,1976-09-27
USGS-393459106054200,SC00507827DDD00,39.58210556,-106.1011861,2.26,1,1997-08-22
USGS-393532105183700,SC00507126BBD1,39.59221039,-105.3108259,28.0,1,1975-11-11
USGS-393535105182500,SC00507126BAD3,39.5930437,-105.3074925,49.0,1,1976-07-14
USGS-393604105172701,XLN - 23,39.6010992,-105.2913808,12.0,1,1995-08-23
USGS-393620105423900,SC00507419ADB1,39.6055428,-105.7113942,2.0,1,1995-08-29
USGS-393632105013201,FARNELL,39.60873889,-105.0258472,7.0,1,1993-08-04
USGS-393644105182101,XLN - 16,39.6122103,-105.3063811,27.0,1,1995-08-16
USGS-393644105430400,SC00507418CAD1,39.6122094,-105.7183388,55.45,2,1997-09-11
USGS-393652105184000,SC00507114CBD1,39.61443254,-105.311659,17.0,1,1976-09-28
USGS-393653105185100,SC00507114CBC2,39.6147103,-105.3147147,33.0,1,1976-09-27
USGS-393703105171501,XLN - 25,39.617488,-105.2880472,19.0,1,1995-08-24
USGS-393716106281800,SC00508116BBC00,39.62113889,-106.4713528,1.85,1,1997-08-21
USGS-393717105151701,XLN - 15,39.6213768,-105.2552685,156.0,1,1995-08-16
USGS-393718106253000,SC00508114ADD-STEPHENS PARK,39.62165278,-106.4256306,2.02,2,1997-10-14
USGS-393726106035300,SC00507813AAC-BLUE RIVER BALL PARK,39.6240111,-106.0658306,2.1500000000000004,2,1997-10-01
USGS-393736105004001,BELLVIEW-4,39.62716944,-105.0113333,6.0,1,1993-07-29
USGS-393743106171000,SC00508012DCD-BIGHORN PARK,39.62871944,-106.2874639,3.1950000000000003,2,1997-10-14
USGS-393815106541900,SC00508510ABA00,39.6374111,-106.9059944,14.2,1,1997-08-21
USGS-393823106215900,SC00508008BCD-GERALD R FORD PARK,39.63976389,-106.3668389,1.6400000000000001,2,1997-10-15
USGS-393827105244701,XLN - 17,39.64082158,-105.4136062,10.0,1,1995-08-16
USGS-393830106210600,SC00508009AAC-VAIL GOLF COURSE,39.6415833,-106.3521389,2.295,2,1997-10-15
USGS-393843105005201,ENGLEWOOD-1,39.6453,-105.0145778,6.0,1,1993-08-04
USGS-393844106193300,SC00508003DDB00,39.64695278,-106.3256944,1.87,1,1997-08-20
USGS-393844106232300,SC00508006DBB-PEDESTRIAN,39.64572778,-106.3902722,1.755,2,1997-10-13
USGS-393922105031201,SHERIDAN,39.6556972,-105.0530139,37.0,1,1993-08-11
USGS-393938105071401,FOX HOLLOW,39.6604333,-105.1207917,7.0,1,1993-07-15
USGS-393941105201701,XLN - 14,39.66137689,-105.3386039,70.0,1,1995-08-15
USGS-393944105000201,ENGLEWOOD-35,39.66219444,-105.0008917,37.0,1,1993-07-29
USGS-394044104533901,CHERRY CREEK,39.68002778,-104.8952111,18.0,1,1993-08-03
USGS-394056104594801,JEWELL ST,39.681875,-104.9967944,34.0,1,1993-08-19
USGS-394112105214201,XLN - 13,39.6866546,-105.3622154,6.0,1,1995-08-15
USGS-394127105212900,SC00407120ACB,39.69082128,-105.3586041,3.1,1,1975-11-18
USGS-394156104550701,GARLAND PARK,39.6987361,-104.9181556,26.0,1,1993-08-03
USGS-394234104595301,I-25,39.70930556,-104.9983417,8.0,1,1993-08-05
USGS-394236104594903,P-11B,39.70998708,-104.9974819,38.0,1,1994-04-21
USGS-394236104595303,P-2T,39.70998707,-104.998593,2.0,1,1994-04-20
USGS-394314104575001,HIGH ST,39.72054444,-104.9641611,16.0,1,1993-08-19
USGS-394326105003901,HWY-6,39.7234833,-105.0107222,13.0,1,1993-08-05
USGS-394418105011501,DECATUR,39.73855556,-105.0214667,14.0,1,1993-07-22
USGS-394508104593801,FDLINE SHOP,39.75254444,-104.9943306,7.0,1,1993-07-21
USGS-394545104582301,DOWNING STREET,39.76248675,-104.9735916,46.0,1,1993-07-21
USGS-394548105475801,XLN - 1,39.7633203,-105.800008,48.0,1,1995-07-24
USGS-394612105071001,39TH AVE.,39.77089444,-105.1197667,18.0,1,1993-08-18
USGS-394648105072301,WHEATRIDGE,39.78014167,-105.1230194,14.0,1,1993-07-14
USGS-394653105053601,DOVER ST.,39.78116667,-105.0937694,80.0,1,1993-08-12
USGS-394654104584301,WAREHOUSE,39.78151944,-104.9790306,27.0,1,1993-07-20
USGS-394655105030901,BERKLEY PARK,39.78186667,-105.0524694,49.0,1,1993-07-20
USGS-394728105045801,STEPP-1,39.791575,-105.0832167,6.0,1,1993-07-14
USGS-394811105023201,TINSLEY,39.80313889,-105.0433222,18.0,1,1993-07-13
USGS-394820105313801,XLN - 3,39.80554327,-105.5277755,11.0,1,1995-07-25
USGS-394824105065001,MILLER ST,39.8069111,-105.1141861,48.0,1,1993-08-12
USGS-394830104564001,I-270,39.80844444,-104.9450139,1.0,1,1993-08-13
USGS-394833104572201,METRO,39.80928889,-104.9562028,13.0,1,1993-07-23
USGS-394834105055001,EVERETT ST,39.80942778,-105.0974028,31.0,1,1993-09-09
USGS-394835105053301,DOVER-2,39.80910278,-105.0931222,72.0,1,1993-09-09
USGS-394858104591701,I-76,39.81619444,-104.9880972,68.0,1,1993-07-30
USGS-394935105101400,SC00307001ABAB  G-1,39.8263755,-105.171098,47.0,1,1974-04-02
USGS-394937105101100,SC00307001AA    G-4,39.82693107,-105.1702646,57.0,1,1974-04-15
USGS-395048105165303,MONITOR WELL 4,39.8466535,-105.2819348,9.9,4,1984-08-30
USGS-395220106175400,SC00208014DAA00,39.8727361,-106.3090222,1.46,1,1997-09-03
USGS-395314105281001,XLN - 4,39.88720946,-105.4699962,10.0,1,1995-07-25
USGS-395411105205601,XLN - 5,39.90304225,-105.349437,24.0,1,1995-07-26
USGS-395445105205801,XLN - 7,39.9124866,-105.3499926,52.0,1,1995-07-26
USGS-395507105470200,SC00107533CBB-WINTER PARK VISITORS CENTER,39.9191833,-105.7839167,1.57,2,1997-09-29
USGS-395531105234900,SC00107236ABCB  SITE C08,39.9252645,-105.397494,12.0,1,1975-08-08
USGS-395648105485300,SC00107519DBD-FRASER VISITOR CENTER,39.9462833,-105.8138472,1.11,1,1997-09-30
USGS-395706105485000,SCOO1O7519ACA-FRASER RIVER TRAIL,39.95139167,-105.8142806,1.31,1,1997-09-30
USGS-395738105103200,SC00107013CDAA  SITE C46,39.96054108,-105.1760979,2.0,1,1996-08-05
USGS-395750105242200,SC00107213CBBA  SITE C07,39.9638754,-105.4066612,3.0,1,1996-08-13
USGS-395802105083300,SC00106917BCAD  SITE C65,39.9672075,-105.1430411,7.7,1,1976-07-16
USGS-395818105124200,SC00107010DCCC1 SITE C35,39.97165228,-105.2122103,7.5,2,1996-08-19
USGS-395906105095600,SC00107012AADA  SITE C75,39.98498528,-105.1660975,10.0,1,1996-09-10
USGS-395929105510300,SC00107602DAC,39.99151667,-105.8518194,2.485,2,1997-10-01
USGS-395935105535800,SC00107604BA00,39.99563889,-105.8888806,2.53,1,1997-09-13
USGS-395959105100700,SC00107001AABD  SITE C69,39.99970739,-105.1691531,16.2,2,1996-08-06
USGS-400003105100300,SB00107036DDDD  SITE C50,40.00081849,-105.168042,5.2,1,1976-09-29
USGS-400020105053700,SB00106934DADA  SITE C37,40.0055403,-105.0941503,2.5,1,1975-12-17
USGS-400024105123500,SB00107034DABC  SITE C34,40.006652,-105.2102657,7.95,2,1996-08-06
USGS-400050105093100,SB00106931ABBB  SITE C27,40.01387399,-105.1591527,60.5,2,1996-08-06
USGS-400100105134600,SB00107028DCAD  SITE C67,40.0166521,-105.2299887,8.6,1,1976-03-23
USGS-400109105193400,SB00107127DBCD  SITE C55,40.0191525,-105.3266586,1.0,1,1996-08-21
USGS-400112105193500,SB00107127DBCA  SITE C51,40.01998587,-105.3269364,16.0,2,1976-09-29
USGS-400124105232900,SB00107130BCBC  SITE C24,40.02331944,-105.3919386,25.0,1,1996-08-05
USGS-400226105080500,SB00106920AACC  SITE C25,40.0405405,-105.1352628,6.0,1,1996-08-07
USGS-400229106223500,SB00108020ABA00,40.04142778,-106.3769889,1.5,1,1997-09-04
USGS-400237104500301,SB00106619BAB NAWQA 1,40.04360556,-104.823575,28.0,1,1994-06-08
USGS-400253105163000,SB00107018CACD  SITE C98,40.04804117,-105.2755457,2.1,1,1976-07-26
USGS-400255105165500,SB00107113DADA  SITE C16,40.04859675,-105.2824903,3.0,1,1996-08-14
USGS-400257105055200,SB00106915DBAD  SITE C26,40.0491514,-105.0983169,19.0,1,1975-11-24
USGS-400259105160700,SB00107018DBAD  SITE C73,40.0497078,-105.2691565,5.85,2,1996-08-14
USGS-400300105170100,SB00107113DAAB  SITE C60,40.0499856,-105.284157,29.0,1,1976-03-09
USGS-400306105111500,SB00107014ADDD  SITE C28,40.05165189,-105.1880424,29.0,1,1975-12-02
USGS-400313105075000,SB00106916BCBC  SITE C77,40.05359604,-105.1310959,1.75,2,1996-08-07
USGS-400316105053100,SB00106914BCBB  SITE C33,40.05442918,-105.0924833,21.0,1,1996-09-03
USGS-400319105041300,SB00106913BCAA  SITE C93,40.0552624,-105.0708158,23.0,1,1976-07-22
USGS-400319105045100,SB00106914ABDC  SITE C92,40.05526246,-105.0813718,14.0,2,1996-08-07
USGS-400323105132600,SB00107015BBCB  SITE C31,40.05637429,-105.2244327,2.0,1,1996-08-21
USGS-400324105201201,XLN - 18,40.05665244,-105.3372144,38.0,1,1995-08-17
USGS-400345105184500,SB00107111CADB  SITE C86,40.06248569,-105.3130469,11.0,1,1996-08-22
USGS-400419105085900,SB00106907AAAA  SITE C44,40.07192946,-105.1502631,3.7,2,1996-08-21
USGS-400458105140700,SB00107004BDAD  SITE C66,40.0827632,-105.2358218,14.5,2,1996-08-08
USGS-400519105194200,SB00207134DCCC  SITE C52,40.08859675,-105.3288807,78.0,2,1996-08-14
USGS-400555105122000,SB00207035BBCC  SITE C32 DUP1,40.09859639,-105.2060984,20.0,1,1975-12-06
USGS-400603105141900,SB00207033BABB  SITE C53,40.10081877,-105.2391552,0.2,1,1976-09-29
USGS-400605105173500,SB00207125CDDC  SITE C62,40.10137444,-105.2936016,11.0,1,1976-03-10
USGS-400633104202901,SB00206229DAB,40.10914895,-104.3418981,0.7,1,1977-03-05
USGS-400658105151200,SB00207020DCCC  SITE C41,40.1160966,-105.2538779,4.0,1,1996-08-08
USGS-400704105095700,SB00206919CCDB  SITE C48,40.11776284,-105.1663746,16.0,1,1976-04-30
USGS-400711104481801,SB00206620CCA NAWQA 2,40.1199583,-104.8045889,18.0,1,1994-06-08
USGS-400712105234500,SB00207224DACA1 SITE C05,40.11998558,-105.3963831,26.0,1,1996-08-12
USGS-400734105074800,SB00206921BCBC  SITE C47,40.12609599,-105.1305399,17.0,1,1976-04-27
USGS-400934105273600,SB00207204CDCB  SITE C18,40.15942976,-105.4605523,8.8,1,1975-11-06
USGS-401011105091700,SB00206906ACAD  SITE C40,40.16970719,-105.1552628,13.0,1,1975-12-17
USGS-401027105132700,SB00207003BBBB  SITE C42,40.17415198,-105.2247098,20.0,1,1976-01-23
USGS-401116105064200,SB00306933AAAD  SITE C38,40.1877625,-105.1122055,21.0,1,1975-12-17
USGS-401229105112800,SB00307023DACB  SITE C30,40.20804068,-105.1916528,30.0,1,1975-12-05
USGS-401304105133400,SB00307021AAAC  SITE C43,40.21776307,-105.226654,37.0,1,1976-01-28
USGS-401329105045900,SB00306914CAAA  SITE C99,40.22470679,-105.0835931,41.0,1,1976-07-26
USGS-401345105075400,SB00306917AADD  SITE C29,40.22915147,-105.132206,16.0,1,1975-12-05
USGS-401407105172900,SB00307112CDDA  SITE C03,40.23526304,-105.2919344,31.0,1,1975-07-30
USGS-401440103373201,SB00305610ACD NAWQA 3,40.2444222,-103.6257556,63.0,1,1994-07-20
USGS-401449104064801,SB00306009BBB NAWQA 4,40.246775,-104.1127833,34.0,1,1994-07-26
USGS-401510105503000,SB00307506BCB00,40.2530222,-105.8424,2.79,1,1997-09-05
USGS-401544103443101,SB00305703BBA NAWQA 5,40.2621583,-103.7422111,40.0,1,1994-07-21
USGS-401630104462901,FP S1 - DUBOIS,40.27498219,-104.7752472,19.0,1,1993-08-31
USGS-401630104462902,FP S2 - DUBOIS,40.27498219,-104.7752472,20.0,1,1993-08-31
USGS-401630104462903,FP S3 - DUBOIS,40.27498219,-104.7752472,17.0,1,1993-08-31
USGS-401702103483901,SB00405825ADD NAWQA 6,40.28364444,-103.8106889,51.0,1,1994-07-21
USGS-401714103525403,PSA - 3,40.28720345,-103.8821729,34.0,2,1996-08-07
USGS-401714103525404,PSA - 4,40.28720345,-103.8821729,37.0,2,1996-08-07
USGS-401714103525405,PSA - 5,40.28720345,-103.8821729,36.5,2,1996-08-07
USGS-401714103525406,PSA - 6,40.28720345,-103.8821729,34.5,2,1996-08-07
USGS-401714103525407,PSA - 7,40.28720345,-103.8821729,26.0,1,1995-06-28
USGS-401714103525408,PSA - 8,40.28720345,-103.8821729,24.0,1,1995-06-28
USGS-401714103525415,PSB - 1,40.28720345,-103.8821729,37.5,2,1996-08-07
USGS-401714103525416,PSB - 2,40.28720345,-103.8821729,36.0,2,1996-08-07
USGS-401714103525417,PSB - 3,40.28720345,-103.8821729,36.0,2,1996-08-07
USGS-401714103525418,PSB - 4,40.28720345,-103.8821729,36.0,2,1996-08-07
USGS-401726104442201,SB00406526ABB,40.28981389,-104.7403139,16.0,1,1994-06-09
USGS-401750104143101,SB00406120CAB NAWQA 8,40.2970361,-104.2419306,24.0,1,1994-07-26
USGS-401841104464601,FP W1,40.31137085,-104.7799694,38.0,1,1993-09-02
USGS-401841104464602,FP W2,40.31137085,-104.7799694,25.0,1,1993-09-02
USGS-401841104464603,FP W3,40.31137085,-104.7799694,13.0,1,1993-09-02
USGS-401844104450101,FP E4,40.31220395,-104.7508015,23.0,1,1993-09-01
USGS-401844104450102,FP E2,40.31220395,-104.7508015,22.0,1,1993-09-01
USGS-401844104450106,FP E6,40.31220395,-104.7508015,67.0,1,1993-09-01
USGS-402006104465301,FP R1,40.3349818,-104.7819137,33.0,1,1993-08-30
USGS-402006104465302,FP R2,40.3349818,-104.7819137,12.0,1,1993-08-30
USGS-402015105334601,XLN - 12,40.33748408,-105.5633338,26.0,1,1995-08-14
USGS-402016104465501,SPLT1 - PW24,40.34609284,-104.7824692,25.0,1,1993-09-08
USGS-402016104465503,SPLT1 - PW84,40.33775957,-104.7824693,41.0,1,1993-09-08
USGS-402018103571801,SB00405902CBC NAWQA 9,40.33863889,-103.9552389,60.0,1,1994-07-25
USGS-402034103301001,SB00405502BCD NAWQA 10,40.3427472,-103.5038583,51.0,1,1994-07-19
USGS-402104104404501,SB00506532DDB NAWQA 11,40.34872778,-104.6777972,9.0,1,1994-06-09
USGS-402115104432001,FP D1,40.354148,-104.7227444,28.0,1,1993-08-25
USGS-402115104432002,FP D2,40.354148,-104.7227444,25.0,1,1993-08-25
USGS-402116104432001,SPLT2 - PW24,40.3544258,-104.7227444,25.0,1,1993-09-07
USGS-402116104432003,SPLT2 - PW84,40.3544258,-104.7227444,26.0,1,1993-09-07
USGS-402150103322801,SB00505528CCC NAWQA 12,40.3639361,-103.5407389,44.0,1,1994-07-20
USGS-402213104015501,SB00505930CBA NAWQA 13,40.37024444,-104.0317972,81.0,1,1994-07-25
USGS-402505107435501,SB00509204BBB,40.41802735,-107.7325703,1.7,1,1979-07-28
USGS-402529107445901,SB00609232CBC,40.4246938,-107.7503487,0.9,1,1979-07-27
USGS-402530105273901,XLN - 11,40.42498345,-105.4613844,9.0,1,1995-08-14
USGS-402538103242001,SB00505404ADD NAWQA 14,40.42899167,-103.4074278,106.0,1,1994-07-19
USGS-402647107400600,SB00609225BAD           E12RDB,40.4463606,-107.6689574,2.3,1,1979-07-29
USGS-402658104400001,SB00606533ABD1 NAWQA 15,40.44987778,-104.6640861,63.0,1,1994-06-10
USGS-402900106245301,SB00608018DCD1,40.48331436,-106.4153094,2.0,1,1979-06-20
USGS-402955103163501,SB00605311CCC NAWQA 16,40.498475,-103.2749806,65.0,1,1994-07-18
USGS-403005106295701,SB00608109CBC1,40.50137006,-106.4997565,2.6,1,1979-07-09
USGS-403128106213301,SB00608003ABD1,40.5244245,-106.3597518,1.0,1,1979-06-18
USGS-403223106272801,SB00708135BAC1,40.5397023,-106.4583661,2.7,1,1979-06-15
USGS-403239106193801,SB00708025CCA1,40.5441463,-106.3278062,1.5,1,1979-06-27
USGS-403312106185501,SB00708025AAC,40.55331278,-106.3158613,0.8,1,1979-06-27
USGS-403318106235501,SB00708029BAA1,40.5549796,-106.3991974,1.4,1,1979-06-20
USGS-403347106194801,SB00708024CBB,40.56303487,-106.330584,5.0,1,1979-06-23
USGS-403426103200401,SB00705317BCB1 NAWQA 17,40.57435556,-103.3344917,47.0,1,1994-07-18
USGS-403440106252801,SB00708018BCC1,40.57775696,-106.4250316,3.1,1,1979-07-31
USGS-403450106202701,SB00708014BDB1,40.58053458,-106.3414176,1.3,1,1979-06-21
USGS-403616104022801,U-83 7N/60W-1CAA,40.6044313,-104.0416166,0.8,1,1979-04-26
USGS-403641104000501,U-82 7N/59W-5BAA,40.6113764,-104.0018944,0.6,1,1979-04-26
USGS-403644103572901,V79 8N/59W-34DDC,40.6122094,-103.9585611,24.0,1,1979-04-17
USGS-403645104004701,U-93 8N/59W-31DDD,40.6124873,-104.013561,0.09,1,1979-05-14
USGS-403648104040701,U-91 7N/60W-3AAA,40.61331976,-104.0691163,0.18,1,1979-05-07
USGS-403654107513400,SB00809329CAA,40.61496898,-107.8600762,7.1,1,1979-07-16
USGS-403708107522301,SB00809330DCB1,40.61885778,-107.8736878,5.9,1,1979-07-16
USGS-403723104022801,U-86 8N/60W-35AAD,40.6230424,-104.0416163,3.2,1,1979-05-01
USGS-403733103591801,U-90 8N/59W-33BBA,40.62582078,-103.9888387,2.1,1,1979-05-07
USGS-403733104062601,U-94 8N/60W-32AAA,40.62581916,-104.1077271,0.14,1,1979-05-14
USGS-403733104100101,U8,40.6258182,-104.167449,0.05,1,1978-06-15
USGS-403744104084201,U1,40.6288741,-104.1455047,0.05,1,1978-06-15
USGS-403756104040601,U-84 8N/60W-27DAA,40.63220868,-104.0688383,5.6,1,1979-04-26
USGS-403802104030401,U-85 8N/60W-26ADD,40.6338756,-104.0516161,21.0,1,1979-04-26
USGS-403810104004201,U-92 8N/59W-30ADA,40.63609847,-104.0121718,18.0,1,1979-05-08
USGS-403819104095101,U7,40.63859605,-104.1646712,0.09,1,1978-06-15
USGS-403838103575801,V81 8N/59W-22CDB,40.64387619,-103.9666162,0.8,1,1979-04-25
USGS-403840104201501,U6,40.6444271,-104.3380067,0.07,1,1978-06-15
USGS-403848104164101,U19 DUP2,40.64664996,-104.2785605,0.06,1,1978-06-20
USGS-403900104024201,V-87   8N/60W-24BCD,40.64998684,-104.0455049,2.8,1,1979-05-01
USGS-403900104225801,U3,40.6499822,-104.3832859,0.07,1,1978-06-14
USGS-403902104230901,U2,40.65053775,-104.3863415,0.09,1,1978-06-13
USGS-403908104121101,U10,40.65220656,-104.2035598,41.0,1,1978-06-15
USGS-403927104050801,U-88 8N/60W-22BBB,40.6574862,-104.0860602,4.1,1,1979-05-01
USGS-403938104105801,U9,40.6605402,-104.183282,0.7,1,1978-06-15
USGS-403951104134001,U12,40.6641506,-104.2282818,0.04,1,1978-06-16
USGS-404001104001201,U-96 8N/59W-17BAC,40.66693196,-104.0038381,0.09,1,1979-05-14
USGS-404009104020101,U-95 8N/60W-13AAB,40.6691537,-104.0341158,57.0,1,1979-05-14
USGS-404015104290201,U5,40.67081455,-104.4844002,0.14,1,1978-06-14
USGS-404033104114101,U11,40.67581785,-104.1952263,0.03,1,1978-06-16
USGS-404040104101801,U15,40.67776266,-104.1721708,6.1,1,1978-06-19
USGS-404047104032401,SB00806011ACA,40.6797089,-104.0571711,64.0,1,1979-04-17
USGS-404059104000601,V80 8N/59W-8BAB,40.6830431,-104.0021712,0.21,1,1979-04-25
USGS-404102104014601,SB00806012AAA,40.683876,-104.0299489,5.8,1,1979-05-15
USGS-404102104291201,U4,40.6838701,-104.487178,0.05,1,1978-06-14
USGS-404106103082201,SB00805201CCD NAWQA 18,40.6850083,-103.1395222,109.0,1,1994-08-04
USGS-404106104080901,U16,40.68498545,-104.1363375,1.1,1,1978-06-20
USGS-404124104042001,U-97 8N/60W-3DBA,40.68998645,-104.0727265,0.11,1,1979-05-14
USGS-404125104152701,U18,40.69026137,-104.258004,45.0,1,1978-06-20
USGS-404130104094201,U73,40.6916517,-104.1621707,0.07,1,1978-07-19
USGS-404217104032601,U-99 9N/60W-35DBC,40.7047089,-104.0577264,65.0,1,1979-05-15
USGS-404218104091101,U74,40.7049852,-104.1535594,1.3,1,1978-07-19
USGS-404224104052801,V78 9N/60W-34DBA,40.70665284,-104.0916151,9.1,1,1979-04-18
USGS-404235104041501,U39 H3,40.7097087,-104.0713374,0.18,1,1978-06-28
USGS-404235104105501,U14,40.70970699,-104.1824482,1.0,1,1978-06-19
USGS-404235104243901,U71,40.70970426,-104.4113423,36.0,1,1978-07-18
USGS-404236104041501,U38 1HC,40.7099865,-104.0713374,120.0,1,1978-06-28
USGS-404244104222001,U21,40.71220467,-104.3727299,9.2,1,1978-06-21
USGS-404246104270901,U-101 9N/63W-29DDC,40.71275939,-104.4530104,10.0,1,1979-05-15
USGS-404304104163601,U17,40.7177612,-104.277171,0.07,1,1978-06-20
USGS-404315104155001,U75,40.7208169,-104.2643929,4.6,1,1978-07-19
USGS-404316104283201,U68,40.7210925,-104.4760668,26.0,1,1978-07-18
USGS-404320103053801,SB00905130DAA NAWQA 19,40.72216667,-103.0945944,75.0,1,1994-08-03
USGS-404323104292801,U69,40.72303678,-104.4916229,160.0,1,1978-07-18
USGS-404336104293001,U-103 9N/63W-8ACA,40.7266479,-104.4921785,17.0,1,1979-05-15
USGS-404400104240001,U72,40.7333155,-104.4005087,22.0,1,1978-07-18
USGS-404419104265001,U-102 9N/63W-20AAA,40.7385928,-104.4477326,0.29,1,1979-05-15
USGS-404436104251001,U70,40.74331534,-104.4199538,0.12,1,1978-07-18
USGS-404442104202001,U20,40.74498285,-104.3393954,0.12,1,1978-06-20
USGS-404450103013501,SB00905123BDD NAWQA 20,40.74640278,-103.0276278,21.0,1,1994-08-03
USGS-404528104131401,U27,40.757762,-104.221059,0.45,1,1978-06-26
USGS-404529104091001,U26,40.7580408,-104.1532813,2.8,1,1978-06-26
USGS-404539104220801,U45,40.7608159,-104.3693966,0.06,1,1978-07-06
USGS-404554104271601,U-104 9N/63W-18BAA,40.7649817,-104.4549553,51.0,1,1979-05-15
USGS-404608104240101,U52,40.76887117,-104.4007867,0.03,1,1978-07-07
USGS-404658104084801,U28,40.78276297,-104.1471705,7.1,1,1978-06-26
USGS-404751104235001,U50,40.7974824,-104.3977315,0.11,1,1978-07-07
USGS-404753104251701,U51,40.7980377,-104.421899,7.4,1,1978-07-07
USGS-404812104185701,U46,40.8033165,-104.3163399,8.8,1,1978-07-06
USGS-404826104161401,U41,40.80720584,-104.2710606,19.0,1,1978-07-05
USGS-404902104271201,U47,40.81720418,-104.4538449,18.0,1,1978-07-06
USGS-404913104154001,U36 FM2,40.82026149,-104.261616,0.06,1,1978-06-28
USGS-404913104154901,U35 GM2,40.82026147,-104.2641161,9.0,1,1978-06-28
USGS-404918104160101,U34 PM1,40.8216503,-104.2674496,0.8,1,1978-06-28
USGS-404920104153701,U37 GM8,40.82220594,-104.2607827,1.4,1,1978-06-28
USGS-404936104142601,U29,40.82665059,-104.2410602,6.1,1,1978-06-27
USGS-404940104105901,U31,40.8277623,-104.18356,14.0,1,1978-06-27
USGS-404941104134501,U30,40.8280396,-104.2296713,0.7,1,1978-06-27
USGS-405005104242001,U44,40.83470468,-104.4060657,17.0,1,1978-07-06
USGS-405020104192301,U42,40.83887208,-104.3235629,9.4,1,1978-07-05
USGS-405029104192001,U48,40.84137209,-104.3227296,17.0,1,1978-07-07
USGS-405031104193401,U49,40.8419276,-104.3266187,5.3,1,1978-07-07
USGS-405039102485601,SB01004915BCC NAWQA 21,40.84411667,-102.8158806,40.0,1,1994-08-02
USGS-405039104160301,U40,40.8441503,-104.2680056,5.8,1,1978-07-05
USGS-405104104164301,U43,40.85109469,-104.2791172,38.0,1,1978-07-06
USGS-405159102444201,SB01004805CCC NAWQA 22,40.86635556,-102.7456944,92.0,1,1994-08-02
USGS-405212104134001,U32,40.869984,-104.228283,1.6,1,1978-06-27
USGS-405218104141501,U33,40.8716506,-104.2380054,9.7,1,1978-06-27
USGS-405250104162901,U62 DUP1,40.88053919,-104.2752287,5.5,1,1978-07-12
USGS-405310104210001,U59,40.88609417,-104.350509,10.0,1,1978-07-11
USGS-405401104175001,U62 DUP2,40.90026126,-104.2977298,4.1,1,1978-07-12
USGS-405403104213101,U60,40.90081637,-104.3591207,3.7,1,1978-07-11
USGS-405418104102001,U57,40.90498436,-104.1727276,18.0,1,1978-07-11
USGS-405452104130501,U53,40.91442848,-104.2185615,6.4,1,1978-07-11
USGS-405546104222801,U61,40.9294274,-104.374955,10.0,1,1978-07-11
USGS-405658102231201,SB01104509CCC NAWQA 23,40.94967778,-102.3866111,34.0,1,1994-08-01
USGS-405754104170601,U67,40.96498364,-104.2855083,6.2,1,1978-07-12
USGS-405801102284501,SB01104603BBC NAWQA 24,40.96642778,-102.4784611,36.0,1,1994-08-01
USGS-405802104141701,U54,40.9672061,-104.2385627,37.0,1,1978-07-11
USGS-405817104163401,U58,40.97137259,-104.2766193,7.6,1,1978-07-11
USGS-405822104073201,U56,40.97276199,-104.1260611,15.0,1,1978-07-11
USGS-405853104174201,U65,40.98137249,-104.2955089,6.1,1,1978-07-12
USGS-405921104083901,U55,40.9891507,-104.1446727,21.0,1,1978-07-11
USGS-405923104200101,U64,40.9897056,-104.3341214,18.0,1,1978-07-12
USGS-405930102155001,SB01204428CAC1  POWER PLANT,40.99165915,-102.2643519,3.3,3,1997-08-13
USGS-405948104163501,SB01206224BCC,40.99553928,-104.2768975,4.3,1,1978-07-12
USGS-410251102024201,SB01204232CDD NAWQA 25,41.04755556,-102.0448611,146.0,1,1994-06-16
USGS-410344101560901,SB01304129CCD NAWQA 26,41.06211667,-101.9359083,39.0,1,1994-06-16
USGS-410657101394501,SB01303810DCB NAWQA 27,41.1157972,-101.6629639,87.0,1,1994-06-15
USGS-410722101162901,SB01303501CAC NAWQA 28,41.12295278,-101.2744111,50.0,1,1994-06-15
USGS-410819101102801,SB01403436BCC NAWQA 29,41.13846667,-101.1745111,46.0,1,1994-06-14
USGS-410959100582401,SB01403222DBC NAWQA 30,41.1662472,-100.9735056,20.0,1,1994-06-14
USGS-410733073320701,CT-STM   41,41.12592968,-73.5348458,2.0,1,1988-06-29
USGS-410831073355301,CT-STM   43,41.1420405,-73.5976263,3.0,1,1988-07-08
USGS-411652072582801,CT-WHV  449,41.28120826,-72.9739923,0.01,1,1995-06-20
USGS-411713073312001,CT-R     69,41.2870396,-73.52179119,4.0,1,1989-08-22
USGS-411923073121701,CT-MO    66,41.3231517,-73.2042801,0.255,2,1995-05-30
USGS-412108073311801,CT-R     68,41.352317,-73.5212356,1.0,1,1989-08-17
USGS-412244072243801,CT-DR    21,41.3789877,-72.41008569,8.0,1,1988-11-15
USGS-412247072434801,CT-G    406,41.37981965,-72.72954089,0.3,1,1989-09-05
USGS-412252072242701,CT-DR    22,41.3812099,-72.40703,2.0,1,1988-11-15
USGS-412308072431901,CT-G    405,41.38565307,-72.721485,0.3,1,1989-08-29
USGS-412354072422101,CT-G    404,41.398431,-72.7053734,0.7,2,1989-08-15
USGS-412452071534301,CT-SN   178,41.41454347,-71.8947938,1.0,1,1988-08-15
USGS-412458072471401,CT-WLD  276,41.4162084,-72.786765,6.0,3,1989-07-18
USGS-412536071481401,CT-NSN   76,41.4267661,-71.8034022,2.0,1,1988-11-15
USGS-412614072584401,CT-BE   123,41.4373192,-72.978438,1.1749999999999998,2,1995-06-13
USGS-412622071490301,CT-NSN   75,41.43954376,-71.817014,4.0,1,1988-08-15
USGS-412630072401401,CT-D    126,41.4417647,-72.6700944,3.0,1,1988-10-06
USGS-412633073242801,CT-BD    21,41.44259485,-73.40734288,14.0,1,1988-06-22
USGS-412748072023601,CT-LY   312,41.4634315,-72.042854,1.9,3,1995-06-19
USGS-412846073011901,CT-NA    46,41.47954126,-73.0214954,1.4849999999999999,2,1995-05-31
USGS-412900072054001,CT-MV    98,41.48343149,-72.0939663,2.0,1,1988-08-23
USGS-412908072445201,CT-WLD  277,41.48565318,-72.7473193,2.0,3,1989-08-30
USGS-413212072343601,CT-MT   393,41.5367655,-72.57620179,8.0,3,1995-06-20
USGS-413229073251601,CT-NMI   34,41.5414834,-73.42067679,2.0,1,1988-07-19
USGS-413301072530301,CT-CS   205,41.5503754,-72.88371278,0.65,2,1989-07-25
USGS-413336073183901,CT-RX    28,41.56009539,-73.31039518,6.385,2,1995-06-13
USGS-413348072353001,CT-P    114,41.5634322,-72.5912021,13.0,1,1988-10-04
USGS-413428073255901,CT-NMI   33,41.5745389,-73.4326218,3.0,1,1988-07-19
USGS-413553072351601,CT-P    113,41.5981546,-72.5873128,13.0,1,1988-08-31
USGS-413603071500701,CT-VO   177,41.60093229,-71.8347932,2.0,1,1988-08-11
USGS-413640072200601,CT-HB    39,41.61120987,-72.33452668,2.0,1,1988-10-12
USGS-413658071593001,CT-LS    27,41.61620944,-71.9911861,2.0,1,1988-08-09
USGS-413712073093501,CT-WA     7,41.62009655,-73.1592785,5.0,1,1988-07-26
USGS-413747071533101,CT-GS    91,41.62982098,-71.8914613,17.0,1,1988-08-04
USGS-413800073270001,CT-NMI   35,41.6334277,-73.449567,2.0,1,1988-07-19
USGS-413917072033601,CT-CY   145,41.65482066,-72.0595205,2.0,1,1989-08-11
USGS-413918073030601,CT-PM    41,41.6550973,-73.05121867,0.01,1,1995-05-31
USGS-414008072343001,CT-GL   238,41.6689882,-72.5745339,34.0,1,1988-08-10
USGS-414035073262201,CT-NMI   37,41.6764834,-73.4390112,61.0,1,1988-07-22
USGS-414114072405602,CT-WF   182,41.68732189,-72.6817602,0.3,1,1989-07-10
USGS-414157073023901,CT-PM  38A,41.6992642,-73.0437183,2.0,1,1988-07-26
USGS-414452073021001,CT-HA     7,41.74787559,-73.0356623,0.4,1,1988-08-30
USGS-414534073161101,CT-LF    66,41.7595406,-73.26928299,4.0,1,1988-07-25
USGS-414535072172101,CT-CV    42,41.759821,-72.2886909,2.0,1,1988-08-16
USGS-414627072322601,CT-M    179,41.77426584,-72.54008739,1.0,1,1994-08-30
USGS-414630073021601,CT-C     36,41.97509487,-73.037329,1.0,1,1988-12-07
USGS-414711072560701,CT-BU   126,41.78648706,-72.93482498,0.305,2,1995-06-14
USGS-414741072281001,CT-BO    11,41.7948209,-72.46897379,1.0,1,1988-07-29
USGS-414745072302701,CT-M     60,41.7959321,-72.5070305,0.6,1,1954-11-04
USGS-414806072222601,CT-CV    41,41.8017651,-72.3734155,2.0,1,1988-08-25
USGS-414907072511801,CT-SI   474,41.8187095,-72.8545439,10.0,3,1989-07-17
USGS-414920072094901,CT-CP     5,41.82232024,-72.1631328,1.02,2,1995-08-24
USGS-415045072073101,CT-AF    16,41.84593116,-72.1247987,5.0,1,1988-10-20
USGS-415130072044101,CT-ED     6,41.8584311,-72.0775757,30.0,3,1995-06-22
USGS-415256073262101,CT-SR    19,41.88231567,-73.43873287,5.0,1,1988-07-13
USGS-415323072034701,CT-ED     7,41.88981976,-72.0625754,65.0,1,1988-08-24
USGS-415413072444401,CT-EG   241,41.9037088,-72.74509448,1.0,1,1988-07-05
USGS-415416072311601,CT-EW   138,41.90454195,-72.520642,3.0,3,1989-07-27
USGS-415426073183201,CT-CRN   24,41.9073164,-73.3084506,5.0,1,1988-07-21
USGS-415444072243301,CT-TO     8,41.9123194,-72.4086942,4.0,1,1988-09-08
USGS-415624073212801,CT-CN    29,41.9400935,-73.357341,3.0,1,1988-08-02
USGS-415637072010101,CT-WK   209,41.94370837,-72.0164634,62.0,1,1988-09-06
USGS-415652072010001,CT-WK   210,41.947875,-72.0161856,47.0,1,1988-09-06
USGS-415706072161301,CT-STF   25,41.9517631,-72.2698014,7.0,1,1988-10-05
USGS-415752073162101,CT-CN    30,41.96453828,-73.2720604,7.0,1,1989-08-21
USGS-415801071570701,CT-WK   207,41.9670418,-71.9514621,8.0,1,1988-09-01
USGS-415801073063501,CT-C     35,41.96703908,-73.1092763,2.0,1,1988-08-02
USGS-415817072491101,CT-GR   344,41.97148498,-72.81926389,1.0,3,1989-08-01
USGS-415957072445401,CT-SU   233,41.9992626,-72.7478716,1.0,3,1989-08-04
USGS-420056072424001,CT-SU   232,42.0156512,-72.7106481,2.0,1,1988-06-30
USGS-420100072322901,CT-EF   124,42.01676267,-72.5409203,0.7,2,1989-07-13
USGS-420100073112701,CT-NO    32,42.0167601,-73.1903901,14.0,1,1988-07-11
USGS-420142073175401,CT-NOC   36,42.028426,-73.29789349,4.0,1,1988-07-18
USGS-420143073052001,CT-C     34,42.02870475,-73.0884415,2.0,1,1988-07-28
USGS-252321080244301,G  -1266,25.38955824,-80.4117224,0.05,1,1978-02-01
USGS-252412080244501,G  -1265,25.40372438,-80.412278,0.14,1,1978-02-01
USGS-254950080171201,G  -1368,25.8309306,-80.2864394,0.48,4,1977-10-28
USGS-260202080230702,G  -2368A,26.0342567,-80.3850523,6.0,1,1997-03-12
USGS-260755080191701,"FLAMINGO PARK WELL AT SUNRISE, FL",26.13258623,-80.3203282,1.0,1,1997-02-13
USGS-260825080144402,G  -2364A,26.14064135,-80.2453263,2.0,1,1997-03-11
USGS-261714080130101,"FERN GLEN PARK WELL (G-2483) NR CORAL SPRINGS, FL",26.28758024,-80.21671389,1.0,1,1996-12-10
USGS-262521081161901,C  - 131,26.4225779,-81.2717404,0.5,1,1965-03-10
USGS-262808081294201,"LUC-26 NR IMMOKALEE, FL",26.46913268,-81.4949395,1.55,1,1998-04-13
USGS-264401081313101,"LUC-25 WELL NR FT. DENAUD, FL",26.73387249,-81.5249667,42.2,1,1998-04-16
USGS-270406082220101,PLANTATION DITW NEAR VENCE FL,27.0686676,-82.36676149,80000.0,1,1985-04-04
USGS-270601082261402,WP RIVER WATER CITY OF VENICE FL,27.10061086,-82.43704069,0.12,1,1979-08-22
USGS-270711082260201,BAY LAKES ESTATES FL,27.1200545,-82.4337072,0.02,1,1976-07-20
USGS-270737082271501,PALM PINES TRAILER PARK FL,27.12727649,-82.4539854,0.01,1,1976-07-19
USGS-270739082273601,FAIR WINDS COND. FL,27.12783203,-82.4598188,0.02,1,1976-07-19
USGS-270742082124601,MACARTHUR WELL 18-33 NEAR SARASOTA FL,27.1286649,-82.2125909,1.6,1,1982-11-24
USGS-270744082194901,MACARTHUR WELL 3-32 NEAR SARASOTA FL,27.12922067,-82.3300936,4.5,1,1982-07-07
USGS-270748082184401,MACARTHUR WELL 7-33 NEAR SARASOTA FL,27.1303317,-82.3120376,1.5,1,1982-07-07
USGS-270748082265001,ROYAL COACHMAN TRAVEL TRAILER PK NEAR SARASOTA FL,27.1303319,-82.4470407,0.02,1,1976-07-20
USGS-270751082203801,MACARTHUR WELL 3-31 NEAR SARASOTA FL,27.13116506,-82.34370498,2.6,1,1982-07-07
USGS-270752082144401,MACARTHUR WELL 15-31 NEAR SARASOTA FL,27.13144267,-82.2453694,0.6,1,1982-11-24
USGS-270752082154401,MACARTHUR WELL 11-36 NEAR SARASOTA FL,27.1314427,-82.2620364,1.8,1,1982-07-08
USGS-270807082164701,MACARTHUR WELL 11-35 NEAR SARASOTA FL,27.1356092,-82.2795368,2.1,1,1982-07-08
USGS-270807082173301,MACARTHUR WELL 7-27 NEAR SARASOTA FL,27.13560924,-82.2923149,2.4,2,1982-07-08
USGS-270808082270501,ROMP TR5-1 CORE WELL AT LAUREL FL,27.13588725,-82.4512075,2.7,8,1981-09-15
USGS-270831082272601,SPANISH LAKES MOBIL HOME PARK FL,27.1422759,-82.4570409,0.01,1,1976-07-19
USGS-270832082183801,MACARTHUR WELL 7-28 NEAR SARASOTA FL,27.14255343,-82.31037079,1.2,1,1982-07-07
USGS-270838082194301,MACARTHUR WELL 3-29 NEAR SARASOTA FL,27.14422006,-82.3284268,0.7,1,1982-07-07
USGS-270839082152901,MACARTHUR WELL 11-25 NEAR SARASOTA FL,27.1444977,-82.2578695,0.6,1,1982-07-08
USGS-270839082203701,MACARTHUR WELL 3-30 NEAR SARASOTA FL,27.14449785,-82.3434271,1.1,1,1982-07-07
USGS-270842082163901,MACARTHUR WELL 11-26 NEAR SARASOTA FL,27.14533105,-82.2773144,1.5,1,1982-07-08
USGS-270842082252701,KINGS GATE TRAILER PARK FL,27.14533128,-82.4239846,0.07,1,1976-07-20
USGS-270917082264701,MISSION VALLEY GOLF COURSE A NEAR LAUREL FL,27.15505315,-82.4462073,0.2,1,1976-07-20
USGS-270920082264401,MISSION VALLEY GOLF COURSE B NEAR LAUREL FL,27.15588645,-82.4453739,0.04,1,1976-07-20
USGS-270926082144201,MACARTHUR WELL 14-19 NEAR SARASOTA FL,27.1575527,-82.24481359,0.6,1,1982-07-19
USGS-270932082124601,MACARTHUR WELL 17-21 NEAR SARASOTA FL,27.1592192,-82.2125907,0.9,1,1982-08-26
USGS-270932082195201,MABRY CARLTON 26 NRSD WELL NEAR SARASOTA FL,27.15921946,-82.3309267,0.7,1,1982-07-06
USGS-270933082203601,MABRY CARLTON 27 NRSD WELL NEAR SARASOTA FL,27.15949724,-82.3431492,1.5,1,1982-07-06
USGS-270934082154101,MACARTHUR WELL 10-24 NEAR SARASOTA FL,27.15977487,-82.2612028,1.2,1,1982-07-19
USGS-270934082174401,MACARTHUR WELL 6-22 NEAR SARASOTA FL,27.15977493,-82.2953703,3.0,1,1982-06-30
USGS-270936082183801,MACARTHUR WELL 6-21 NEAR SARASOTA FL,27.16033049,-82.3103707,0.6,1,1982-06-30
USGS-270959082203003,ROMP 19 WS WELL NEAR SARASOTA FL,27.16671917,-82.3414825,1.9,1,1982-02-18
USGS-271018082134601,MACARTHUR WELL 14-17 NEAR SARASOTA FL,27.1719965,-82.2292576,2.1,1,1983-02-01
USGS-271019082124701,MACARTHUR WELL 17-16 NEAR SARASOTA FL,27.17227425,-82.21286839,0.8,1,1982-08-26
USGS-271021082151601,ROMP 19X ELAM SUWANNEE WELL NEAR SARASOTA FL,27.17282989,-82.2542581,5.1,1,1980-07-23
USGS-271021082163901,MACARTHUR WELL 10-14 NEAR SARASOTA FL,27.1728299,-82.2773142,2.1,1,1982-07-19
USGS-271023082193701,MACARTHUR WELL 2-17 NEAR SARASOTA FL,27.17338554,-82.3267599,0.8,1,1982-07-06
USGS-271024082154101,MACARTHUR WELL 10-13 NEAR SARASOTA FL,27.1736632,-82.2612027,2.1,1,1982-07-19
USGS-271025082144401,MACARTHUR WELL 14-18 NEAR SARASOTA FL,27.17394093,-82.245369,2.9,1,1982-07-19
USGS-271026082204001,MACARTHUR WELL 2-18 NEAR SARASOTA FL,27.17421887,-82.3442603,13.0,1,1982-07-06
USGS-271035082185001,MACARTHUR WELL 6-16 NEAR SARASOTA FL,27.1767187,-82.313704,7.6,1,1982-07-06
USGS-271117082134701,MACARTHUR WELL 13-8 NEAR SARASOTA FL,27.18838475,-82.2295353,0.7,1,1982-07-12
USGS-271121082173501,MACARTHUR WELL 5-10 NEAR SARASOTA FL,27.18949594,-82.29287,0.9,1,1982-06-29
USGS-271152082123701,MACARTHUR WELL 16-4 NEAR SARASOTA FL,27.1981065,-82.2100904,3.7,1,1982-07-12
USGS-271207082154301,MABRY CARLTON NRSD WELL 46 NEAR SARASOTA FL,27.2033842,-82.261758,1.0,1,1982-06-30
USGS-271208082164201,MACARTHUR WELL 9-2 NEAR SARASOTA FL,27.20255094,-82.2781474,0.6,1,1982-06-29
USGS-271212082173501,MACARTHUR WELL 5-3 NEAR SARASOTA FL,27.20366203,-82.2928699,1.8,1,1982-06-29
USGS-271253081502901,ARCADIA WATER SUPPLY UNTREATED FL,27.21504924,-81.8411938,0.01,1,1979-08-23
USGS-271301082163801,MACARTHUR WELL 8-35 NEAR SARASOTA FL,27.21727256,-82.2770361,1.3,1,1982-06-30
USGS-271303082173401,MACARTHUR WELL 4-34 NEAR SARASOTA FL,27.2178281,-82.292592,1.5,1,1982-06-29
USGS-271507082180801,GEOLOGY CORE HOLE SARASOTA 3 FL,27.25227119,-82.30203649,1.3,3,1976-03-05
USGS-272119082324801,CITY SARASOTA PANAMA DR WELL AT SARASOTA FL,27.35560048,-82.5464863,0.5,1,1982-08-31
USGS-272120082322701,CITY SARASOTA 21 AND RAILROAD AT SARASOTA FL,27.35587829,-82.5406528,0.4,1,1982-08-30
USGS-272122082330801,CITY SARASOTA 22ND ST AND THE BAY FL,27.35643373,-82.5520419,0.5,1,1982-08-30
USGS-272129082330202,CITY SARASOTA HICKORY AVE WELL AT SARASOTA FL,27.35883333,-82.5506944,0.9,1,1982-08-30
USGS-272213082154901,VERNA PRODUCTION WELL 38 NEAR SARASOTA FL,27.3705999,-82.2634244,0.05,1,1975-03-03
USGS-272233082152701,VERNA PRODUCTION WELL 31 NEAR SARASOTA FL,27.37615524,-82.2573131,0.08,1,1976-07-14
USGS-272248082175301,VERNA PRODUCTION WELL 14 NEAR SARASOTA FL,27.3803218,-82.2978696,0.01,1,1976-07-13
USGS-272256082163501,VERNA PRODUCTION WELL 27 NEAR SARASOTA FL,27.3825439,-82.2762024,0.02,1,1976-07-14
USGS-272256082180201,CITY SARASOTA AUGAR 12EAST NEAR SARASOTA FL,27.38254394,-82.3003696,0.03,1,1975-03-21
USGS-272317082302401,COOUNTY LINE TEST WELL 1 NEAR SARASOTA FL,27.38837726,-82.5064853,3.9499999999999997,4,1982-07-09
USGS-272920081260300,7291260134S39E29 SEBRING NO 4 FL,27.4892033,-81.4339624,0.13,1,1979-08-27
USGS-273249081480501,WAUCHULA WATER SUPPLY NO 431 UNTREATED WAUCHULA FL,27.54725897,-81.8011935,0.01,1,1979-08-24
USGS-274236082060801,BREWSTER PHOSPHATE WELL 2 NEAR DUETTE FL,27.71030928,-82.1020322,0.28500000000000003,2,1980-09-05
USGS-274242082051701,BORDEN WELL 1 NEAR DUETTE FL,27.71197593,-82.0878652,0.18,1,1980-08-29
USGS-274302082061001,BREWSTER PHOSPHATES WELL 1 NEAR DUETTE FL,27.71753125,-82.1025877,0.155,2,1980-09-04
USGS-274318082202801,SUN CITY 1 NEAR WIMAUMA FL,27.7219747,-82.3409255,0.02,1,1979-08-30
USGS-274334082095701,BREWSTER PHOSPHATES WELL 7 NEAR FORT LONESOME FL,27.7264196,-82.16564439,1.2,1,1980-09-03
USGS-274401081434401,ESTECH GENERAL WELL 5 NEAR BEREAH FL,27.7339197,-81.7286922,5.1,1,1980-08-20
USGS-274428082054301,BORDEN WELL 8 NEAR DUETTE FL,27.7414193,-82.0950876,0.195,2,1980-08-29
USGS-274506081485101,MOBILE CHEMICAL WELL 1 NEAR FORT MEADE FL,27.75197486,-81.81397159,1.3,1,1980-08-19
USGS-274517082032901,MM6 SHALLOW WELL AT TXECT C NEAR FORT LONESOME FL,27.75503013,-82.0578646,0.9450000000000001,2,1983-09-23
USGS-274520082035101,MM2 SHALLOW WELL AT TXECT A NEAR FORT LONESOME FL,27.7558634,-82.0639758,2.285,2,1983-09-23
USGS-274546081531201,ESTECH GENERAL WELL 2 NEAR BRADLEY JUNCTION FL,27.76308564,-81.8864727,1.4,1,1980-08-20
USGS-274626082033401,BORDEN WELL 16 NEAR KEYSVILLE FL,27.7741962,-82.0592534,0.5,1,1980-08-28
USGS-274745082033401,INTER MINE CHEMICAL WELL 1 NEAR KEYSVILLE FL,27.79613996,-82.0592532,0.5,1,1980-08-26
USGS-274920082001801,INTER MINE CHEMICAL WELL 38 NEAR KEYSVILLE FL,27.82252828,-82.0048074,0.7,1,1980-08-25
USGS-275007081544601,INTER MINE CHEMICAL WELL 3 NR BRADLEY JUNCTION FL,27.83558338,-81.9125835,1.6,1,1980-08-21
USGS-275203082023601,MOBILE CHEMICAL WELL 6 NEAR KEYSVILLE FL,27.86780449,-82.0431412,11.0,1,1980-08-19
USGS-275307081501401,CITY OF BARTOW 5 NEAR BARTOW FL,27.88558173,-81.8370263,0.4,1,1974-05-17
USGS-280215082280001,ROMP 66 NEAR SULPHUR SPRINGS FL,28.03640706,-82.4673168,3.0,3,1995-02-08
USGS-280235082313501,FAIRFIELD VILLAGE ID057VS094,28.04501764,-82.5295405,0.14,1,1995-02-09
USGS-280235082313502,FAIRFIELD VILLAGE ID057VF095 FL,28.04501764,-82.5295405,0.12,1,1995-02-09
USGS-280254082232701,TEMPLE TERRACE CITY WELL 7 NEAR TEMPLE TERRACE FL,28.04862909,-82.39064839,0.38,1,1979-08-30
USGS-280305082300501,CARROLLWOOD ELEMENTARY ID-057VS098,28.05168406,-82.5012065,0.11,1,1995-02-01
USGS-280305082300502,CARROLLWOOD ELEMENTARY ID-057VF099,28.05168406,-82.5012065,0.755,2,1995-02-01
USGS-280310082291001,ROY HAYNE PARK NR SULPHUR SPGS FL NRSD,28.06251698,-82.4931507,0.11,1,1995-02-01
USGS-280310082291002,ROY HAYNE PARK NR SULPHUR SPGS FL FLRD,28.06251698,-82.4931507,0.17,1,1995-02-01
USGS-280341082325701,WCRWSA AGWQMP ID-057VS10 FL,28.06168364,-82.5489854,0.22,1,1995-02-08
USGS-280341082325702,WCRWSA AGWQMP ID-057VF108 ROMP-801,28.06168364,-82.5489854,0.19,1,1995-02-08
USGS-280437082303001,WCRWSA AGWQMP ID-057VS109 FL,28.07307209,-82.5092622,0.18,1,1995-02-07
USGS-280437082303002,WCRWSA AGWQMP ID-057VF110 ROMP-70,28.07307209,-82.5092622,0.27,1,1995-02-07
USGS-280500082313502,WEST VILLAGE AGWQMP ID-057VS104 FL,28.07473869,-82.53148498,0.26,1,1995-02-02
USGS-280550082312201,CLAYWELL ELEM. AGWQMP ID-057VS091 FL,28.09751556,-82.5225959,0.14,1,1995-02-02
USGS-280550082312202,CLAYWELL ELEM AGWQMP ID-057VF092 FL,28.09751556,-82.5225959,0.12,1,1995-02-02
USGS-280614082314901,HILLSBOROUGH CO WATER UTIL ID057VS114 DESTROYED,28.10418197,-82.53009609,2.0,3,1995-02-03
USGS-280614082314902,HILLSBOROUGH CO WATER UTIL AGWQMP ID-057VF115 FL,28.10418197,-82.53009609,0.11,1,1995-02-03
USGS-280707082221501,MORRIS BRIDGE WATER PLANT UNTREATED FL,28.1189034,-82.370647,0.05,1,1979-09-05
USGS-291123082075402,VISA MONITORING WELL  M-0212,29.18997638,-82.1314808,0.28,1,1995-01-18
USGS-291239082082702,"MAGNOLIA AVE.WELL AT OCALA,FLA",29.21108696,-82.140648,0.28,1,1995-01-20
USGS-293554081342602,SAN MATEO TOWERSITE SHALLOW,29.59858135,-81.5736895,0.18,1,1993-10-19
USGS-295948082575801,W-17258,29.9968945,-82.9659624,18.0,2,1995-07-25
USGS-300010082580601,W-17259,30.00300558,-82.9631846,1.0,1,1995-07-24
USGS-300014082571301,W-17260,30.0041169,-82.9534621,2.0,1,1995-07-26
USGS-300014082571302,W-17261,30.0041169,-82.9534621,1.0,1,1995-07-26
USGS-300025082574201,W-17262,30.00772779,-82.9617957,26.0,1,1995-07-26
USGS-300103082570701,W-17270,30.0177279,-82.9517954,2.0,1,1995-07-27
USGS-300116082585701,W-17264,30.02161608,-82.98179619,1.0,1,1995-07-28
USGS-300116082585702,W-17266,30.02161608,-82.98179619,19.0,1,1995-07-28
USGS-300143082565901,W-17267,30.02967237,-82.9451287,4.0,1,1995-07-27
USGS-300143082565902,W-17268,30.02967237,-82.9451287,48.0,1,1995-07-27
USGS-300143082565903,ROBERTS-4  W-17269,30.02967237,-82.9451287,4.0,1,1995-07-27
USGS-301307082355001,ONF NO10 FLORIDAN WELL,30.21884227,-82.59706728,0.7,1,1976-11-09
USGS-301933082350501,ONF NO2 FLORIDAN WELL,30.32606093,-82.5845684,0.2,1,1976-11-11
USGS-301933082350502,ONF NO2 WATER TABLE WELL,30.32606093,-82.5845684,0.2,1,1976-11-11
USGS-301933082350506,ONF SITE NO2 OBSERVATION WELL NO6 HAWTHORN B,30.32606093,-82.5845684,0.3,1,1976-11-12
USGS-301933082350518,ONF SITE NO2 OBSERVATION WELL NO18 HAWTHORN A,30.32606093,-82.5845684,0.06,1,1976-11-12
USGS-301933082350519,ONF SITE NO2 OBSERVATION WELL NO19 SURFICIAL SAND,30.32606093,-82.5845684,0.2,1,1976-11-12
USGS-301945082292202,ONF NO4 HAWTHORN WELL,30.3293954,-82.48928868,0.05,1,1976-11-15
USGS-302052082312401,ONF NO3 FLORIDAN WELL,30.34800529,-82.5231785,0.27,3,1981-08-25
USGS-302052082312402,ONF NO3 HAWTHORN WELL,30.34800529,-82.5231785,0.18,4,1981-08-25
USGS-302115082232201,SRWMD B-2,30.35439665,-82.3892865,0.05,1,1976-11-16
USGS-302115082232202,BS-24,30.35439665,-82.3892865,0.04,1,1976-11-16
USGS-302127082475801,HILWARD MORGAN WELL NR. FACIL FL,30.35772375,-82.7992954,2.0,1,1978-08-31
USGS-302243082360201,ONF NO1X FLORIDAN WELL,30.37883647,-82.6004027,0.5,1,1976-11-14
USGS-302251082194901,"B-25 ONF NO.6 FLORIDAN WELL NEAR TAYLOR,FL.",30.381064,-82.33011859,0.08,1,1976-11-16
USGS-302251082194902,"B-26 ONF NO.6 HAWTHORNE WELL NEAR TAYLOR,FL.",30.381064,-82.33011859,0.07,1,1981-08-25
USGS-304346084073501,12D034,30.72963959,-84.1262851,0.12,1,1993-08-23
USGS-304635081454201,31E013,30.77662273,-81.7614958,0.23,1,1993-09-09
USGS-304802083311401,17E033,30.80075237,-83.520436,0.33,1,1993-07-29
USGS-304808083120201,20E034,30.80242719,-83.2004263,0.1,1,1993-08-24
USGS-305452084222501,11F085,30.91463366,-84.3735186,0.16,1,1993-07-19
USGS-310709082573601,22G001,31.11937208,-82.9598672,0.13,1,1993-08-25
USGS-310807083204701,19H028,31.13519444,-83.3459909,0.735,2,1993-07-28
USGS-312003083314401,17J022,31.33435247,-83.5287759,0.14,1,1994-04-04
USGS-312012082345801,25J001,31.33687426,-82.582639,0.12,1,1993-08-26
USGS-312020082265501,26J001,31.33910028,-82.4484677,0.13,1,1993-08-31
USGS-312558083135601,20K006,31.43297224,-83.2320992,0.2,1,1993-07-26
USGS-313122083110901,20L006,31.52297083,-83.1857089,0.11,1,1994-04-06
USGS-313209083464801,15L030,31.53601359,-83.77989659,0.2,1,1994-03-28
USGS-313324083450601,15L031,31.5568472,-83.75156209,0.18,1,1994-04-01
USGS-313354083000301,21L004,31.56519325,-83.0007032,0.69,2,1993-07-27
USGS-313458083451901,15L029,31.582958,-83.7551731,0.15,1,1993-07-20
USGS-313549083362501,17L025,31.59712645,-83.606834,0.36,1,1993-07-21
USGS-313822083311901,17M010,31.63962685,-83.5218306,0.17,1,1994-04-05
USGS-313832083125501,20M009,31.64241094,-83.2151537,0.24,1,1994-04-06
USGS-313841083155401,19M004,31.64491027,-83.2648774,0.09,1,1994-04-07
USGS-313917081550001,30M015,31.65493473,-81.9165041,0.14,1,1993-09-01
USGS-313950083425401,16M015,31.66406885,-83.7148932,0.12,1,1994-04-05
USGS-314037082121501,28M007,31.67714889,-82.2040122,0.14,1,1993-08-30
USGS-314123083391301,16M016,31.6899025,-83.65350189,0.12,1,1994-04-05
USGS-314315083224601,18M004,31.72101687,-83.3793254,0.17,1,1994-04-20
USGS-314421083281601,18M003,31.7393482,-83.470995,0.16,1,1994-03-29
USGS-314847083360301,17N002,31.81323429,-83.6007222,0.21,1,1994-03-29
USGS-315043083401901,16N006,31.84545527,-83.6718355,0.23,1,1994-03-31
USGS-315059083350901,17N003,31.8499003,-83.5857219,0.19,1,1994-03-31
USGS-315241083250901,18P003,31.87823484,-83.41905,0.18,1,1993-08-05
USGS-315747083312901,17P005,31.96323178,-83.5246102,0.11,1,1994-03-30
USGS-315813082135601,28P003,31.9704752,-82.23206709,0.13,1,1993-08-09
USGS-321256082595601,22R002,32.21572835,-82.9987566,0.21,1,1993-08-04
USGS-321455081402901,32R008,32.24880524,-81.674556,0.12,1,1993-08-11
USGS-322432081334401,33T006,32.40907448,-81.5620535,0.14,1,1993-08-11
USGS-322513082051401,29T012,32.42044944,-82.0870647,0.1,1,1993-08-17
USGS-322547082362501,25T006,32.42989328,-82.6068001,0.1,1,1993-08-19
USGS-323822081414201,32V040,32.63961475,-81.6948324,0.11,1,1993-08-12
USGS-324634082513201,23W011,32.77627,-82.8587521,0.1,1,1993-08-03
USGS-325208081491401,31W026,32.86904963,-81.8203911,0.13,1,1993-08-13
USGS-325438081563801,30X012,32.91071384,-81.9434492,0.12,1,1993-08-17
USGS-325738082202801,27X005,32.9607083,-82.3409586,0.12,1,1993-08-18
USGS-334626083492401,15EE14,33.77400087,-83.8232353,0.8,1,1998-06-01
USGS-402940091222301,066N04W19CCD  25918 1980,40.4944877,-91.3732079,1.1,1,1980-07-30
USGS-403839091333801,068N06W33CBBA 21320 1969Donnellson 4,40.6455929,-91.562936,0.9,1,1980-08-05
USGS-404617093053101,069N20W12DDAA,40.77139697,-93.0921498,7.2,1,1979-08-17
USGS-404712093055101,069N19W18CDBB,40.7866743,-93.0977054,6.4,1,1979-08-17
USGS-404939092251801,070N14W36BABA,40.8275195,-92.421852,5.9,1,1979-08-16
USGS-405320092484501,070N17W04BACD,40.88890008,-92.8126961,1.9,1,1979-08-17
USGS-405750092142001,071N12W09DADC 11418 1960Cardinal Commun School 1,40.9611289,-92.2379587,1.2,1,1981-06-09
USGS-405935092492201,072N17W33CAAB,40.9930638,-92.8229739,6.2,1,1979-08-24
USGS-410115091571801,072N10W24BCD            Fairfield,41.02085325,-91.9551726,1.3,1,1981-06-09
USGS-410531093153001,073N21W27DBD            Williamson,41.09194304,-93.2585417,0.1,1,1979-08-22
USGS-410626092561801,073N18W21DCB,41.1072259,-92.9385333,0.11,1,1979-08-23
USGS-410830092295001,073N14W08BDD,41.1416785,-92.4974103,3.0,1,1979-08-22
USGS-411258092534001,074N18W14ABB,41.21611359,-92.8946439,7.0,1,1979-08-24
USGS-411258093041601,074N19W17BAA,41.2161103,-93.071315,1.8,1,1979-08-20
USGS-411351092382401,074N16W12AAA,41.230841,-92.6401928,11.0,1,1979-08-21
USGS-411726092463401,075N17W14DDB,41.29055895,-92.7763074,1.3,1,1979-08-21
USGS-412106093092801,076N16W25CCC            Oskaloosa,41.351671,-92.65797,2.7,1,1979-08-21
USGS-415021094072801,081N28W08DAD  21729 1954,41.8391519,-94.1246804,0.7,1,1981-09-02
USGS-420718091165401,084N04W02BABC 21773 1969Anamosa 4,42.1202812,-91.280992,1.6,1,1980-07-23
USGS-421008092181001,085N13W13DDB  23326 1974Dysart 3,42.16943686,-92.3018532,1.1,1,1980-06-23
USGS-421831095152101,087N38W34BADD 23923 1976Odebolt 8,42.3085958,-95.2561057,0.6,1,1980-09-04
USGS-422136094173401,087N30W12CABD 25484 1979Callender 2,42.35997414,-94.2930215,1.1,1,1980-09-05
USGS-422339094375101,088N33W36ADAA 22007 1970Rockwell City 4,42.39636864,-94.6327559,1.2,1,1980-09-02
USGS-422611092552501,088N18W14BCBC 10984 1960Wellsburg 1,42.4352591,-92.9243663,0.7,1,1980-09-02
USGS-422855093481501,089N25W33BDAA 25409 1979Webster City 6,42.48191837,-93.8043867,1.2,1,1980-09-02
USGS-423141090385801,089N03E07DCC  00974 1939Dubuque 7,42.52805715,-90.6495719,0.8,1,1981-08-26
USGS-423618095194501,090N38W16DDDD 25526 1979IGS CRET Proj D-25,42.60498216,-95.3294433,1.3,1,1980-09-04
USGS-423819091115101,090N03W04ACCA       1946Colesburg 1,42.63860229,-91.1976336,1.1,1,1981-08-26
USGS-423840095135001,090N37W05ADAA 10125 1959Storm Lake 4,42.644425,-95.2308297,0.7,1,1980-09-04
USGS-424348095231602,091N39W01ADAD 25529 1979IGS & USGS D-29,42.7299815,-95.3880577,6.1,1,1980-09-04
USGS-424820091324001,092N06W03CCDA 08168 1957Volga 1,42.8060947,-91.5429228,4.9,1,1980-06-09
USGS-425049092063801,093N11W26ABBB 16033 1963Sumner 4,42.8460912,-92.1076748,0.5,1,1980-06-11
USGS-425550091233001,094N05W26ADDC 05197 1952Saint Olaf 1,42.9297068,-91.3915266,0.4,1,1980-06-09
USGS-425713091373101,094N07W13CBCC 13991 1962Elgin 3,42.9535923,-91.6254284,2.4,1,1980-06-10
USGS-430330091264301,095N05W09CBCB 09689 1958Luana 1,43.06192635,-91.449029,1.4,1,1980-06-24
USGS-430337092190701,095N13W12ABDD 15936 1964New Hampton 5,43.06358547,-92.3232324,0.4,1,1980-06-25
USGS-431216091572001,097N09W19CADA 11755 1960Spillville 2,43.2024718,-91.9546079,0.8,1,1980-06-23
USGS-431620095250201,098N39W26CDAC 25898 1980,43.27219175,-95.4175054,3.7,1,1980-09-03
USGS-431620095250511,098N39W26CDAD 25898 1980IGS & USGS D-38 (Shallow),43.2716362,-95.4172276,1.6,1,1980-09-03
USGS-431638091284102,098N05W30ACCD 45892 1936,43.2771984,-91.478195,0.5,1,1980-06-24
USGS-432202091133001,099N03W29BACC 24826 1977Lansing 2,43.36727778,-91.2263333,0.5,1,1980-06-10
USGS-432300094184201,099N29W19AABD 02217 1945Swea City 1,43.3846808,-94.3077456,0.6,1,1980-06-25
USGS-432412094503301,099N34W10DBDD 10262 1958Estherville 8,43.4032922,-94.8427644,2.6,1,1981-09-09
USGS-13091500,BLUE LAKES OUTLET NR TWIN FALLS ID  MV 15,42.6082432,-114.4769834,4.1,1,1989-08-18
USGS-13093396,"CRYSTAL SPS OUTLET 11 NR BUHL ID,09S 15E 12X,MV 18",42.6607391,-114.648102,4.1,1,1989-08-18
USGS-13095200,BRIGGS CREEK NR BUHL ID,42.67212595,-114.8175533,3.8,1,1989-08-18
USGS-13095500,BOX CANYON SPRINGS NR WENDELL ID,42.7075,-114.8102778,1.9,2,1992-07-27
USGS-13132600,SAND SP CR BL PNDS NR HAGRMN 08S 14E 17DDC1S MV 16,42.7265696,-114.834221,2.3,1,1989-08-18
USGS-420658113541400,15S 22E 17CDB1S,42.1160248,-113.9047364,2.7,1,1956-09-03
USGS-421136114051000,14S 20E 23BCA1S,42.19324635,-114.0869642,0.2,1,1956-09-01
USGS-421250113591800,14S 21E 15BBB1S,42.21380134,-113.9891837,2.0,1,1956-09-01
USGS-421310114050000,14S 18E 09ADC1S,42.21935719,-114.0841866,0.3,1,1956-09-01
USGS-421445115223401,13S 09E 35CDC1,42.24573889,-115.3770167,0.6,2,1962-08-22
USGS-421733113174001,13S 27E 16ADD1,42.29241389,-113.2952778,1.4,1,1957-08-27
USGS-421848114154200,13S 19E 08CBC1S,42.313247,-114.2625271,0.1,1,1956-09-04
USGS-422402111565801,12N 38E 02BDB1,44.4004722,-111.9502556,0.3,1,1957-08-28
USGS-422449115330501,12S 08E 06ADA1,42.41351389,-115.5523028,5.1,1,1963-09-01
USGS-422457113233501,11S 26E 35CCC1,42.41574444,-113.3938917,6.2,1,1957-08-26
USGS-422633115343101,11S 07E 25ACA1,42.44240278,-115.5761917,1.5,1,1963-07-13
USGS-422837114282501,11S 17E 09CDC1,42.47685556,-114.4744806,45.0,1,1956-08-31
USGS-423105116535400,10S 05W 26CCD1S,42.51793815,-116.8992972,0.3,1,1956-06-19
USGS-423402115004301,10S 12E 11DCA1,42.567125,-115.012836,1.8,1,1962-08-22
USGS-423431114085501,10S 20E 07AAA2               MV-13,42.57518889,-114.149475,4.0,2,1992-06-23
USGS-423434114085301,10S 20E 07AAA1               MV 52,42.5760222,-114.1489194,4.25,2,1991-08-14
USGS-423435116270800,10S 01W 09AAA1S,42.57627786,-116.4531701,0.1,1,1956-06-20
USGS-423557112525701,09S 31E 31BCA1,42.59908056,-112.8833278,0.1,1,1957-08-26
USGS-423606114123201,09S 19E 35BCB1,42.60157778,-114.2097556,2.7,1,1956-11-29
USGS-423708113402802,09S 24E 29ABB3,42.6188,-113.6752889,0.1,2,1957-11-27
USGS-423856114005601,09S 21E 17ABA1               MV-54,42.6488,-114.0164167,3.95,2,1991-08-14
USGS-423935114263701,09S 17E 10ADD1               MV-30,42.66041667,-114.4447778,2.62,2,1990-08-17
USGS-423945114110301,09S 19E 12BAA1               MV-25,42.66324444,-114.1811444,5.15,2,1990-08-16
USGS-423951114104501,09S 19E 01DCD1               MV-12,42.66407778,-114.1800333,3.1,2,1991-08-14
USGS-423958114343401,09S 16E 10BBB1               MV-32,42.66601944,-114.5769889,4.7,2,1991-08-15
USGS-423958114343801,09S 16E 09AAA1               MV-43,42.66601944,-114.5781,4.7,3,1990-08-15
USGS-424021113590001,09S 21E 03CBA1               MV-11,42.67046667,-113.9864167,4.15,2,1990-08-14
USGS-424035114192801,09S 18E 02BBC1               MV-50,42.6762972,-114.3253139,2.9000000000000004,2,1992-09-15
USGS-424037113423201,09S 23E 01ABA1               MV-23,42.67685278,-113.709736,2.45,2,1990-08-13
USGS-424043113420001,08S 24E 31CDC1               MV-6,42.67851944,-113.7008472,2.55,2,1992-07-28
USGS-424118114435501,08S 15E 32CBB1               MV-14,42.68825,-114.7329722,2.95,2,1990-08-16
USGS-424125113555501,08S 21E 36ADA1               MV-53,42.69018889,-113.9328028,3.75,2,1992-07-28
USGS-424147114480101,08S 14E 27DCC1               MV-55,42.69629444,-114.8011667,2.2,2,1992-07-30
USGS-424147114481501,08S 14E 27CDC1               MV-56,42.69629444,-114.8050556,2.05,2,1991-08-16
USGS-424151113554601,08S 22E 30CBC1               MV-10,42.6974111,-113.9303028,2.9000000000000004,2,1991-08-12
USGS-424157113394901,08S 24E 28CBA1               RUPERT - 5,42.699075,-113.6644583,3.1,2,1989-05-02
USGS-424219114263801,08S 17E 27ADA1               MV-27,42.7051861,-114.4447639,3.1500000000000004,2,1992-07-27
USGS-424220113362801,08S 24E 25BBB1               RUPERT - 14,42.70544444,-113.6087556,4.4,1,1989-05-03
USGS-424224113484301,08S 23E 19CCC1               MV-24,42.706575,-113.8127972,3.4,1,1991-08-12
USGS-424228113365601,08S 24E 23DCC1               RUPERT - 4,42.7076861,-113.6164,3.7,1,1989-05-01
USGS-424237113483801,08S 23E 19DBC1               MV-9,42.70835278,-113.8132139,4.9,2,1990-08-14
USGS-424301114364001,08S 16E 20CBA1               MV-31,42.71685,-114.6119917,3.8,3,1992-06-23
USGS-424310113184301,08S 27E 16CCD1,42.71935556,-113.3127806,1.1,1,1957-05-08
USGS-424313113343501,08S 25E 19ABB1               MV-1 RUPERT-8,42.7204722,-113.5773889,2.2,3,1990-08-13
USGS-424313113391201,08S 24E 21ABA1               RUPERT - 6,42.7201861,-113.6541778,3.3,1,1989-05-02
USGS-424321114303001,08S 17E 19BAA1,42.7224083,-114.509211,2.25,2,1957-11-20
USGS-424322113342901,08S 25E 18DCD1-DESTROYED     MV-2 RUPERT-15,42.7226861,-113.5755639,1.9,3,1991-08-12
USGS-424322113371501,08S 24E 14CDC1               RUPERT - 7,42.7226861,-113.6216778,1.4,1,1989-05-02
USGS-424324114123801,08S 19E 15DDD1-DESTROYED,42.72288056,-114.21095,3.4,2,1957-11-20
USGS-424337113331401,08S 25E 17AAB1               RUPERT - 9,42.72685278,-113.5547306,2.6,1,1989-05-02
USGS-424344111330801,08S 42E 16DBB1,42.7288111,-111.5530056,0.56,1,1974-12-13
USGS-424345111313500,08S 42E 15ADD1,42.72908889,-111.5271694,3.2,1,1974-12-13
USGS-424359114240901,08S 18E 18BBC1               MV-26,42.73296389,-114.4033722,2.1500000000000004,2,1991-08-16
USGS-424402111323801,08S 42E 15BBC2,42.7338111,-111.5446694,0.25,1,1974-12-13
USGS-424407113354501,08S 24E 13ABB1               RUPERT - 12,42.7351861,-113.596675,2.7,1,1989-05-03
USGS-424427111334701,08S 42E 09CBB1,42.74075556,-111.5638389,1.4,1,1975-03-25
USGS-424435113384501,08S 24E 10BCC1               RUPERT - 11,42.74296389,-113.6466778,2.7,1,1989-05-03
USGS-424448113332501,08S 25E 08ABA1               RUPERT - 13,42.74974167,-113.5574972,3.0,1,1989-05-03
USGS-424451113371501,08S 24E 11BAC2               RUPERT - 10,42.7474083,-113.6216778,2.4,1,1989-05-02
USGS-424518113282001,08S 25E 01CBB1,42.7549083,-113.473061,1.6,1,1957-11-27
USGS-424518113282002,08S 25E 01CBB3,42.7549083,-113.473061,1.1,1,1956-11-01
USGS-424537113470101,08S 23E 05ADA1               MV-5,42.7601861,-113.7844639,3.65,2,1992-07-30
USGS-424550114432701,08S 15E 05BDA1               MV-42,42.76379444,-114.7250528,2.5,2,1991-08-13
USGS-424608114391301,07S 15E 36CCC1               MV-20,42.76851667,-114.6544944,2.2,1,1989-08-19
USGS-424643114192801,09S 18E 11CBC1               MV-51,42.65351944,-114.3253139,3.7,2,1990-08-14
USGS-424645114423501,07S 15E 33BBD1,42.7790722,-114.7106083,1.7999999999999998,2,1957-11-20
USGS-424655114333401,07S 16E 34AAA1               MV-47,42.78185,-114.560325,1.9500000000000002,2,1990-08-17
USGS-424658113414601,07S 24E 30CAD1               MV-4,42.7826861,-113.6969583,4.05,2,1990-08-13
USGS-424709113342801,07S 25E 30DAB1               MV-3,42.78574167,-113.575286,2.2,2,1992-07-28
USGS-424807114505701,07S 14E 20CBC1               MV-21,42.8018472,-114.8500583,2.45,2,1990-08-15
USGS-424824114263801,07S 17E 22ADA1               MV-29,42.806575,-114.4447639,1.95,2,1991-08-14
USGS-424843114474901,07S 14E 15DCD1               MV-46,42.8118472,-114.7978333,1.95,2,1992-06-23
USGS-424913114515600,07S 14E 18BCD1S,42.82018009,-114.8664456,2.3,2,1962-09-10
USGS-425004115445302,07S 06E 09BAD2,42.83434167,-115.7489722,0.1,1,1954-08-05
USGS-425030114524101,07S 13E 01DCC1               MV-45,42.84156944,-114.8789472,2.5,2,1991-08-13
USGS-425104114180001,06S 18E 34DCD1               MV-40,42.85101944,-114.3008722,2.25,2,1991-08-15
USGS-425218113435901,06S 23E 29ADD1               MV-7,42.87152778,-113.7339722,1.6,2,1992-07-30
USGS-425243114431701,06S 15E 30ABB1               MV-38,42.87768056,-114.7231083,3.7,1,1989-08-18
USGS-425307114122301,06S 19E 21CAB1               MV-35,42.8851861,-114.2072583,1.7000000000000002,2,1992-06-24
USGS-425352114494601,06S 14E 17CCB1               MV-39,42.89768056,-114.830336,3.2849999999999997,2,1990-08-15
USGS-425401114032801,06S 20E 15DAB1,42.9001861,-114.0586417,1.25,2,1957-11-20
USGS-425449112324401,06S 33E 12BDD1,42.91352778,-112.5455444,1.2,1,1985-12-12
USGS-425455114160101,06S 18E 12CAA1               MV-33,42.9151833,-114.2678167,1.7000000000000002,2,1990-08-15
USGS-425525116060301,06S 03E 09AAB1,42.92350278,-116.1017639,0.1,1,1957-04-24
USGS-425533114571801,06S 13E 06DCA1,42.92629167,-114.9558944,0.3,1,1957-07-30
USGS-425610114241501,06S 17E 02ABC1,42.93601667,-114.4050444,3.6,2,1989-08-17
USGS-425610114241502,06S 17E 02ABC2               MV 36,42.9360722,-114.4054889,3.3,2,1992-07-29
USGS-425618114454001,06S 14E 02BAA2,42.9382361,-114.762,6.4,1,1991-08-13
USGS-425619114454101,06S 14E 02BAA1               MV-41,42.93851389,-114.7622778,3.5,1,1989-08-21
USGS-425630114420901,05S 15E 32CDA1,42.94156944,-114.703386,4.4,2,1957-11-21
USGS-425641112500701,05S 31E 33ACC1,42.9446361,-112.8361083,2.1,2,1957-11-27
USGS-425726114344901,05S 16E 29DBD1               MV-37,42.95712778,-114.581161,5.800000000000001,2,1990-08-17
USGS-425944111301700,05S 42E 11CAC1S,42.99547407,-111.5055026,1.5,1,1957-07-24
USGS-430050113561001,05S 21E 03DAC1               MV-58,43.01394444,-113.9371944,1.4,2,1992-06-30
USGS-430200116151401,04S 02E 32BCC1,43.0332222,-116.2548278,0.1,1,1957-04-24
USGS-430306114092801,04S 19E 26AAD1,43.0515722,-114.1586472,3.0,2,1957-11-20
USGS-430313114545601,04S 13E 28ABC1,43.05351389,-114.91645,0.6,1,1955-10-14
USGS-430514112182601,04S 35E 12BDD1,43.0871333,-112.3080333,1.6,1,1957-08-23
USGS-430619114515200,04S 13E 01BDC1S,43.10517884,-114.8653383,2.0,1,1955-10-13
USGS-430626113391001,04S 24E 06BBC1,43.10712778,-113.6536528,2.0,1,1962-09-25
USGS-430805113102401,03S 28E 27ACB1               MV 59,43.1346333,-113.1741722,1.4,2,1990-08-24
USGS-430918113371401,03S 24E 20ABA1               MV-57,43.1549083,-113.6214083,0.555,2,1992-06-30
USGS-430931113563401,03S 21E 15DCB1               MV-49,43.15851667,-113.9436417,0.86,2,1991-08-21
USGS-431004112455301,03S 32E 18BAB1,43.16769167,-112.76555,1.8,1,1957-08-27
USGS-431037116355700,03S 02W 08ACC1S                BRIAR SPRING,43.17682844,-116.6001207,1.2,1,1956-05-15
USGS-431054112363101,03S 33E 09BBA1,43.1815833,-112.609436,2.45,2,1957-11-27
USGS-431659112040301,01S 37E 36DCC1,43.282975,-112.0683083,4.9,1,1957-08-29
USGS-431807114543101,01S 13E 27CCB1,43.30184444,-114.909511,1.0,1,1957-09-04
USGS-431908112412201,01S 32E 23CBB1,43.31880278,-112.6902722,2.5,2,1957-11-26
USGS-431924114403401,01S 15E 21ADB1,43.3232361,-114.6770028,0.1,1,1957-07-30
USGS-432019112563201,01S 30E 15BCA1                USGS 14 MV-61,43.33859444,-112.9430278,2.1,3,1991-08-21
USGS-432156114420501,01S 15E 05DBB1,43.3654583,-114.7022833,0.5,1,1957-07-30
USGS-432336113064201,01N 29E 30BBD1               USGS 11,43.39329167,-113.1126444,2.1,2,1991-08-21
USGS-432414111184001,01N 44E 19ADA1,43.4038111,-111.3118972,1.7,1,1979-08-17
USGS-432438111500101,01N 39E 14DCC1S              BAGGER CREEK SP.,43.41047119,-111.834408,2.2,1,1957-07-22
USGS-432638112484101,01N 31E 03CAC1           ATOMIC CITY WELL 1,43.44388889,-112.8122222,1.6,2,1957-11-19
USGS-433226112144901,03N 36E 32DDC1,43.5406083,-112.2477306,1.2,1,1957-06-11
USGS-433335116150601,03N 02E 32BBB1,43.5596111,-116.2526194,157.0,1,1994-08-25
USGS-433342116245201,03N 01W 26DDDC1,43.56155278,-116.4154028,26.0,1,1995-08-31
USGS-433356112574201,03N 29E 23DCD1               USGS 84,43.56560278,-112.9624528,2.0,8,1997-10-29
USGS-433425112573201,03N 29E 23ADC1               USGS 76,43.57360278,-112.9598056,2.0,2,1994-10-12
USGS-433438116154001,03N 02E 19DCC1,43.5771111,-116.2620639,19.0,1,1994-08-31
USGS-433447112574501,03N 29E 23ABB1               USGS 65,43.5795861,-112.9639222,2.0,8,1997-10-21
USGS-433548112562301,03N 29E 12DDB1               FIRE STA 2,43.5965722,-112.9405528,2.0,1,1994-10-06
USGS-433647111433001,03N 40E 02CCC1,43.6129722,-111.7258,1.5,1,1957-07-22
USGS-433654112075401,03N 37E 05DCB1,43.61491389,-112.1324778,0.9,1,1957-06-11
USGS-433657112563601,03N 29E 01DBB1               USGS 98,43.61573889,-112.9441639,1.46,7,1997-10-20
USGS-433700111462901,03N 40E 05CAD1,43.6165833,-111.775525,1.2,1,1957-08-29
USGS-433705112552101,03N 30E 06ACD1               USGS 99,43.6176111,-112.923375,2.0,1,1994-11-09
USGS-433803112081501,04N 37E 32BDC1,43.63369444,-112.1380833,1.3,1,1957-08-28
USGS-433807112551501,04N 30E 31ABD1               USGS 97,43.63511944,-112.9221528,2.15,8,1998-04-24
USGS-433812113175701,04N 26E 36AAC1,43.63656944,-113.300011,3.3,1,1957-08-30
USGS-433858112545501,04N 30E 30AAD2               NRF 3,43.6492361,-112.9170833,2.5,1,1990-03-21
USGS-434014115414601,04N 06E 24BCB1S               TWIN SPRINGS,43.6704493,-115.6970456,0.1,1,1955-07-13
USGS-434211112095701,04N 36E 01DDB1,43.70269167,-112.1672028,0.8,1,1957-06-11
USGS-434518115341501,05N 07E 24BDD1S                NEINMEYER HOT SPS,43.75489498,-115.5717656,0.1,1,1955-07-13
USGS-434526111584901,05N 38E 15CCC1,43.7571361,-111.981086,1.0,1,1957-05-22
USGS-434758115050500,05N 11E 01DAB1S,43.7993447,-115.0856345,0.2,1,1955-07-12
USGS-434824111581301,06N 38E 34BDA1,43.8071361,-111.9694194,0.9,1,1957-07-21
USGS-434856112400001,06N 32E 26CDB1               ANP 9,43.8153833,-112.6675917,2.0,8,1997-10-27
USGS-434912113004601,06N 29E 28CBB1,43.81990556,-113.0136167,1.8,1,1957-08-31
USGS-434915112443901,06N 31E 27BDD1   USGS 7,43.82068889,-112.745236,2.0,9,1998-10-15
USGS-434924112183701,06N 35E 26BAC1,43.82324444,-112.3110944,1.0,1,1957-07-26
USGS-434941112454201,06N 31E 21DCC1               PSTF TEST,43.82788889,-112.7623444,1.7850000000000001,8,1998-10-13
USGS-435027112244801,06N 34E 24BBB1,43.84074444,-112.4141528,2.4,1,1957-05-23
USGS-435038112453401,06N 31E 16DCA1               NO NAME 1,43.84401389,-112.7599278,2.0,9,1998-10-13
USGS-435152112443101,06N 31E 10ACC1               ANP 6,43.86423056,-112.7428806,2.0,1,1994-10-14
USGS-435212112394001,06N 32E 11ABA1               USGS 26,43.86950556,-112.6621417,2.0,7,1997-10-27
USGS-435541112254301,07N 34E 23BAB1-DESTROYED,43.92796389,-112.4294306,1.1,1,1957-05-23
USGS-435718112152201,07N 36E 08BBC1,43.9549111,-112.2572056,1.0,1,1957-05-24
USGS-435725112351201,07N 33E 09BAA2,43.95694444,-112.5875,3.8,1,1957-07-22
USGS-435754111404002,07N 40E 01ADA2,43.96491389,-111.6785778,0.4,1,1957-08-27
USGS-435820112343501,08N 33E 33DDD1,43.9722222,-112.5772222,4.3,1,1957-08-08
USGS-435903112280001,08N 34E 33BAD1,43.984075,-112.4674889,1.0,1,1957-05-23
USGS-435923112075401,08N 37E 29CAC1,43.98963889,-112.132361,0.7,1,1957-07-26
USGS-440012112291401,08N 34E 20CDA2,44.00324167,-112.4880444,8.4,1,1957-08-28
USGS-440108115490300,08N 05E 24ACB1S,44.0187839,-115.8184463,1.3,1,1956-10-07
USGS-440212112344001,08N 33E 09DAB1,44.036575,-112.5786028,1.2,1,1957-05-27
USGS-440910115593801,10N 04E 33CBD1S,44.1526715,-115.9948447,0.2,1,1955-10-06
USGS-441037112133301,10N 36E 21CAD2,44.17685556,-112.2266556,1.2,1,1957-05-24
USGS-441436112114801,11N 36E 34AAC1,44.24324444,-112.1974889,1.1,1,1957-05-24
USGS-441513114373301,11N 16E 30CAA1S              SNYDER SPRING,44.25352499,-114.6267384,4.6,1,1954-09-09
USGS-441513114373400,11N 16E 30CAB1S              SNYDER SPRING,44.25352499,-114.6270162,4.6,1,1954-09-09
USGS-441515114263301,11N 17E 27BDD1S              SULLIVAN HOT SPRINGS,44.2540837,-114.4433979,0.2,1,1954-09-09
USGS-441652114243600,11N 17E 13CBC1S,44.281029,-114.4108975,0.7,1,1954-09-09
USGS-441745111401901,11N 41E 07CBA1,44.2957472,-111.6727472,0.1,1,1957-07-25
USGS-441923115283000,12N 08E 35CC 1S,44.3229571,-115.4759404,0.1,1,1955-08-12
USGS-442518115241400,13N 09E 32AB 1S,44.421569,-115.4048296,0.3,1,1955-08-12
USGS-454833115390800,29N 07E 36AAC1S,45.80906878,-115.6531888,0.2,1,1955-08-14
USGS-464115115201500,37N 09E 04ADC1S,46.68741475,-115.3384688,0.7,1,1955-08-14
USGS-392349090021001,11N 8W-18.4e,39.39466944,-90.0371028,2.0,1,1996-08-29
USGS-392532090091901,11N 10W-1.2d,39.4210861,-90.1532972,4.0,1,1996-10-02
USGS-393355089295901,13N 4W-23.2g,39.57199167,-89.5014056,7.0,1,1996-08-21
USGS-393751090294701,14N 13W-25.5e,39.62885278,-90.4956972,3.0,1,1996-08-22
USGS-394342090231001,15N 12W-15.8a,39.7293333,-90.3885139,1.0,1,1996-08-13
USGS-394459090004301,15N 8W-17.4f,39.75375556,-90.012925,1.0,1,1996-08-01
USGS-395238089322701,17N 4W-33.1b,39.8782333,-89.5402667,3.0,1,1996-09-17
USGS-395553088441401,17N 4E-15.5e,39.9315,-88.7373611,1.28,1,1997-11-03
USGS-395635090084401,17N 9W-1g,39.94391667,-90.1460667,2.0,1,1996-07-31
USGS-400111088550501,18N 3E-18.8e,40.01919444,-88.91825,1.64,1,1997-08-19
USGS-400601088553401,19N 2E-13.3c,40.1003333,-88.9260833,1.39,1,1997-10-21
USGS-400725088300201,19N6E-11.7g,40.12375,-88.50013889,1.3,1,1997-09-23
USGS-400736088344701,19N 5E-12.4h,40.12677778,-88.57975,4.21,1,1997-07-31
USGS-401020089252801,20N 3W-22.7d,40.17219444,-89.4245278,2.15,1,1997-10-29
USGS-401100089004701,20N 2E-17.8a,40.18344444,-89.013,7.35,2,1998-05-06
USGS-401151088423401,20N 4E-14.2g,40.19744444,-88.7093056,1.07,1,1997-10-22
USGS-401203089203201,20N 2W-08.6d,40.20069444,-89.3422222,1.23,1,1997-10-29
USGS-401216088482301,20N 3E-12.2c,40.20438889,-88.8064444,1.97,1,1997-07-09
USGS-401226088234101,20N 7E-10.3d,40.2071111,-88.3948333,2.39,1,1997-09-25
USGS-401322089153901,21N 1W-31.8a,40.22280556,-89.2609722,2.34,1,1997-08-13
USGS-401601089154401,21N 1W-18.8a,40.26694444,-89.2621111,1.36,1,1997-10-28
USGS-401753088120701,21N 9E-05.3b,40.29816667,-88.2019722,1.03,1,1997-09-24
USGS-401810089010101,21N 2E-06.2d,40.3028611,-89.0168611,1.16,1,1997-09-10
USGS-401813089165601,21N 2W-01.8e,40.30355556,-89.2821389,3.06,1,1997-10-28
USGS-401945088400701,22N 5E-29.8b,40.3292222,-88.6685833,4.0,1,1997-06-18
USGS-402059088571701,22N 2E-23.6f,40.3498333,-88.95475,1.59,1,1997-09-17
USGS-402213088132201,22N 9E-18.4h,40.3702222,-88.2227778,11.6,1,1997-09-16
USGS-402304089032601,22N 1E-12.7f,40.38438889,-89.0572222,4.09,1,1997-08-20
USGS-402902090295501,6N 1W-22.6a,40.48333889,-90.5007722,1.0,1,1996-09-05
USGS-402912088515101,23N 3E-04.1h,40.48675,-88.8641111,2.82,1,1997-06-23
USGS-402920088401301,24N 5E-32.8c,40.48902778,-88.6701944,1.64,1,1997-07-15
USGS-403025088273201,24N 7E-30.8d,40.507,-88.459,3.19,1,1997-07-07
USGS-403759088422601,25N 4E-12.8a,40.633,-88.7072222,1.3,1,1997-06-24
USGS-403808089065901,25N 1E-09.7a,40.63544444,-89.1164167,1.68,1,1997-07-01
USGS-404004088485501,26N 3E-36.1a,40.6678611,-88.8152222,3.13,1,1997-07-08
USGS-404139088195901,26N 8E-30.1d,40.69402778,-88.3331111,3.33,1,1997-07-28
USGS-404737089093201,27N 1W-24.1h,40.79355556,-89.1589444,6.16,1,1997-08-06
USGS-404849088281001,27N 7E-18.8e,40.8136111,-88.4695556,5.11,1,1997-08-04
USGS-405100089214701,28N 2W-29.5a,40.8501111,-89.363,1.43,1,1997-07-30
USGS-405218088462401,28N 4E-28.7h,40.87155556,-88.7734444,3.92,1,1997-07-29
USGS-410625088443101,31N 4E-34.1a,41.10691667,-88.74188889,15.0,1,1997-08-12
USGS-410857089442301,14N 7E-31.3a,41.1492222,-89.7396389,1.04,1,1997-07-22
USGS-410947089044101,31N 1E-11.6a,41.1630833,-89.078,10.3,1,1997-08-07
USGS-411659089500601,15N 6E-17.7c,41.2819222,-89.8347667,17.0,1,1996-09-09
USGS-412442089025701,34N 1E-24.1h,41.41138889,-89.0488056,10.2,1,1997-07-16
USGS-421507089062601,44N 1E-34.6h1,42.2519649,-89.1073284,1.1,5,1980-09-10
USGS-422418090255501,28N 1W-24.2b,42.40500828,-90.4320724,0.7,1,1980-10-22
USGS-422803087475301,46N12E-14.6g1 (Zion well 1),42.46805556,-87.7994444,0.8,3,1981-09-01
USGS-422803087475302,46N12E-14.6g2 (Zion well 2),42.46805556,-87.7994444,4.8,1,1982-12-01
USGS-422803087475303,46N12E-14.6g3 (Zion well 3),42.46805556,-87.7994444,2.0,1,1982-12-02
USGS-422803087475304,46N12E-14.6g4 (Zion well 4),42.46805556,-87.7994444,4.7,1,1982-11-24
USGS-413932087274201,JONES & LAUGHLIN STEEL CO. WELL @ E. CHICAGO IN,41.65892455,-87.4617085,1.8,1,1983-10-21
USGS-371430101480101,32S 41W 29ABBC01,37.24168998,-101.800722,14.5,2,1990-06-12
USGS-373024102011701,29S 43W 21DCDD01,37.50668307,-102.0218434,0.53,1,1992-09-06
USGS-375700100584901,24S 33W 19DBD 01,37.95002406,-100.9807219,1.0,1,1977-04-22
USGS-375719101453001,24S 40W 19BB  01,37.95529077,-101.7587833,4.5,1,1988-08-17
USGS-375757101414701,24S 40W 15ACCB01,37.9658469,-101.696838,6.0,2,1990-06-12
USGS-375814101153701,24S 36W 15BAD 01,37.9705752,-101.260725,16.0,1,1988-08-17
USGS-375826100571304,24S 33W 16BBAB04,37.97391274,-100.9540539,0.29,1,1992-06-02
USGS-375902101081901,24S 35W 11BCB 01  DEERFIELD,37.98391078,-101.139057,28.0,1,1988-08-17
USGS-380109099521403,23S 23W 29DBCC03,38.01918516,-99.870962,0.53,1,1992-06-04
USGS-380948099372701,22S 21W 03CCBB01,38.1633498,-99.624565,7.5,2,1990-06-11
USGS-381845100533301,20S 32W 22DBDC01,38.31252119,-100.8929326,20.5,2,1991-11-07
USGS-382425098591401,19S 15W 09CDDA01,38.40695735,-98.9875944,0.57,1,1991-07-16
USGS-382758099401601,18S 21W 20CDDC01,38.4661259,-99.6715065,0.04,1,1990-06-11
USGS-383544098352101,17S 11W 06CCCB01,38.59556659,-98.5895188,4.9,1,1991-07-15
USGS-383943098165801,16S 09W 14ACAC01,38.6619541,-98.2831156,6.0,1,1991-07-16
USGS-384321098263101,15S 10W 28BACD01,38.72251039,-98.442288,4.7,2,1991-07-10
USGS-384330098052601,15S 07W 27BBAA01,38.72500796,-98.0908855,0.07,1,1991-07-11
USGS-385726098313001,13S 11W 03AABA01,38.95723334,-98.5253447,3.5,1,1991-07-10
USGS-385757098432001,12S 13W 36BCCD01,38.9658447,-98.7225768,4.65,2,1991-07-16
USGS-390057097580901,12S 06W 15AABD01,39.0158379,-97.9694908,7.5,2,1991-07-09
USGS-390424099570601,11S 24W 26ABBA01,39.0733407,-99.9520681,0.05,1,1994-07-17
USGS-390814098175901,10S 09W 35CBDB01,39.13723005,-98.3000573,11.5,2,1991-07-09
USGS-390958097490101,10S 04W 19CBCB01,39.1661127,-97.8172619,7.0,2,1991-07-08
USGS-391304098102803,10S 08W 02AAAC03,39.2177841,-98.1747742,5.1,1,1991-06-11
USGS-391910097440301,08S 04W 35BADB01,39.31944478,-97.7344823,5.1,2,1991-07-15
USGS-391912097435201,08S 04W 35ABBC01,39.32000029,-97.7314266,3.8,1,1990-06-07
USGS-392247097500101,08S 05W 01CCCD01,39.37972446,-97.8339299,0.03,1,1990-06-06
USGS-392730098050501,07S 07W 10DBAB01,39.45833966,-98.0850476,7.5,2,1990-06-06
USGS-393023097240201,06S 01W 26BACC01,39.5063867,-97.4008659,0.21,1,1991-07-08
USGS-393033097241501,06S 01W 26BBBA01,39.50916457,-97.4044772,2.0,1,1990-06-05
USGS-393148097520001,06S 05W 15CACB01,39.53000394,-97.8669873,0.07,1,1990-06-05
USGS-393210098040701,06S 07W 14BADD01,39.53611789,-98.068936,0.14,1,1990-06-06
USGS-393259097364001,06S 03W 11ADAA01,39.5497231,-97.6114271,5.5,1,1990-06-06
USGS-393820097284003,05S 01W 07BBAB03,39.63888958,-97.4780923,0.32,1,1991-05-03
USGS-394428097085001,03S 02E 36DDCC01,39.74111395,-97.147529,1.1,1,1990-06-05
USGS-394706097424401,03S 04W 13DCDD01,39.78500644,-97.7125425,1.2,1,1990-06-05
USGS-395247097284901,02S 01W 18BCCB01,39.87972624,-97.4805958,2.2,1,1990-06-05
USGS-363934086062101,K15B0095,36.6594925,-86.1058181,0.3,1,1957-07-03
USGS-370930087405101,I9A0019,37.1583795,-87.6808404,2.1,1,1955-01-03
USGS-383453083281501,C26C0003,38.58146448,-83.4707448,0.5,1,1956-04-04
USGS-383620083191101,C26D0041,38.60563177,-83.3196286,1.3,1,1956-04-04
USGS-383925084564701,C20A0005,38.65700899,-84.946338,0.5,1,1956-04-05
USGS-302915092510201,Al-239,30.4877011,-92.850703,1.1,1,1983-07-11
USGS-302922092505202,Al-157,30.4896455,-92.8479252,0.34,1,1983-07-11
USGS-303210091451403,SL-84,30.53769245,-91.7520597,0.11,1,1983-07-26
USGS-303757092242201,Ev-674,30.63269804,-92.4062432,0.09,1,1983-07-12
USGS-305612092560303,V-493,30.935,-92.9341667,0.09,1,1984-08-10
USGS-305657092121901,Av-430,30.94935847,-92.2054043,0.08,1,1984-08-13
USGS-305724091510501,Av-394,30.95685168,-91.8515081,0.01,1,1983-07-13
USGS-305828092350503,R-1189,30.97463528,-92.5848624,0.05,1,1983-06-28
USGS-305925092343301,R-1000,30.9904683,-92.5759732,0.1,1,1984-07-30
USGS-310035093214101,V-478,31.01166667,-93.2780556,0.01,1,1983-06-29
USGS-310043092173501,R-81,31.01213506,-92.2931856,0.02,1,1983-06-28
USGS-310043092173502,R-758,31.01213506,-92.2931856,0.15,1,1984-07-27
USGS-310047093140001,V-507,31.01324538,-93.2334955,0.05,1,1984-06-20
USGS-310117092100201,Av-441,31.0215788,-92.1673484,0.02,1,1984-08-01
USGS-310140093132601,V-506,31.0279671,-93.2240509,0.23,1,1984-06-19
USGS-310158092151601,R-1112,31.0329679,-92.2545734,0.11,1,1984-08-13
USGS-310216093161601,V-498,31.03796718,-93.2712747,0.15,1,1984-08-08
USGS-310216093161602,V-499,31.03796718,-93.2712747,0.14,1,1984-08-08
USGS-310316093115101,V-497,31.0546328,-93.1976617,0.09,1,1984-08-09
USGS-310321092103902,Av-398,31.05602254,-92.1776268,0.3,1,1984-07-31
USGS-310336092303905,R-1253,31.06,-92.5116667,0.07,1,1984-08-14
USGS-310507092235001,R-708,31.08546635,-92.3973562,0.3,1,1984-08-02
USGS-310627092361002,R-926,31.1076871,-92.6029193,0.1,1,1984-08-02
USGS-310736092383202,R-938,31.1268529,-92.6423655,0.02,1,1983-07-29
USGS-310824092490003,R-1193,31.14018484,-92.8168168,0.08,1,1984-08-28
USGS-310839092392903,R-933,31.1443523,-92.6581996,0.03,1,1984-08-02
USGS-310839092392904,R-936,31.1443523,-92.6581996,0.04,1,1983-07-29
USGS-310839092392905,R-939,31.1443523,-92.6581996,0.01,1,1983-07-29
USGS-310841092295701,R-1127,31.14490904,-92.4993043,0.02,1,1984-07-31
USGS-310845093152601,V-47,31.14601938,-93.2573868,0.05,1,1983-06-29
USGS-311307092440104,R-1215,31.21879389,-92.7337585,0.02,1,1983-07-26
USGS-311435092404501,R-801,31.24323809,-92.679312,0.09,1,1984-06-13
USGS-311504093200901,V-455,31.25129459,-93.3360015,0.22,1,1983-06-28
USGS-311505092380304,R-940,31.25157159,-92.6343103,0.03,1,1984-06-13
USGS-311542093002901,V-435,31.26184679,-93.008214,0.02,1,1983-07-26
USGS-311555092295504,R-833,31.26546136,-92.4987495,1.0,1,1983-07-28
USGS-311610092422102,R-1168,31.26962588,-92.70598,0.09,1,1983-08-08
USGS-311612092270603,R-823,31.27018357,-92.4518036,0.03,1,1983-07-28
USGS-311728092270901,R-754,31.2912941,-92.4526371,0.06,1,1984-08-24
USGS-311736092271203,R-1202,31.29351626,-92.4534705,0.08,1,1984-08-24
USGS-311749092300002,R-839,31.29712717,-92.5001387,0.2,1,1984-08-24
USGS-311814092204803,R-1098,31.30407174,-92.34680059,0.03,1,1984-07-25
USGS-311840092375601,R-1057,31.31129199,-92.6323664,0.05,1,1983-08-01
USGS-311920092260801,R-616,31.32240439,-92.4356924,0.1,1,1983-07-21
USGS-312038092254701,R-1080,31.34407047,-92.4298591,0.02,1,1983-07-21
USGS-312042092313202,R-465,31.3451811,-92.5256957,0.04,1,1983-07-28
USGS-312047092320601,R-421,31.34656986,-92.5351405,0.02,1,1983-07-28
USGS-312109092255001,R-431,31.35268134,-92.4306926,0.8,1,1980-10-06
USGS-312119092262201,R-1212,31.355459,-92.4395818,0.02,1,1983-07-26
USGS-312122092194401,R-1006,31.3562925,-92.3290228,0.9,1,1984-07-25
USGS-312227092245801,R-1224,31.37434743,-92.4162479,0.28,1,1984-08-17
USGS-312230092233401,R-1039,31.37518077,-92.3929138,0.56,1,1983-07-19
USGS-312325092401102,R-1092,31.3904557,-92.6698687,0.18,1,1983-06-16
USGS-312341092094501,R-1003,31.3949025,-92.1626302,1.0,1,1983-07-22
USGS-312349092425901,R-1228,31.39712155,-92.7165374,0.1,1,1984-08-16
USGS-312500092284301,R-993,31.41684619,-92.4787502,0.52,1,1983-07-22
USGS-312527092490301,R-1180,31.4243418,-92.817653,0.12,1,1983-06-16
USGS-312652092293601,G-395,31.44795645,-92.4934731,0.02,1,1983-07-20
USGS-312830092595701,Na-503,31.4751716,-92.9993277,4.7,1,1984-07-02
USGS-312933093273602,Sa-460,31.4926761,-93.4601744,0.03,1,1984-08-28
USGS-313143092215501,G-295,31.52878755,-92.3654145,0.05,1,1983-06-15
USGS-313144091320702,Co-57,31.5290565,-91.5353974,0.03,1,1983-06-30
USGS-313241092104101,La-249,31.54489794,-92.178188,0.41,1,1983-07-01
USGS-313415091582801,Ct-103,31.5710073,-91.974574,0.17,1,1983-06-27
USGS-313445092314501,G-271,31.57934108,-92.5293089,0.2,1,1983-06-27
USGS-313542092244701,G-407,31.5951744,-92.4131944,0.12,1,1983-06-29
USGS-313723091504201,Ct-115,31.62239326,-91.844572,0.06,1,1983-06-16
USGS-313848091453003,Ct-223,31.64683598,-91.7584595,1.1,1,1984-07-20
USGS-313906093390301,Sa-419,31.65183975,-93.6510145,0.18,1,1984-08-24
USGS-313917091532201,Ct-111,31.6548928,-91.8895734,0.05,1,1983-06-27
USGS-314050091260602,Co-72,31.6807204,-91.4351169,0.1,1,1983-06-30
USGS-314145092482501,G-439,31.69600118,-92.807098,0.4,1,1984-08-08
USGS-314615091492801,Ct-3,31.7709996,-91.8245733,0.04,1,1983-06-23
USGS-314651093420002,Sa-467,31.781003,-93.7001831,0.22,1,1984-08-23
USGS-314916093285101,Sa-454,31.8212772,-93.48101,0.27,1,1984-08-28
USGS-314941091424501,Ct-45,31.82821876,-91.712626,0.11,1,1983-06-23
USGS-314954091484601,Ct-105,31.8309974,-91.814573,0.16,1,1983-07-15
USGS-315501093342101,DS-432,31.91710934,-93.5726791,0.11,1,1984-08-23
USGS-315544092374601,W-24,31.9290523,-92.6295929,0.12,1,1984-08-29
USGS-315729093553501,DS-428,31.95822248,-93.9265773,0.07,1,1984-08-22
USGS-320924092593103,Bi-239,32.1568251,-92.9921043,0.16,1,1984-08-31
USGS-321101092522103,Bi-186,32.18376884,-92.8726565,0.6,1,1978-05-11
USGS-321137093505901,DS-512,32.19377184,-93.8499053,0.05,1,1984-08-24
USGS-321402092545701,Bi-100,32.234046,-92.9159911,0.6,1,1978-05-11
USGS-321420092550001,Bi-183,32.23904595,-92.9168245,0.05,1,1977-09-23
USGS-321422092530801,Bi-193,32.23960135,-92.8857125,0.29,2,1984-08-31
USGS-321456092560901,Bi-185,32.2490459,-92.9359917,0.2,1,1977-09-29
USGS-321943093170601,Bi-132,32.32876769,-93.2851696,0.09,1,1984-08-31
USGS-322641093105501,Bi-181,32.4448767,-93.1821104,0.03,1,1977-04-12
USGS-322741093121301,Wb-367,32.4615431,-93.2037776,0.02,1,1977-03-30
USGS-322754093105801,Wb-373,32.46515414,-93.1829436,0.02,1,1977-03-22
USGS-323325092382702,L-136,32.55709345,-92.6409827,0.08,1,1984-08-30
USGS-323639093172001,Wb-159,32.6109834,-93.2890576,0.01,1,1984-08-30
USGS-324647091543801,Mo-65,32.7798565,-91.910684,0.3,1,1984-08-29
USGS-412612071431401,RI-RIW    7,41.4367666,-71.72006627,0.1,1,1955-11-07
USGS-414054071300801,RI-WSW   91,41.68176729,-71.5017267,1.4,1,1955-05-26
USGS-414446071433501,RI-FOW  291,41.7462105,-71.72590168,0.0,1,1995-08-16
USGS-420711070561301,MA-ABW   28,42.11982279,-70.936433,0.1,1,1957-03-27
USGS-420814071582001,MA-CFW   65,42.1373166,-71.9717407,1.635,2,1995-08-16
USGS-421406072280801,MA-GKW  196,42.23509236,-72.4684192,9.05,2,1995-08-15
USGS-422202072265301,MA-PDW   31,42.3673125,-72.44758579,0.56,2,1995-08-31
USGS-422921073001301,MA-XPW   11,42.48925236,-73.00315449,0.765,2,1995-08-29
USGS-380231079091101,37N 5,38.0420772,-79.1528081,0.31,1,1993-06-29
USGS-380641079091101,37N  6,38.11152015,-79.15280898,0.15,1,1993-06-30
USGS-380831078522401,40P  4,38.14207799,-78.87308,0.24,1,1993-07-01
USGS-381031079110601,37P  7,38.17512944,-79.1847551,0.17,1,1993-06-17
USGS-382014079052701,38Q  2,38.3373489,-79.0905876,0.15,1,1993-06-16
USGS-382143078465801,40Q  9,38.3620713,-78.7825241,0.3,1,1993-08-10
USGS-382253079021201,38R  1,38.38151484,-79.0364199,0.28,1,1993-06-15
USGS-382601078563801,39R  3,38.4337359,-78.9436399,0.2,1,1993-07-20
USGS-382636079213301,VR-01,38.4434555,-79.35893008,0.13,1,1995-07-10
USGS-382706077285801,51R   6,38.4516499,-77.4816507,0.1,1,1994-08-31
USGS-382934078553901,39R  2,38.492901,-78.9272509,0.33,1,1993-06-14
USGS-383035077351501,50S  10,38.50984659,-77.60387639,0.13,1,1994-06-15
USGS-383057079340701,34S  1,38.514285,-79.5661598,0.19,1,1995-07-11
USGS-383215078461401,40S  1,38.5376217,-78.7703011,1.3900000000000001,2,1993-07-21
USGS-383508076540702,CH Bf 147,38.5856752,-76.9016381,0.07,1,1984-02-27
USGS-383540077365701,50S  11,38.59431389,-77.6153194,2.6,2,1994-06-21
USGS-383556079120401,VR-F1,38.6028966,-79.2025372,1.1,1,1995-07-12
USGS-383645078452101,40S  2,38.612619,-78.7555775,0.24,1,1993-07-15
USGS-383649079211501,VR-03,38.61372859,-79.3539315,0.4,1,1995-06-27
USGS-383933079194801,VR-04,38.65928289,-79.3297642,2.05,2,1995-06-27
USGS-383955077343401,50T  84,38.6655333,-77.57625,2.65,2,1994-07-27
USGS-384022077235601,51T 178,38.67301667,-77.39945,0.11,1,1994-07-12
USGS-384037078281201,43T  3,38.6770631,-78.4697303,0.14,1,1993-06-28
USGS-384122079114601,VR-10,38.68956026,-79.1958704,0.24,1,1995-06-27
USGS-384133077324201,50T  85,38.6937472,-77.5362306,2.6,2,1994-08-22
USGS-384259077292401,51T 177,38.7161583,-77.48853889,0.16,1,1994-07-14
USGS-384330076340501,AA Ge  14,38.7245622,-76.5607909,0.09,1,1997-11-03
USGS-384506077335101,50U 138,38.75185278,-77.5640194,2.0,2,1994-07-12
USGS-384507077421201,49U  80,38.75197778,-77.7029722,0.11,1,1994-06-27
USGS-384556078385101,41U  1,38.76566987,-78.64723779,1.355,2,1993-07-21
USGS-384609077202201,52U   5,38.7699722,-77.33913889,0.24,1,1994-08-31
USGS-384622076351701,AA Fd  55,38.77567186,-76.5907933,0.1,1,1997-10-28
USGS-384723077492001,48U  24,38.78742778,-77.8198556,0.12,1,1994-07-12
USGS-384727077364001,50U 139,38.7909472,-77.61050278,5.8,2,1994-06-15
USGS-384727079242501,VR-05,38.7909458,-79.4067131,0.13,1,1995-06-26
USGS-384757076380901,AA Fd  54,38.7984487,-76.63524049,0.1,1,1997-11-03
USGS-385018076310401,AA Ee  85,38.8387265,-76.5174577,0.13,1,1997-10-27
USGS-385059077145001,53U  45,38.85005556,-77.2463194,0.08,1,1994-06-28
USGS-385150076380501,AA Ed  56,38.86205837,-76.6338524,0.12,1,1997-10-27
USGS-385212076362101,AA Ed  57,38.86900289,-76.6024623,0.1,1,1997-11-04
USGS-385255077182501,52V  22,38.8816222,-77.3065583,0.09,1,1994-06-29
USGS-385345077251201,51V 138,38.89618056,-77.4196667,0.23,1,1994-08-29
USGS-385350076380701,AA Ed  54,38.89705755,-76.6366308,0.09,1,1997-11-13
USGS-385357077144801,53V  14,38.89960556,-77.2476694,0.1,1,1994-07-13
USGS-385432076305301,AA Ee  86,38.90900255,-76.51495949,0.39,1,1997-11-04
USGS-385454076275101,AA Ef  39,38.91511369,-76.46245799,0.185,2,1997-12-22
USGS-385500076402701,AA Ec  11,38.91677907,-76.6741325,0.12,1,1997-10-23
USGS-385521078281601,43V  2,38.9226106,-78.4708418,0.25,1,1993-09-20
USGS-385534077543401,47V   1,38.8929833,-77.9088611,0.12,1,1994-06-22
USGS-385546078501201,VR-11,38.9295549,-78.8364115,0.12,1,1995-06-28
USGS-385601076390901,AA Dd  51,38.93372328,-76.6521874,0.12,1,1997-09-30
USGS-385649076315001,AA De 211,38.9473348,-76.5305166,0.1,1,1997-12-11
USGS-385657076333401,AA De 212,38.9495568,-76.5591288,0.12,1,1997-12-02
USGS-385702076400101,AA Dd  52,38.95066726,-76.6666326,0.1,1,1997-09-17
USGS-385724077303001,50V  91,38.95645,-77.5077056,1.2650000000000001,2,1994-07-05
USGS-385726076381701,AA Dd  53,38.95733395,-76.63774279,0.11,1,1997-09-22
USGS-385728077355001,50V  92,38.95755,-77.59546389,0.19,1,1994-07-13
USGS-385740076324001,AA De 209,38.96150106,-76.5444063,0.09,1,1997-09-25
USGS-385756076384401,AA Dd  55,38.96566705,-76.6452432,0.1,1,1997-09-22
USGS-385844076380301,AA Dd  54,38.97900014,-76.633854,0.1,1,1997-09-17
USGS-385851077390201,49V  90,38.981025,-77.651425,0.1,1,1994-06-22
USGS-385911079101801,VR-09,38.9864989,-79.1714259,1.85,2,1995-07-11
USGS-385924077352501,50V  90,38.98934167,-77.57297778,0.27,1,1994-07-11
USGS-385930076401301,AA Dc  18,38.99149967,-76.66968868,0.22,1,1997-12-10
USGS-385950076304001,AA De 210,38.99733369,-76.5102395,0.1,1,1997-11-20
USGS-385952077050801,MO Ff  19,38.99775,-77.0848333,0.12,1,1994-08-30
USGS-390006076314801,AA Ce 142,39.00066684,-76.530518,0.09,1,1997-12-16
USGS-390012076263401,AA Cf 146,39.00316708,-76.442182,0.1,1,1997-10-01
USGS-390032079090201,VR-08,39.00899848,-79.1503139,0.21,1,1995-06-27
USGS-390033076361601,AA Cd 105,39.0106663,-76.6044091,0.14,1,1997-12-15
USGS-390043076295801,AA Cf 149,39.0120557,-76.49885038,0.1,1,1997-12-03
USGS-390056076255401,AA Cf 147,39.01622247,-76.4313484,0.12,1,1997-10-21
USGS-390102076251401,AA Cf 145,39.016778,-76.420237,0.12,1,1997-09-30
USGS-390105076333101,AA Ce 141,39.01816645,-76.5580189,0.08,1,1997-11-04
USGS-390111077222201,52W  13,39.020125,-77.3743222,3.25,2,1994-08-04
USGS-390122076423801,AA Cc 133,39.0228878,-76.7108014,0.1,1,1997-09-16
USGS-390128076412401,AA Cc 134,39.0242768,-76.6896896,9.05,2,1997-10-23
USGS-390202076243001,AA Cg  26,39.0342778,-76.4074589,0.11,1,1997-10-21
USGS-390202076253401,AA Cf 148,39.03038894,-76.428015,0.09,1,1997-11-19
USGS-390214076361201,AA Cd 101,39.03649928,-76.6030204,0.12,1,1997-12-02
USGS-390236077072801,MO Ef  56,39.04310278,-77.1240806,0.15,1,1994-07-18
USGS-390247078490401,VR-12,39.04649687,-78.817521,0.14,1,1995-06-28
USGS-390258077294901,51W  24,39.05025556,-77.4932556,1.415,2,1994-08-23
USGS-390313076393001,AA Cd 100,39.05372097,-76.6580222,0.14,1,1997-09-16
USGS-390339078070901,46W176,39.06094026,-78.118888,0.715,2,1993-08-11
USGS-390358078345101,VR-20,39.0676068,-78.580012,1.4,1,1995-07-12
USGS-390402077280401,51W  23,39.06673056,-77.4676417,0.18,1,1994-07-21
USGS-390416076353301,AA Cd 104,39.0714988,-76.59218689,0.1,1,1997-12-03
USGS-390437077430601,49W  11,39.0777333,-77.7170194,0.12,1,1994-07-13
USGS-390517076391001,AA Bd 168,39.08788717,-76.65274458,0.1,1,1997-12-16
USGS-390542076314001,AA Be 116,39.09483215,-76.5266293,0.71,2,1997-10-08
USGS-390605076284001,AA Bf  68,39.09761008,-76.4771832,1.405,2,1997-12-17
USGS-390613076411101,AA Bc 242,39.1034423,-76.6866348,0.1,1,1997-09-10
USGS-390617077223601,MO Dc  86,39.1053111,-77.3778722,7.75,2,1994-06-07
USGS-390622076272601,AA Bf  64,39.1062211,-76.45718268,0.1,1,1997-09-09
USGS-390627076291401,AA Bf  65,39.10816546,-76.48690578,0.2,1,1997-09-30
USGS-390640076300501,AA Be 115,39.1112209,-76.502184,0.17,1,1997-10-08
USGS-390654076353401,AA Bd 167,39.11427598,-76.5924649,0.09,1,1997-11-20
USGS-390654079095201,VR-07,39.09288565,-79.1436466,0.2,1,1995-06-27
USGS-390656076381301,AA Bd 166,39.11399797,-76.6382999,0.34,1,1997-11-12
USGS-390659078153401,44W  1,39.11649469,-78.259169,0.14,1,1993-08-17
USGS-390718076425001,AA Bc 243,39.122053,-76.7133026,0.09,1,1997-11-12
USGS-390724076360601,AA Bd 164,39.12344246,-76.6013542,0.14,1,1997-09-10
USGS-390726077162601,MO Dd  25,39.12322778,-77.27315278,0.09,1,1994-06-09
USGS-390813076262901,AA Bf  66,39.13705406,-76.4407934,0.17,1,1997-10-08
USGS-390830076394501,AA Bd 165,39.14233077,-76.6621898,0.11,1,1997-10-01
USGS-390921076283301,AA Bf  67,39.15594257,-76.47635,0.09,1,1997-11-19
USGS-390923076411201,AA Bc 244,39.15816374,-76.68746869,0.12,1,1997-12-17
USGS-390938078583201,VR-06,39.16232775,-78.9722496,1.3,1,1995-07-11
USGS-390946077461001,48X  19,39.16289167,-77.7690833,0.12,1,1994-08-02
USGS-391038077082201,MO Cf  27,39.1790972,-77.138375,0.09,1,1994-08-01
USGS-391122078272301,VR-19,39.1895482,-78.45611889,0.755,2,1995-06-20
USGS-391135076571701,HO Cd 384,39.19316227,-76.9544206,0.14,1,1997-07-31
USGS-391136076514001,HO Ce  41,39.19316257,-76.8602518,0.9,1,1957-02-20
USGS-391200077520401,GV-29,39.20010326,-77.8674954,1.275,2,1993-09-09
USGS-391217078470501,VR-F2,39.2048265,-78.7844629,0.14,1,1995-06-26
USGS-391240077225601,MO Cc  73,39.22000278,-77.3973111,0.1,1,1994-08-01
USGS-391248078174601,44X  1,39.2134368,-78.2958371,0.16,1,1995-06-20
USGS-391317077555801,GV-21,39.2214917,-77.9324965,0.26,1,1993-07-27
USGS-391332076451601,HO Cf  66,39.2259402,-76.7541386,3.9,2,1997-06-30
USGS-391626076572301,HO Bd 405,39.27427205,-76.956088,0.11,1,1997-06-30
USGS-391806077284001,FR Fd  92,39.3012361,-77.4759722,0.29,1,1994-06-14
USGS-391821078521001,VR-13,39.30621174,-78.867522,0.14,1,1995-06-15
USGS-391839076521301,HO Be  88,39.31093879,-76.8699756,0.15,1,1997-05-13
USGS-391930077375101,49Y   2,39.258025,-77.630475,0.09,1,1994-07-19
USGS-392024077153001,FR Ef  52,39.34015556,-77.2580167,0.08,1,1994-07-28
USGS-392030077191301,FR Ef  51,39.34151667,-77.3199333,0.11,1,1994-07-26
USGS-392033077530301,GV-20,39.3426006,-77.88388479,0.25,1,1993-06-10
USGS-392056077055901,HO Ab 103,39.34899277,-77.0994252,0.11,1,1997-05-13
USGS-392152078324501,VR-18,39.3645427,-78.5455669,0.21,1,1995-06-14
USGS-392159076520101,BA Ea  95,39.3664938,-76.866643,0.19,1,1997-07-31
USGS-392326077170401,FR Ef  50,39.3904583,-77.2840083,0.2,1,1994-06-13
USGS-392556078403001,VR-14,39.43231705,-78.6747377,0.13,1,1995-06-13
USGS-392717077453001,WA Dh  39,39.4548216,-77.75804889,3.2,1,1959-04-29
USGS-392719077450401,WA Dh  36,39.45537718,-77.7508265,3.7,1,1959-04-29
USGS-392724077451901,WA Dh  20,39.45676604,-77.7549933,4.3,1,1959-04-29
USGS-392728077450601,WA Dh  27,39.45787715,-77.751382,4.1,1,1959-04-30
USGS-392732077443301,WA Di   1,39.4589883,-77.74221518,4.3,1,1959-04-29
USGS-392807078344301,VR-17,39.46870529,-78.5783465,2.55,2,1995-06-15
USGS-392826077244801,FR De  58,39.47399046,-77.4130408,0.13,1,1997-12-09
USGS-392834077331401,FR Dc  66,39.47627778,-77.5539083,0.18,1,1994-06-08
USGS-392903078480601,VR-15,39.4842585,-78.8014087,1.31,2,1995-06-14
USGS-392929077530201,GV-19,39.49148739,-77.88360739,0.27,1,1993-07-27
USGS-393059078062201,VR-22,39.51648577,-78.1058356,0.11,1,1995-06-21
USGS-393155077243801,FR Ce  92,39.532045,-77.41026328,2.0,2,1994-08-03
USGS-393158076302601,HA Ca  23,39.53315556,-76.5068333,0.09,1,1997-12-04
USGS-393210077392901,WA Cj 132,39.53621007,-77.6577688,0.23,1,1993-06-09
USGS-393229077190101,FR Cf   1,39.5417672,-77.3166506,1.0,1,1955-03-15
USGS-393313077044601,CL Cd 180,39.55327778,-77.0789306,0.16,1,1994-07-07
USGS-393319077560801,GV-18,39.5553749,-77.9352756,1.97,2,1993-06-07
USGS-393419077405901,WA Ci 168,39.57204237,-77.68276969,0.72,2,1993-06-08
USGS-393423077154701,FR Cf  55,39.5725861,-77.26297778,0.13,1,1994-07-07
USGS-393434078111301,VR-23,39.576206,-78.1866722,0.12,1,1995-06-21
USGS-393442076375301,BA Cd 232,39.57677188,-76.6366371,0.1,1,1997-12-09
USGS-393504076133601,39 P22-Fasig,39.58444444,-76.2259722,0.01,1,1994-07-13
USGS-393741076570901,CL Be 120,39.62798889,-76.95227778,0.11,1,1994-06-16
USGS-393815077353001,WA Bj  51,39.6375968,-77.59137939,0.24,1,1993-06-03
USGS-393828076294501,HA Bb 104,39.64121619,-76.4955206,0.01,1,1994-07-21
USGS-393908077033001,CL Bd  13,39.65232274,-77.0580378,0.7,1,1955-03-15
USGS-393912077200001,FR Be 126,39.65329167,-77.33345278,2.7,2,1994-07-25
USGS-394019076374501,BA Ad 146,39.67204868,-76.6288587,0.09,1,1997-07-31
USGS-394038076061701,CE Ab  85,39.6773311,-76.10439488,0.01,1,1994-07-13
USGS-394042077133701,CL Ab 100,39.67832778,-77.22645,2.65,2,1994-07-20
USGS-394116078252401,AL Ah  27,39.6878674,-78.4230686,3.3,2,1995-06-16
USGS-394117077080901,CL Ac 117,39.6865222,-77.1343111,0.34,1,1994-07-25
USGS-394127075583101,CE Ad  67,39.69094425,-75.9749452,0.02,1,1994-07-14
USGS-394200076551201,CL Ae   1,39.70010169,-76.9197014,0.1,1,1997-05-15
USGS-394209076164301,HA Ad  15,39.7026051,-76.2782905,0.01,1,1994-07-20
USGS-394240076263501,HA Ab  12,39.71121557,-76.4427409,0.01,1,1994-07-19
USGS-435400070280101,CW   876,43.90007488,-70.4664443,0.2,1,1958-08-04
USGS-435530070284701,CW   884,43.92507419,-70.4792227,34.0,1,1958-08-04
USGS-435537070285501,CW   883,43.92701857,-70.4814449,960.0,1,1958-08-04
USGS-435630070293701,CW   886,43.94174035,-70.493112,110.0,1,1958-08-04
USGS-442311070455501,OW  1152,44.386455,-70.7647906,1.3,1,1979-02-09
USGS-443247070501001,OW   951,44.54645029,-70.8356276,1.3,1,1979-02-09
USGS-443409070334501,OW  1126,44.5692297,-70.5620105,0.28,1,1979-03-09
USGS-444014070092801,FW   512,44.6706156,-70.157284,0.01,1,1979-02-07
USGS-444312070031101,FW    69,44.72005957,-70.0525614,0.9,1,1979-02-07
USGS-445805070405501,FW   558,44.9681105,-70.6814572,0.19,1,1979-02-07
USGS-451129070274801,FW   740,45.1914425,-70.4628454,2.1,1,1979-02-15
USGS-414955086372501,07S 20W 27CAB 01 BERIEN,41.8319873,-86.623634,0.05,1,1978-09-22
USGS-415154084315401,07S 02W 15BCBA01 HILLSDALE CO OSSEO,41.86504807,-84.5316163,0.56,2,1984-12-10
USGS-415206083414401,07S 06E 15ACAA01  MONROE CO PETERSBURG D,41.87652778,-83.6960833,0.1,1,1979-08-09
USGS-415236084313701,07S 02W 10BDDD01 HILLSDALE CO PITTSFORD,41.87677009,-84.5269495,0.4,1,1976-06-16
USGS-415435083342601,07S 07E 03AAAA01  MONROE,41.9097682,-83.5738247,0.25,1,1986-08-29
USGS-415630085032501,06S 06W 18CCCD01 BRANCH CO (COLDWATER TWP),41.9417152,-85.0569131,0.9,1,1984-12-10
USGS-415759083580901,06S 04E 08DDBA01 LENAWEE CO (FISHER BODY),41.9664341,-83.9691089,0.1,1,1976-06-14
USGS-420019083311201,05S 08E 31DAAC01  MONROE,42.0053225,-83.519935,0.02,1,1986-08-29
USGS-420838085344501,04S 11W 03CDDA01 KALAMAZOO CO (PRAIRIE VIEW PARK),42.1439331,-85.5791662,0.49,1,1982-09-21
USGS-421210083474500,URB161-03,42.20277778,-83.7959167,1.0,1,1996-11-14
USGS-421322083441301,03S 06E 16BCCD 01 WASHTENAW CO (AIRPORT),42.2228171,-83.7368848,0.8,1,1984-12-12
USGS-421435084234801,03S 01W 02BDBA01 JACKSON CO (HAMBURG STREET),42.2430913,-84.3966237,0.04,1,1976-06-09
USGS-421850084043001,02S 03E 09DAAB02 WASHTENAW CO (WATERLOO),42.3161472,-84.0777275,0.04,1,1976-06-15
USGS-422032085091801,01S 07W 32BDCC 01 CALHOUN CO (PENNFIELD TOWNSHIP),42.34198499,-85.1552697,1.0,1,1982-09-21
USGS-422455083255401,01S 09E 07CBCB01  WAYNE     SCHOOLCRAFT COMM COLLG,42.41531348,-83.431601,0.03,1,1986-09-05
USGS-422547083323801,01S 08E 06BDDB01  WAYNE,42.42975739,-83.5438261,0.03,1,1986-09-05
USGS-422646084204001,65-BUNKERHILL-1,42.4461472,-84.3444105,0.408,1,1988-05-25
USGS-422751083405200,URB093-13,42.4642111,-83.6811833,7.0,1,1996-11-19
USGS-422853083402801,01N 06E 13DBAB 01 LIVINGSTON CO (AMR AGG),42.48142277,-83.6743845,1.4,1,1976-06-10
USGS-422956083380000,URB125-7,42.4988611,-83.6333056,4.0,1,1996-11-20
USGS-423020083390100,URB125-08,42.505525,-83.6502806,7.0,1,1996-11-21
USGS-423022083233300,URB125-25,42.50599444,-83.3925556,1.0,1,1996-12-12
USGS-423110085583301,02N 14W 32AAA 01 ALLEGN,42.51947598,-85.9758626,0.01,1,1978-09-19
USGS-423401086024601,02N 15W 11CDA 01  ALLEGN,42.56697387,-86.0461434,0.02,1,1978-09-19
USGS-423402083272700,URB125-14,42.5671111,-83.4576306,1.0,1,1996-12-17
USGS-423423083324001,02N 08E 18DBAD01 OAKLAND CO (PROUD LAKE WELL),42.57253229,-83.5438283,0.4,2,1984-12-12
USGS-423518083244101,02N 09E 08DCBB 01,42.58836598,-83.4113257,0.6,1,1956-01-17
USGS-423532084274001,02N 01W 05 BCAB01 INGHAM CO (KERNS ROAD),42.59225818,-84.4599742,0.25,2,1984-12-03
USGS-423609085283201,03N 10W 34DA 01 BARRY,42.60253448,-85.475569,0.25,1,1978-09-19
USGS-423735084482801,45-BENTON-12,42.6264251,-84.8077653,0.01,1,1988-06-29
USGS-423737084483701,45-BENTON-10,42.6269806,-84.8102654,0.16,1,1988-06-27
USGS-423737084483702,45-BENTON-11,42.6269806,-84.8102654,0.03,1,1988-06-27
USGS-423821083170101,03N 10E 28CACB 01,42.6391994,-83.2835467,0.2,1,1929-01-01
USGS-423853083161301,03N 10E 28AAAA 01 (B),42.64808826,-83.27021339,0.1,1,1956-01-17
USGS-424026083084600,URB125-19,42.67377778,-83.1461111,1.0,1,1996-12-18
USGS-424133083293201,03N 08E 03DBAB01 OAKLAND CO (WHITE LAKE ROAD),42.6928076,-83.4924417,0.1,1,1976-06-10
USGS-424258083223300,URB125-23,42.7160611,-83.3757778,1.0,1,1996-12-03
USGS-424300084201001,04N 01E 21CDDA01 INGHAM CO (SHERWOOD RD WELL),42.7167012,-84.3360823,0.4,1,1976-06-08
USGS-424349084252501,04N 01W 16DAD 01 INGHAM CO (MERIDIAN TWP),42.73031247,-84.4235854,0.04,1,1981-08-27
USGS-424447084333901,04N 02W 09CBCA 01,42.74642377,-84.5608128,0.9,1,1954-06-17
USGS-424503084330101,04N 02W 09ACBD01 INGHAM,42.75086816,-84.5502569,1.0,1,1981-09-02
USGS-424518084444301,04N 04W 11ABAA01 EATON CO (PARK),42.7550351,-84.7452646,0.04,1,1976-06-03
USGS-424637084360601,05N 02W 31CBBA01 CLINTON CO (CAPITAL CITY AIRPORT),42.77697908,-84.6016484,0.04,1,1976-06-07
USGS-425030085434901,05N 12W 04DCCD01 KENT CO (WOBMA),42.8416946,-85.7303074,0.3,1,1976-06-21
USGS-425305085432001,06N 12W 27BBBA01 KENT CO (44TH STREET),42.88474947,-85.7222528,0.03,1,1976-06-21
USGS-425552083382801,06N 07E 09DCCC01 GENESEE CO FISHER BODY NO. 2 WELL,42.9311388,-83.6410634,1.8,1,1984-11-30
USGS-425632084253301,06N 01W 03AAB 01 CLINTN,42.94225306,-84.4258115,1.4,1,1978-09-25
USGS-425926085034301,07N 06W 18DCAB01 IONIA CO IONIA NO. 5,42.990588,-85.06195049,0.47,1,1981-11-18
USGS-430048082474201,07N 14E 27AABC01 ST CLR,43.01336066,-82.794928,0.6,1,1982-09-22
USGS-430258083090701,07N 11E 03DDBC01 LAPEER A E MATHEWS RDSDE PARK,43.04947179,-83.1518847,1.4,1,1982-09-22
USGS-431127083504001,49-MONTROSE-20,43.1908596,-83.8444093,0.06,1,1988-06-30
USGS-431330083504501,49-MONTROSE-1,43.191693,-83.8544096,0.258,1,1988-06-07
USGS-431330083504502,49-MONTROSE-2,43.191693,-83.8544096,0.402,1,1988-06-07
USGS-431457084194401,10N 01E 22DADA01 SAGINAW CO (MARION SPRINGS DEEP),43.24919238,-84.3288756,0.03,1,1978-09-20
USGS-432130085150601,11N 08W 10DBB 01 MNTCLM,43.3583641,-85.2516937,0.3,1,1979-08-21
USGS-432404083285602,12N 08E 26DDCC02  TUSCLA      ROADSIDE PARK,43.40113379,-83.482177,0.08,1,1980-08-21
USGS-432438086090077,121-CEDAR CREEK-10,43.4105696,-86.1520066,0.17,1,1988-06-21
USGS-432438086090702,121-CEDAR-CREEK-6,43.4105696,-86.1520066,0.43,1,1988-06-18
USGS-432438086090703,121-CEDAR-7,43.4105696,-86.1520066,0.26,1,1988-06-18
USGS-432438086090705,121-CEDAR CREEK-9,43.4105696,-86.1520066,0.13,1,1988-06-21
USGS-432936083484201,13N 06E 30CDCC01 BAY CO (B19A),43.49335699,-83.8116365,6.3,1,1983-09-21
USGS-433133086082601,13N 15W 18AAAA01 OCEANA CO (HESPERIA),43.5260961,-86.1405098,0.24000000000000002,2,1984-12-07
USGS-433439082523601,13N 13E 12ADAA01 SANILAC CO (MINDEN),43.577518,-82.8766044,0.09,1,1982-09-22
USGS-433447084470201,14N 04W 27BBDB01 ISABELLA CO,43.57975209,-84.7839034,0.06,1,1981-08-28
USGS-433447084470301,14N 04W 27BBDB02 ISABELLA CO,43.57975209,-84.7841812,0.16,1,1981-08-28
USGS-433652084015401,14N 04E 18DADD01 BAY CO (B15A),43.6144689,-84.0316482,2.0,1,1983-09-22
USGS-434017085530301,15N 13W 20DDB 01 NEWYGO,43.6714043,-85.88422559,0.11,1,1979-08-21
USGS-434402083055901,"15N 12E 18AAAA01 HURON CO (SHERIDAN TWP, H-4)",43.73390439,-83.0993912,1.35,1,1997-11-12
USGS-434518084352601,16N 02W 30AACB01 MIDLND,43.7550279,-84.5905655,0.02,1,1981-08-31
USGS-434522084350001,16N 02W 29ABBD01 MIDLND,43.756139,-84.583343,0.14,1,1981-08-31
USGS-434616085452801,16N 09W 15CCCC01  MECSTA,43.7711332,-85.3911547,0.06,1,1986-08-26
USGS-434627084062001,16N 03E 22CBBD01 BAY CO (BC-1),43.77419015,-84.1055448,0.54,1,1978-10-12
USGS-434627084062002,16N 03E 22CBBD02 BAY CO (BC-2),43.77419015,-84.1055448,0.01,1,1978-10-12
USGS-434627084062005,16N 03E 22CBBD05 BAY CO (BC-5),43.77419015,-84.1055448,0.01,1,1978-10-12
USGS-435348085514401,17N 13W 04ADAA01 LAKE CO (BALDWIN),43.8966784,-85.8622845,0.03,1,1976-06-22
USGS-435543086011401,18N 14W 30AAD 01 LAKE,43.9286204,-86.02062459,0.01,1,1978-09-26
USGS-435607083163901,18N 10E 35C   01  HURON,43.93529209,-83.2774581,0.11,1,1980-08-21
USGS-440207082592801,19N 13E 31AD  01  HURON,44.0352919,-82.9910582,0.04,1,1980-08-21
USGS-440208083522601,11-ARENAC-4,44.03557546,-83.8738784,0.039,1,1988-06-01
USGS-440342083542801,19N 05E 07DABA01 ARENAC CO (OMER DEEP),44.06168659,-83.9077683,0.24,2,1985-08-06
USGS-440342083542802,19N 05E 07DABA02 ARENAC CO (OMER SHALLOW),44.06168659,-83.9077683,0.38999999999999996,2,1985-08-06
USGS-440503084190101,20N 01E 34DCC 01  GLADWN,44.08418757,-84.3169488,0.07,1,1978-09-29
USGS-440608085183001,20N 08W 30AAAB01  OSEOLA,44.10223525,-85.3083789,0.26,1,1986-08-26
USGS-440737085483701,20N 13W 13ACAC01 LAKE CO (IRONS),44.1273333,-85.8105,0.26,2,1985-08-01
USGS-440945085190201,20N 11W 01ADBD01 LAKE OLGA,44.16250905,-85.5672788,0.09,1,1980-08-29
USGS-441210085560301,21N 13W 19BDDC01 MANSTE,44.20278409,-85.9342399,0.09,1,1979-08-22
USGS-441822085425801,22N 12W 13BB 01 WEXFRD HARIETTA HATCHERY,44.3061162,-85.7161757,0.48,1,1979-08-22
USGS-442230083360501,23N 07E 21BCC 01  IOSCO,44.3750164,-83.6013674,0.34,1,1980-08-20
USGS-442810083191901,24N 09E 15DDAA01  IOSCO,44.46945936,-83.3219122,0.2,1,1986-05-20
USGS-442839083312301,24N 07E 13ADAD01 IOSCO CO (COON ROAD),44.47779328,-83.5230312,0.135,2,1985-09-19
USGS-442916083475001,24N 05E 11CAA 01  IOSCO,44.487793,-83.797208,0.3,1,1978-09-28
USGS-443324085222201,25N 09W 14CCC 01 GRAND TRAVERSE CO (GR TRV),44.5566717,-85.372836,0.07,1,1978-09-27
USGS-443400084090001,25N 02E 14DDA 01  OSCODA,44.5666821,-84.1500051,0.23,1,1979-08-24
USGS-443600084373001,26N 03W 36CCD 01  CRWFRD,44.60001596,-84.6250254,0.1,1,1978-09-28
USGS-443653084593101,26N 06W 25CCB01 KALKASKA CO,44.6147328,-84.99198789,0.2,1,1978-09-27
USGS-443721084472901,26N 04W 28BDA 01  CRWFRD,44.62251438,-84.7914212,0.4,1,1978-09-28
USGS-443921085213501,26N 09W 14ABAA01 GRAND TRAVERSE CO (FIFE LAKE),44.65583768,-85.359783,0.15,2,1987-09-01
USGS-443930085562901,26N 14W 13AAB 01 BENZIE CO,44.65833356,-85.9414751,0.07,1,1982-09-15
USGS-443931085564201,26N 14W 13ABA 01 BENZIE CO,44.6586113,-85.9450864,1.0,1,1982-09-15
USGS-444044083354601,26N 07E 04BDB 01 ALCONA CO,44.6789016,-83.5960893,0.19,1,1978-09-28
USGS-444248086070001,27N 15W 27BCDC01 BENZIE,44.71333186,-86.1167602,0.08,1,1981-08-31
USGS-444250086071001,27N 15W 27BCCB01 BENZIE,44.71388739,-86.119538,0.16,1,1981-09-01
USGS-444938084283401,28N 01W 18ABB 01 CRWFRD,44.8272357,-84.4761315,0.2,1,1980-08-19
USGS-445011086031401,28N 14W 18BABB01 LEELANAU CO EMPIRE SHALLOW NO. 5,44.83638535,-86.0539823,0.165,2,1985-08-29
USGS-445020086012201,28N 14W 08DDCA01 LEELANAU CO EMPIRE DEEP NO. 6,44.83888547,-86.0228703,0.32,1,1980-08-26
USGS-445429085033601,29N 06W 17DBB 01  ANTRIM,44.90806235,-85.0600515,0.24,1,1980-08-28
USGS-445515083244701,29N 08E 12DBCC01 ALPENA CO OSSINEKE FOREST CMPGRD,44.92084556,-83.4130283,0.13,1,1980-08-19
USGS-445920084425801,30N 03W 19ABBB01 OTSEGO CO (OLD ALBA ROAD),44.9891111,-84.7171111,0.16,1,1979-08-23
USGS-450630084095801,31N 02E 03ADD 01  MNTMRY,45.10834335,-84.1661174,0.74,1,1979-08-23
USGS-450850083393401,32N 06E 23DDDA01 ALPENA CO (ALPENA STATE FOREST),45.1472343,-83.6594303,0.1,2,1988-05-31
USGS-451154087361601,32N 27W 02BACD01  MENOME,45.1983145,-87.6045539,0.02,1,1988-08-12
USGS-451254087364101,33N 27W 35BBCB01 MENOMINEE CO (ROADSIDE PARK),45.2149804,-87.6114988,0.28,1,1982-09-15
USGS-451304084232901,33N 01W 26DABB01 CHEBOYGAN CO (PIGEON CCC),45.2205688,-84.3914086,0.08,1,1976-06-23
USGS-451845083335001,34N 07E 27DA 01 PRSQ I GRAND LAKE REST AREA,45.3125144,-83.5638734,0.29,1,1979-08-23
USGS-452407087213601,35N 25W 26BAAD01 MENOMINEE CO (WELLS STATE PARK),45.401922,-87.3601183,0.04,1,1987-08-13
USGS-452510087365601,35N 27W 22AAAD01  MENOME,45.41941747,-87.6156719,0.21,1,1986-09-05
USGS-452551084505901,35N 04W 18BCAC01  EMMET CO,45.4308438,-84.84976979,0.26,1,1982-09-16
USGS-452552084505901,35N 04W 18BCAC02 EMMET CO,45.4311216,-84.8497698,0.14,1,1982-09-16
USGS-453540087324301,37N 26W 17CDCD01 MENOMINEE CO (CARNEY VILLAGE),45.59441268,-87.5454008,0.111,1,1987-08-28
USGS-454103087081001,38N 23W 15CDBB 01 DELTA  CO (FORD R TWP),45.684136,-87.1362431,0.08,1,1987-08-11
USGS-454159086552001,38N 21W 08DBDB 01  DELTA CO (WILSEY BAY),45.6996943,-86.9223562,0.27,1,1987-09-04
USGS-454212087182101,38N 24W 07DAAA 01 DELTA CO (BARK R TWP),45.70330139,-87.30596439,2.7,1,1986-09-04
USGS-454248087362801,38N 27W 02CACC01  MENOME,45.71329706,-87.6079034,0.04,1,1986-09-02
USGS-454427084424001,39N 03W 29CBCB01 CHEBOYGAN COUNTY (STIMPSON RD D),45.7408452,-84.7111595,0.33,1,1979-08-23
USGS-454427084424002,39N 03W 29CBCB02 CHEBOYGAN CO (STIMPSON ROAD S),45.7408452,-84.7111595,0.04,1,1979-08-23
USGS-454450087043901,39N 22W 30BCCD 01 DELTA CO ESC NO. 2,45.74719088,-87.0776357,0.09,1,1981-12-18
USGS-454625086330801,39N 18W 17ACCB01 DELTA CO (GARDEN),45.77358936,-86.5523618,0.2,1,1981-12-07
USGS-454729087565101,39N 30W 12AACC 01 DICKINSON CO (C-Q MILL),45.7913461,-87.9476253,0.31,1,1988-08-24
USGS-454757087043001,39N 22W 06CCAD 01 DELTA CO (DNR GARAGE),45.79913367,-87.0751367,0.03,1,1986-09-05
USGS-455019086395601,40N 19W 28BBBB 01 DELTA CO  (NAHMA),45.83858448,-86.6656966,0.208,1,1987-08-10
USGS-455123087081601,40N 23W 15CCD 01 DELTA CO (USFWS),45.85635328,-87.1379148,0.03,1,1988-08-17
USGS-455514086203501,41N 16W 29BCBD 01  SCHOOLCRAFT CO (THOMP. HATCH.),45.92052908,-86.34319749,0.27,1,1987-09-03
USGS-455515086203701,41N 16W 29BCBC 01 SCHOOLCRAFT CO  (THOMP. HATCH.),45.9208068,-86.343753,0.14,1,1981-12-07
USGS-455541084441401,41N 03W 19CCCC01 MACKINAC CO (BIA 2),45.9280686,-84.7372735,0.02,1,1986-08-27
USGS-455544086575801,41N 21W 20CDBC01 DELTA OMNI (A),45.9288531,-86.9662514,0.01,1,1987-08-11
USGS-455827087402901,41N 27W 03CCAA 01 DICKINSON CO (STUR. R. PARK),45.9741214,-87.6748546,0.03,1,1986-09-04
USGS-455907087064101,41N 22W 06BABB01 DELTA CO (MID-PENINSULA),45.985238,-87.1115284,0.24,1,1986-08-29
USGS-455959084222801,42N 01W 25CDD 01 MACKINAC CO (LES CHENEAUX),45.9997395,-84.37447678,0.18,1,1988-09-01
USGS-460050085003501,42N 06W 23DDDD01 MACKINAC CO (L BREVORT LK CMPGRD),46.0138997,-85.0097867,0.31,1,1987-08-26
USGS-460250087283201,42N 25W 07DACC01  MARQTE,46.04717589,-87.4756908,0.22,1,1986-09-03
USGS-460338085505901,42N 12W 06DCAA01 MACKINAC CO (INLAND),46.0605378,-85.8498377,0.385,1,1987-08-27
USGS-460357087350301,42N 26W 05ACCC01 MARQUETTE CO (NORTHLAND),46.06578546,-87.5843011,0.03,1,1987-09-02
USGS-460427087515601,43N 28W 31CCCA 01 DICKINSON CO (GENES POND CPGD),46.0741165,-87.8656886,0.779,1,1987-08-12
USGS-460549085414601,43N 11W 28BCBB01 MACKINAC CO (NEWTON TWP HALL),46.09693205,-85.6962194,0.57,1,1987-08-31
USGS-460659085214601,43N 09W 13DDDA01 MACKINAC CO (BLACK R CAMPGROUND),46.11638907,-85.36286919,0.02,1,1982-09-16
USGS-460930084214701,44N 01E 31CCCC01 CHIPPEWA CO (PICKFORD TWP PARK),46.15835149,-84.3630913,0.1,1,1980-08-28
USGS-461115087445001,44N 28W 25AABD 01 DICKINSON CO (ST. FOR. CPGD),46.1874465,-87.7473566,0.26,1,1988-08-22
USGS-461144086580901,44N 21W 20BCCC 01 ALGER CO (TRENARY),46.195508,-86.9693125,0.11,1,1988-08-25
USGS-461337089312501,44N 42W 11BDAC01 GOGEBIC CO (ND UNIV),46.2268932,-89.5237596,0.26,1,1988-08-18
USGS-461346086355201,44N 18W 07AABD 01 SCHOOLCRAFT CO (PETES LK CPGD),46.22940067,-86.5979312,0.04,1,1986-08-28
USGS-461354088270201,44N 33W 08AAAA01 IRON CO (AMASA),46.23161559,-88.450692,1.5,2,1981-12-10
USGS-461432084110001,44N 02E 04ABDC01 CHIPPEWA CO (METHODIST CAMP),46.2422401,-84.183362,1.0,1,1980-08-28
USGS-461500085550001,SCHOOLCRAFT 45-13 PAS11,46.25002778,-85.9280556,0.15,1,1986-08-26
USGS-462043085572601,46N 13W 32ABB 01 SCHOOLCRAFT CO (DNR),46.3452569,-85.9573625,0.01,1,1988-09-01
USGS-462117087131001,46N 23W 29CBBA01  MARQTE   SKANDIA,46.3546643,-87.2195873,1.1,1,1987-09-01
USGS-462119089054401,46N 38W 30ADDD01 ONTONAGON CO (INTERIOR),46.3552249,-89.0956954,0.2,1,1976-06-14
USGS-462159084442201,46N 04W 24DAAD01 CHIPPEWA CO (RACO),46.3665189,-84.7391692,0.04,1,1976-06-08
USGS-462239087243101,46N 25W 15DDDD01 MARQUETTE CO (SP-11),46.3765,-87.4094167,0.15,1,1981-06-01
USGS-462425087255201,46N 25W 04DDCA 01 MARQUETTE CO (SP-8),46.40688349,-87.43124979,0.03,1,1981-06-05
USGS-462443087262901,46N 25W 04CAB 01 MARQUETTE CO (P-2),46.4117222,-87.4414167,0.21,1,1980-07-29
USGS-462446086391201,46N 19W 02BDCC 01 ALGER CO (CITY PARK),46.41272376,-86.6534916,1.2,1,1980-08-21
USGS-462449087285101,46N 25W 06BDD 01 MARQUETTE CO (SP-29),46.41452778,-87.48088889,0.08,1,1981-06-02
USGS-462457084333001,46N 02W 04ABDC01 CHIPPEWA CO (BRIMLEY STATE PARK),46.4158543,-84.558383,0.83,1,1980-08-27
USGS-462506087273001,46N 25W 05ABC 01 MARQUETTE CO (SP-23),46.4178552,-87.4579714,0.09,1,1981-06-04
USGS-462514087301001,47N 26W 36CDD 01 MARQUETTE CO (SP-30),46.4207222,-87.5026944,0.23,1,1981-09-01
USGS-462515087284801,47N 25W 31 CDD 01 MARQUETTE CO (SP-27),46.42063889,-87.4793333,0.11,1,1980-07-29
USGS-462520084212401,47N 01E 31CDBA01 CHIPPEWA CO (SAULT TWP SCHOOL),46.42224315,-84.3567059,2.7,1,1987-08-27
USGS-462553087253901,47N 25W 33AAD 01 MARQUETTE CO (SP-34),46.43163889,-87.4277222,0.11,1,1981-09-08
USGS-462630087310401,47N 26W 26DBB 01 MARQUETTE CO (SP-31),46.4416042,-87.5179148,0.05,1,1980-07-30
USGS-462651086214601,47N 16W 30BBBB01 SCHOOLCRAFT CO (CUSINO CCC WELL),46.4482922,-86.3621057,0.06,1,1976-06-07
USGS-462702087252701,47N 25W 22CCD 01 MARQUETTE CO. (P-4),46.4495,-87.4245833,0.08,1,1980-07-24
USGS-462730087290701,47N 25W 19BCA 01 MARQUETTE CO (SP-19),46.45768688,-87.4875263,0.11,1,1980-07-30
USGS-462732087253401,47N 25W 22BCB 01 MARQUETTE CO (P-1),46.4579722,-87.42588889,0.2,1,1981-08-31
USGS-462735090044801,47N 46W 20ABDC01 GOGEBC BESSEMER SO. BOGGIO NO. 1,46.45966979,-90.0801727,11.0,2,1981-12-09
USGS-462756085564401,47N 13W 16CBDC01 SCHOOLCRAFT CO (FOX R CPGD),46.46553617,-85.9457054,0.04,1,1978-12-05
USGS-462811087262501,47N 25W 16CAA 01 MARQUETTE CO (SP-15),46.4698333,-87.4402778,0.48,1,1981-06-03
USGS-462904089564101,47N 45W 09BCDC01  GOGEBC,46.48439196,-89.94489139,0.33,1,1986-08-29
USGS-462926087211001,47N 24W 07ABAC01  MARQTE,46.49049086,-87.3529182,2.2,1,1986-09-03
USGS-462938087475901,47N 28W 03CCDC01 MARQUETTE CO (ELY TWP WELL),46.49382488,-87.7998573,0.08,1,1976-06-01
USGS-462954090033701,47N 46W 04DBBA01 GOGEBIC CO (BESSEMER),46.49828068,-90.0604509,0.156,1,1987-08-21
USGS-462955090032801,47N 46W 04DBAA01 GOGEBIC CO (BESSEMER),46.49855845,-90.0579509,0.09,1,1981-12-09
USGS-463042087581901,48N 29W 31DADA01  MARQTE   CHAMPION,46.5116024,-87.972079,2.7,1,1987-09-02
USGS-463257088315801,48N 34W 22AAAD01 BARAGA CO (VFW),46.54910698,-88.5329148,0.79,1,1986-08-26
USGS-463433085151801,48N 08W 12BACB01 LUCE CO (FALLS),46.5758488,-85.2551092,0.1,1,1986-08-26
USGS-463514089325001,48N 42W 03BCAD01 ONTONAGON CO (BERGLAND DAM),46.58716935,-89.5473755,0.77,1,1986-08-28
USGS-463526089335201,48N 42W 04BADB01  ONTNGN,46.5905027,-89.5645984,0.67,1,1986-08-28
USGS-463630090195101,49N 48W 32ABBA01 GOGEBIC CO (LITTLE GIRLS POINT),46.60827889,-90.3310116,1.94,1,1987-08-20
USGS-464735088245601,51N 32W 19DCCC01 BARAGA CO (ZEBA),46.79298698,-88.4156849,0.76,1,1980-08-19
USGS-464800088292001,51N 33W 21DABC01 BARAGA CO (OJIBWA),46.79993197,-88.4890188,3.3,1,1980-08-21
USGS-465002089321601,51N 41W 08BDBC01 ONTONAGON CO (SILVER CITY),46.8333063,-89.5382889,5.34,2,1987-08-19
USGS-465017088125601,51N 31W 03DDDC01 BARAGA CO (SICOTTE),46.83798406,-88.2156818,6.7,1,1988-08-19
USGS-470901088453901,55N 35W 21BCDA01 HOUGHTON CO (REDRIDGE),47.1502043,-88.7609582,0.96,1,1988-08-10
USGS-471107088315601,55N 33W 06DDDD01 HOUGHTON CO (BOSTON),47.18520415,-88.5323429,0.124,1,1987-08-27
USGS-472131088083901,57N 30W 08BABA01  KEWENW   CALUMENT AFB,47.35852689,-88.1442737,0.842,1,1987-08-26
USGS-472542088141301,58N 31W 15BBCC01 KEWEENAW CO (SOC ST. JOHN),47.42824818,-88.237048,0.2,1,1988-08-10
USGS-472725087543401,58N 28W 06BADD01 KEWEENAW CO (K. MOUNTAIN LODGE),47.45685036,-87.9095526,0.18,1,1986-08-27
USGS-472837087594701,59N 29W 28CDBD01 KEWEENAW CO,47.47685127,-87.9964942,4.2,1,1986-08-27
MN040-442612093110201,PDCJ-U01  111N20W11ADCA  01             0000162682,44.436625,-93.1842833,5.0,1,1996-08-13
MN040-443119093050101,PDCJ-U08  112N19W10DABBAD01 W813 DD34   0000443920,44.52213056,-93.0842417,1.0,1,1996-08-08
MN040-443232093230901,PDCJ-C8   112N21W06AACABC01 W841        0000436444,44.54275,-93.3891944,3.0,1,1996-07-31
MN040-443505093255201,PDCJ-C2   113N22W23BADBDD01 W808        0000427107,44.5831944,-93.4321417,4.0,1,1996-07-31
MN040-443641093110701,PDCJ-C11  113N20W11ACBDDA01 W805        0000119678,44.61196667,-93.1857139,1.0,1,1996-09-04
MN040-443645092525501,PDCJ-C17  113N17W08ABCDBC01 W807        0000443901,44.61392778,-92.8820472,2.0,1,1996-08-12
MN040-444059093260901,PDCJ-C3   114N22W14BCDBAB01 W809        0000127106,44.68263056,-93.4361,2.0,1,1996-08-01
MN040-444202093225901,PDCJ-C7   114N21W07AACBCD01 W811        0000207461,44.7005194,-93.3837556,3.0,1,1996-08-05
MN040-444331093080801,PDCJ-U04  115N19W32BCCCBC01             0000136548,44.7251972,-93.1361917,1.0,1,1996-08-19
MN040-445117093042701,PDCJ-U06  027N22W05DBBBAB01 W520        0000427141,44.8547694,-93.074225,1.0,1,1996-08-13
MN040-445245092545501,PDCJ-U11  028N21W27CDABDD01 W815        0000427865,44.8790083,-92.9151194,1.0,1,1996-08-14
MN040-445321092590101,PDCJ-C16  028N21W30BBBCCC01 W806        0000415681,44.88914167,-92.9838639,1.0,1,1996-08-07
MN040-450516093281001,PDCJ-C5   119N22W28ACCDDB01             0000104843,45.0880833,-93.4695028,3.0,1,1996-08-27
MN040-450758093061501,PDCJ-C13  031N22W32ADCAAD01 WB545       0000170633,45.1327194,-93.1046278,2.0,1,1996-08-26
MN040-471415096260701,RS20      143N45W06BBBBCD01             0000117133,47.2369096,-96.4356216,0.01,1,1995-07-20
MN040-475030094431801,RT36      150N32W03ADBBCA01             0000166741,47.84190097,-94.7258113,0.01,1,1995-06-07
USGS-433458093455201,101N24W06BBA KINGSTROM 1,43.58273188,-93.764669,3.2,1,1980-01-31
USGS-433615093403001,102N24W26DCA   01 Walters Cit 0000241138,43.60412117,-93.6752212,1.2,1,1980-09-02
USGS-434039092553201,103N17W31CCD   01 Austin 4,43.67496309,-92.9257459,1.0,1,1980-01-30
USGS-434122093432205,103N24W28CDC SCHROEDER 5,43.68939909,-93.7230019,3.4,1,1980-01-30
USGS-434547094095802,104N28W35CCB   02,43.7630106,-94.1663505,1.0,1,1980-01-29
USGS-440237093000701,107N18W28CAB   01 Claremont 2,44.04357534,-93.0021445,1.0,1,1980-09-02
USGS-441454092101001,108N11W17BAD   01 Plainview,44.24829965,-92.169615,1.2,1,1980-02-12
USGS-441714093575001,110N26W33DBC KASOTA    1,44.28718899,-93.9641239,2.1,1,1980-09-03
USGS-441805092472501,110N16W30CBC WANAMINGO 2,44.3013535,-92.7899193,0.6,1,1980-09-02
USGS-441851093341801,110N23W22DCA   01 Kilkenny,44.31413058,-93.5718933,3.1,1,1980-09-03
USGS-443042092570401,PDCJ-U09  112N18W14BADCAB01             0000145903,44.51161389,-92.9510806,3.0,1,1996-08-15
USGS-443623094042801,113N27W10CBC ARLINGTON 2,44.60635226,-94.0746942,1.9,1,1980-09-04
USGS-443710093453501,113N24W06CAD BELLE PLAINE CITY WELL 2,44.6194077,-93.7599615,3.2,1,1980-09-03
USGS-444409093120702,115N20W27AABF1SCHERSAND2,44.7324651,-93.2057751,0.8,1,1980-09-05
USGS-444614093470201,115N25W13BCA   01             0000220973,44.77051787,-93.7841302,2.8,1,1980-09-04
USGS-445125092464001,027N20W02BCC   01             0000216163,44.8561111,-92.7786111,2.1,1,1979-11-20
USGS-445125092464002,027N20W02BCC   02             0000216162,44.85638889,-92.7788889,1.4,1,1979-11-20
USGS-445125092464003,027N20W02BCC   03             0000216161,44.85635638,-92.779092,2.7,1,1979-11-21
USGS-450126093180901,HN-U      029N24W04CDD   01             0000571162,45.0233833,-93.3017056,2.0,1,1996-07-09
USGS-450236093175801,HN-S      118N21W11AAA   01             0000560425,45.04323889,-93.2995611,1.0,1,1996-07-08
USGS-450305093172501,HN-O      118N21W01CDD   01             0000560421,45.05135556,-93.2902278,5.0,1,1996-07-09
USGS-450326093175201,HN-N      118N21W01CBB   01             0000560420,45.0575444,-93.2980528,13.0,1,1996-07-03
USGS-450333093201701,HN-L      118N21W03BCC   01             0000560418,45.05893056,-93.3379333,4.0,1,1996-07-02
USGS-450448093205301,HN-I      119N21W28DCD   01             0000560415,45.0806,-93.3474361,4.0,1,1996-06-27
USGS-450516093195901,HN-E      119N21W27BDD   01             0000560411,45.0874083,-93.335,4.0,1,1996-06-26
USGS-450524093223201,HN-H      119N21W29BDB   01             0000560414,45.089625,-93.3747694,2.0,1,1996-07-10
USGS-450542093182301,HN-J      119N21W26ABD   01             0000560416,45.0914944,-93.305275,1.0,1,1996-06-27
USGS-450557093201801,HN-D      119N21W22CBC   01             0000560410,45.0987444,-93.3398361,2.0,1,1996-06-25
USGS-450704093210401,HN-A      119N21W16BDD   01             0000560407,45.1176444,-93.3517417,6.0,1,1996-06-25
USGS-451009093181701,CR-E      031N24W14CCC   01             0000560398,45.16778889,-93.3047111,1.0,1,1996-06-20
USGS-451013093185101,CR-F      031N24W15DCD   01             0000560400,45.16996389,-93.314675,6.0,1,1996-06-18
USGS-451027092142901,PDCT-U8   031N15W17DA    01,45.1738333,-92.2413444,1.0,1,1996-08-08
USGS-451116093183101,CR-I      031N24W10DAD   01             0000560406,45.1879583,-93.3081167,1.0,1,1996-06-24
USGS-461547095401801,MM01      133N40W13CACCCC01             0000244244,46.2630163,-95.6719903,0.03,1,1993-09-07
USGS-462157097245801,SD01      133N54W01ABCCBD01,46.3657974,-97.4164802,0.46,2,1993-08-31
USGS-462302096031201,MM18      134N43W35AAAABC01             0000146313,46.38384837,-96.0525566,0.40499999999999997,2,1993-10-13
USGS-462355097134901,SD12      134N52W21CDDCDB01,46.39857498,-97.2306455,4.15,2,1993-08-10
USGS-462448097184101,SD11      134N53W14DCCCCC01,46.41329807,-97.3117575,0.63,2,1993-08-03
USGS-462449095482901,MM17      134N41W23ACCDAC01             0000244264,46.4135709,-95.8083827,0.345,2,1993-09-08
USGS-462634097253701,SD02      134N54W02DDDDDD01,46.4427441,-97.4273139,6.3,2,1993-08-03
USGS-462700095322001,MM02      134N39W01ADCBAC01             0000244249,46.4502381,-95.5372637,1.955,2,1993-09-02
USGS-462710092454001,046N19W21CAB   01 Moose Lake,46.45383519,-92.7613106,1.1,1,1980-02-20
USGS-462724097204601,SF5S      134N53W04AABAAB01,46.4566327,-97.34648,0.41500000000000004,4,1995-06-21
USGS-462748097053301,SD23      135N51W34BCCCCB01,46.46329728,-97.0928653,1.325,2,1993-07-27
USGS-462749097130301,135N52W33DAAAAA01   SD14,46.4635762,-97.2178677,0.575,2,1993-08-12
USGS-462845097292401,SD03      135N54W29DAAAAA01,46.47913459,-97.49037,0.8049999999999999,4,1995-06-22
USGS-462906097092401,SD22      135N52W25AAABAA01,46.48496499,-97.1570332,0.64,4,1995-06-23
USGS-462907097214201,SF4S      135N53W28BBBADB01,46.4852447,-97.3620358,0.28500000000000003,4,1995-06-22
USGS-462931097090801,SD24      135N51W19DAAAAA01,46.4919095,-97.1523109,3.045,2,1993-07-27
USGS-462946097213901,SF3S      135N53W21BCABBC01,46.4960783,-97.3612025,0.87,2,1995-06-22
USGS-463029097283401,SD04      135N54W16ACDDDD01,46.5080242,-97.4764812,0.40499999999999997,2,1993-08-02
USGS-463048096060001,MM19      135N43W16ABADBB01             0000514007,46.5132926,-96.1003352,1.205,2,1993-09-23
USGS-463050095431301,MM16      135N40W09DADDDC01             0000106126,46.51384845,-95.720602,0.03,1,1993-08-25
USGS-463050097213401,SF1S      135N53W16BBABDA01,46.51385656,-97.3598137,1.915,4,1995-06-22
USGS-463107097053301,SD26      135N51W10CCBBBB01,46.51857618,-97.0928656,41.0,2,1993-08-31
USGS-463140095344601,OT12      REDN NAWQA OT LU well (MM03)  0000244252,46.52773778,-95.57282,0.345,2,1993-08-23
USGS-463207097194301,SD08      135N53W03DBABDC01,46.53524575,-97.3289802,0.23,2,1993-08-11
USGS-463221097140101,SD15      135N52W04BDBBBD01,46.5391338,-97.2339793,0.025,2,1993-11-16
USGS-463240097080701,SD27      136N51W32CCCCCC01,46.5444106,-97.1356443,1.44,2,1993-08-17
USGS-463303095325601,OT21      REDN NAWQA OT landuse well    0000244198,46.55079335,-95.549208,0.35,2,1994-07-26
USGS-463305095382701,OT01      REDN NAWQA OT landuse well    0000559130,46.55134859,-95.641155,0.46,2,1995-06-21
USGS-463325096342201,AB22      136N47W34AAADBC01             0000470667,46.5569052,-96.5731285,0.02,1,1995-06-08
USGS-463342095315701,OT28      REDN NAWQA OT landuse well    0000244200,46.5616267,-95.5328185,0.01,1,1995-06-21
USGS-463355097030701,SD28      136N51W25BCCCCC01,46.56524339,-97.0523097,8.05,2,1993-08-04
USGS-463418095490901,MM24      136N41W23CCDCDA01             0000137518,46.57162588,-95.8194933,0.01,1,1993-10-14
USGS-463420097182801,SD06      136N53W26ABAAAA01,46.572191,-97.3081469,2.3,2,1993-08-03
USGS-463422097134501,SD16      136N52W28ACCCCC01,46.5727458,-97.229535,1.2249999999999999,2,1995-06-23
USGS-463430095342601,OT20      REDN NAWQA OT landuse well    0000,46.57495986,-95.5742084,0.05,1,1994-07-26
USGS-463601095312401,OT30-2    REDN NAWQA OT landuse well    0000549737,46.6002377,-95.5236512,0.03,1,1994-07-25
USGS-463603097050601,SD30      136N51W15ABBCBB01,46.60080015,-97.0853662,1.2650000000000001,4,1995-06-27
USGS-463618095353301,OT14      REDN NAWQA OT LU well (MM04)  0000140797,46.6049597,-95.5928198,0.01,1,1993-08-24
USGS-463632097130001,SD17      136N52W09ADDDDD01,46.6088578,-97.219535,1.0899999999999999,2,1993-08-10
USGS-463652096041201,MM20      136N43W11BBBDAD01             0000432602,46.61440335,-96.0703341,0.04,1,1993-10-13
USGS-463903095350701,OT15-2    REDN NAWQA OT landuse well    0000582121,46.6507929,-95.5855969,0.04,1,1994-07-25
USGS-463912095364701,OF1S      REDN NAWQA OT flowpath well   0000244181,46.6532928,-95.6133755,0.05,3,1995-06-20
USGS-463912095364702,OF1D      REDN NAWQA OT flowpath well   0000244183,46.6532928,-95.6133755,0.01,1,1994-08-30
USGS-463928095362501,OF2S      REDN NAWQA OT FP well (OT07)  0000244176,46.65773729,-95.6072642,0.28500000000000003,2,1994-08-30
USGS-463928095362502,OF2D      REDN NAWQA OT flowpath well   0000244196,46.65773729,-95.6072642,0.01,1,1994-08-30
USGS-463956095352601,OT16      REDN NAWQA OT LU well (MM05)  0000244258,46.6655151,-95.5905969,2.875,2,1993-08-24
USGS-463956095355601,OF3S      REDN NAWQA OT flowpath well   0000244184,46.66551507,-95.5992083,0.025,2,1995-06-19
USGS-463956095355602,OF3M      REDN NAWQA OT flowpath well   0000244185,46.66551507,-95.5992083,0.02,1,1994-08-29
USGS-463956095355603,OF3D      REDN NAWQA OT flowpath well   0000244186,46.66551507,-95.5992083,0.02,1,1994-08-29
USGS-464048095413601,MM15      137N40W14DABBBB01             0000106115,46.6799591,-95.6936555,0.01,1,1993-09-01
USGS-464113095341901,OF5S      REDN NAWQA OT FP well (OT17)  0000244187,46.686904,-95.5722628,0.41000000000000003,2,1995-06-19
USGS-464154095375501,OT06      REDN NAWQA OT landuse well    0000244178,46.6982926,-95.6322646,0.01,1,1995-06-20
USGS-464438095512801,MM21      138N41W27BBCBBD01             0000151615,46.7435697,-95.8581046,0.01,1,1993-09-15
USGS-464446095442701,MM14      138N40W21DCCDBB01             0000137521,46.74606985,-95.7411564,0.635,2,1993-09-01
USGS-464457095360301,MM06      138N39W22CBDDDA01             0000444569,46.7491259,-95.601152,0.01,1,1993-08-26
USGS-464547095501201,MM22      138N41W14CCBCAB01             0000151659,46.76301419,-95.8369926,0.05,1,1993-09-16
USGS-465058095265901,MM07      139N38W14CDABDD01             0000142149,46.84940435,-95.4500341,0.01,1,1993-09-15
USGS-465128095521101,139N41W16BDABCD01-1           0000117176,46.8577366,-95.8700477,0.98,2,1993-09-14
USGS-470906096160101,RT26      143N44W33DCDCDB01             0000482512,47.1516286,-96.2672823,1.385,2,1994-11-09
USGS-471240095390101,MM25      143N39W08CDBDDB01             0000145608,47.2110706,-95.6505876,0.39999999999999997,2,1993-09-22
USGS-471421097304601,AB09      144N54W34CCDCA 01,47.2391529,-97.5131444,3.4250000000000003,2,1995-05-10
USGS-471809097534401,ND28      144N57W10CBCDCB01,47.30248929,-97.8959317,74.35,2,1995-06-28
USGS-471914095283101,RT40      144N38W03ACBDBD01             0000192286,47.32051378,-95.4758565,0.01,1,1995-06-07
USGS-471925097232501,RT05      144N53W04AAADBB01,47.3235957,-97.3906446,4.3,2,1994-07-27
USGS-471928095342901,MM08      144N39W02AAABBD01             0000124504,47.3244032,-95.5750263,0.01,1,1993-09-08
USGS-472202096553601,RT06      145N49W17DCDDDB01,47.36719837,-96.927027,0.04,1,1994-08-24
USGS-472409097053701,RT01      145N51W01DABADD01,47.40247997,-97.0939757,2.8150000000000004,2,1994-07-27
USGS-472553095353401,MM09      146N39W26CBBCBA01             0000221673,47.43134726,-95.5930797,0.02,1,1993-09-09
USGS-472941095350401,MM10      146N39W02BDAABD01             0000154125,47.4946802,-95.5847443,3.16,2,1993-09-22
USGS-473059098113701,RT14      147N59W28CCDAAC01,47.5163844,-98.1939846,3.465,2,1994-08-23
USGS-473422095241901,MM11      147N37W08BBBBBB01             0000243203,47.57273418,-95.4055702,0.02,1,1993-09-20
USGS-473512095163201,MM12      148N36W33BCBCCA01             0000243204,47.5866222,-95.275844,0.01,1,1993-09-21
USGS-473612095151501,MM13      148N36W34AAAAAA01             0000243205,47.60106637,-95.2283422,0.05,1,1993-09-21
USGS-473751096543101,RT07      148N49W16DCBCCB01,47.6308088,-96.9089694,0.01,1,1994-08-02
USGS-473931097272101,AB08      148N53W06DDCADC01,47.65859758,-97.4561998,35.0,2,1995-07-19
USGS-474107098405601,RT11      149N63W35ABACDC01,47.68527487,-98.682604,1.1400000000000001,2,1994-08-23
USGS-474116098071701,ND26      149N58W30DDCDAA01,47.6877725,-98.1217636,1.9949999999999999,2,1995-04-19
USGS-474238097425601,RT19      149N55W21ACACC 01,47.7105452,-97.715921,2.5100000000000002,2,1994-11-10
USGS-474247097401301,RT08      149N54W33AACDBA01,47.7130447,-97.6706433,0.04,1,1994-08-02
USGS-474417098532301,ND06      149N64W08BCCCCB01,47.73805267,-98.8901104,0.92,2,1994-08-16
USGS-474443098585701,ND07      149N65W09ABABAB01,47.74527499,-98.9828917,1.325,2,1994-08-16
USGS-474532097344901,AB07      149N54W04BBBBBB01,47.7588771,-97.5806428,0.665,2,1995-05-10
USGS-474926098141901,RT10      150N59W08CAABCA01,47.82388537,-98.2389888,2.13,2,1994-08-04
USGS-475846097141501,RT41      152N51W18CBDAAB01,47.97942886,-97.2378579,0.0,1,1995-07-18
USGS-480606097101901,RT42      153N51W03ADACAC01,48.10165046,-97.1722977,0.0,1,1995-07-18
USGS-364500093225001,T24N R23W 26DAA1,36.7500605,-93.380742,0.75,2,1993-12-16
USGS-365650094003001,T26N R28W 21CCD1,36.94728427,-94.0085435,0.23500000000000001,2,1993-10-26
USGS-365930094183001,T26N R31W 10BBA1,36.99367448,-94.31327479,0.04,1,1994-03-03
USGS-370535093490101,well OZC-12,37.0931113,-93.817151,0.345,2,1993-10-26
USGS-372027093421301,T30N R25W 17ABA,37.3411111,-93.7041667,0.05,1,1994-03-02
USGS-373300094311502,well OZC-6,37.55754687,-94.520233,0.01,1,1993-12-15
USGS-380540094213001,T38N R31W 08ACB1,38.09447469,-94.3585616,0.01,1,1993-12-14
USGS-381204093583201,T39N R28W 02BCC1,38.20113717,-93.9757739,0.9,1,1990-07-19
USGS-383232093321301,well OZC-14,38.54223984,-93.5371549,0.03,1,1993-12-14
USGS-383525090482801,T44N R02E 04CDD,38.59033046,-90.8079105,6.9,13,1992-06-10
USGS-383543092103001,T44N R11W 16BAD1,38.595313,-92.1751834,0.8,1,1981-04-06
USGS-383806090450601,WSSRAP-MRA 4 SHALLOW NEAR DEFIANCE,38.63505298,-90.7517959,3.1,12,1992-06-09
USGS-383806090450602,WSSRAP-MRA 4 DEEP NEAR DEFIANCE,38.63505298,-90.7517959,0.25,8,1992-06-09
USGS-383816090453601,WSSRAP-MRA 3 SHALLOW NEAR DEFIANCE,38.6378307,-90.7601297,4.4,14,1992-06-09
USGS-383816090453602,WSSRAP-MRA 3 DEEP NEAR DEFIANCE,38.6378307,-90.7601297,1.95,12,1992-06-09
USGS-383818090460001,WSSRAP-MRA 2 SHALLOW NEAR DEFIANCE,38.6383862,-90.7667967,0.195,8,1992-06-09
USGS-383818090460002,WSSRAP-MRA 2 DEEP NEAR DEFIANCE,38.6383862,-90.7667967,0.2,9,1992-06-09
USGS-383824090461501,WSSRAP-MRA 1 SHALLOW NEAR DEFIANCE,38.6400528,-90.7709635,0.29,9,1992-06-10
USGS-383824090461502,WSSRAP-MRA 1 DEEP NEAR DEFIANCE,38.6400528,-90.7709635,0.175,8,1992-06-10
USGS-383916090445201,WSSRAP-LW 02,38.6544974,-90.7479066,1.1,1,1986-01-30
USGS-383916090452801,WSSRAP-LW 11,38.65449736,-90.7579071,0.9,1,1986-01-30
USGS-383923090442101,T45N R02E 13   1,38.65644184,-90.7392952,0.14500000000000002,2,1992-04-09
USGS-383926090450201,WSSRAP-OBS 13,38.65727519,-90.7506845,4.0,1,1986-01-30
USGS-383927090450001,WSSRAP-OBS 12,38.65755297,-90.7501289,4.2,1,1986-01-30
USGS-383927090451801,WSSRAP-OB 02,38.6575529,-90.7551292,8.9,1,1986-01-29
USGS-383928090450201,WSSRAP-OB 07,38.65783074,-90.7506845,4300.0,1,1986-01-29
USGS-383928090450301,WSSRAP-OB 11,38.6578307,-90.7509623,100.0,1,1986-01-31
USGS-383928090450302,WSSRAP-OB 12,38.6578307,-90.7509623,3900.0,1,1986-01-31
USGS-383928090450401,WSSRAP-OB 10,38.6578307,-90.75124,4500.0,1,1986-01-29
USGS-383929090451001,WSSRAP-TW 9,38.6581085,-90.7529068,4700.0,1,1986-01-28
USGS-383929090451601,WSSRAP-OB 01,38.65810849,-90.7545736,25.0,1,1986-01-30
USGS-383930090445701,WSSRAP-OBS 06,38.6583863,-90.7492955,47.0,1,1986-01-29
USGS-383930090450101,WSSRAP-OB 06,38.6583863,-90.7504067,5100.0,1,1986-01-29
USGS-383930090450801,WSSRAP-TW 8,38.65838628,-90.7523512,14000.0,1,1986-01-28
USGS-383931090451101,QUARRY SITE,38.65866405,-90.7531846,2100.0,1,1984-09-05
USGS-383931090451601,WSSRAP-TW 2,38.65866404,-90.7545736,140.0,1,1986-01-29
USGS-383932090444801,FEMME OSAGE SLOUGH,38.65894185,-90.7467954,77.0,1,1984-09-06
USGS-383932090450701,WSSRAP-TW 7,38.65894184,-90.7520734,410.0,1,1986-01-29
USGS-383933090443501,WSSRAP-OBS 16,38.6592196,-90.7431842,0.4,1,1985-11-06
USGS-383933090451201,WSSRAP-TW 6,38.6592196,-90.7534624,3800.0,1,1986-01-28
USGS-384014090453301,WSSRAP-SPRING 5603,38.6706084,-90.7592959,0.7,3,1989-04-05
USGS-384019090454701,WSSRAP-SPRING 5601,38.67199729,-90.763185,0.3,1,1989-04-05
USGS-384029090433201,WSSRAP-SPRING 5401,38.6747751,-90.7256834,0.4,2,1989-04-06
USGS-384039090430901,WSSRAP-SPRING 5304,38.67755288,-90.7192943,170.0,9,1993-08-18
USGS-384039090442301,WSSRAP-SPRING 5501,38.6775529,-90.7398505,0.5,3,1989-04-05
USGS-384101090432201,WSSRAP-SPRING 5303,38.68366399,-90.7229055,360.0,3,1990-01-09
USGS-384104090435501,WSSRAP-SPRING 5406,38.68449734,-90.7320724,0.7,1,1987-12-11
USGS-384110090425401,WSSRAP-SPRING 5201,38.68838618,-90.7151274,1.0,5,1993-08-17
USGS-384113090405701,WSSRAP-SPRING 5101,38.6869972,-90.6826263,1.0,1,1988-11-30
USGS-384117090461901,WSSRAP-SPRING 5602,38.6881083,-90.7720741,1.5,4,1989-04-05
USGS-384130090444101,WSSRAP-ARMY WELL,38.69171958,-90.7448505,1.1,7,1989-03-29
USGS-384134090434801,WSSRAP-MW 2019,38.6933862,-90.7312389,2.2,1,1987-12-08
USGS-384134090434902,WSSRAP-MWGS 01,38.69283065,-90.7304056,0.6,2,1989-04-11
USGS-384134090434903,WSSRAP-MWGS 02,38.69283065,-90.7304056,0.2,2,1989-04-05
USGS-384134090442401,WSSRAP-MW 4003,38.69283068,-90.7398503,1.5499999999999998,2,1986-06-19
USGS-384135090435301,WSSRAP-MW 2018,38.6933862,-90.7312389,2.3,1,1987-12-07
USGS-384139090434801,SEEP ABOVE DOE SEWAGE TREATMENT FACILITY,38.6942195,-90.7301278,962.0,2,1993-05-11
USGS-384140090440101,WSSRAP-MW 3010,38.6944973,-90.7326279,2.0,3,1987-12-07
USGS-384140090440301,WSSRAP-MWS 021,38.6944973,-90.7342946,2.0,1,1993-04-14
USGS-384142090434301,WSSRAP-MW 2020,38.6953306,-90.7265165,35.0,3,1987-12-09
USGS-384142090435301,RAFFINATE PIT NO.2,38.69505287,-90.7315167,28.0,1,1984-09-05
USGS-384143090435201,RAFFINATE PIT NO.1,38.69533065,-90.7312389,26.0,1,1984-09-05
USGS-384145090432701,WSSRAP-MW 2017,38.69616396,-90.7240164,9.5,1,1987-12-07
USGS-384146090435401,WSSRAP-MW 3004,38.69616398,-90.7317945,2.3,1,1986-06-18
USGS-384147090440601,WSSRAP-MW 3009,38.6969973,-90.7356835,86.0,5,1989-06-08
USGS-384148090430101,WSSRAP-SPRING 5202,38.6967195,-90.7170718,1.65,2,1989-03-29
USGS-384148090435601,RAFFINATE PIT NO.3,38.69671954,-90.73235,350.0,1,1984-09-05
USGS-384149090432501,WSSRAP-MW 2014,38.6978306,-90.7234609,1.4,1,1987-12-01
USGS-384149090435201,WSSRAP-MW 3008,38.6969973,-90.7309611,5.3,4,1989-06-06
USGS-384149090440301,RAFFINATE PIT NO.4,38.6969973,-90.7342946,3500.0,1,1984-09-05
USGS-384150090440501,WSSRAP-MW 3013,38.6972751,-90.7348501,2.1,1,1987-12-08
USGS-384151090434401,WSSRAP-MW 2015,38.6978306,-90.7287388,2.7,1,1987-12-04
USGS-384152090432901,WSSRAP-MW 2013,38.69838618,-90.72457199,1.3,1,1987-12-01
USGS-384152090435504,WSSRAP-LYSIMETER LY3604,38.69783065,-90.7320722,9.3,1,1990-07-17
USGS-384152090435505,WSSRAP-LYSIMETER LY3605,38.69783065,-90.7320722,3.1,1,1990-07-17
USGS-384152090435506,WSSRAP-LYSIMETER LY3606,38.69783065,-90.7320722,1.2,1,1990-07-17
USGS-384152090435507,WSSRAP-LYSIMETER LY3607,38.69783065,-90.7320722,2.9,1,1990-07-17
USGS-384152090440501,WSSRAP-MW 3018,38.69783066,-90.7351279,9.1,1,1986-06-18
USGS-384152090440601,WSSRAP-LYSIMETER LY3601,38.69783066,-90.7351279,33.5,2,1990-03-09
USGS-384152090440602,WSSRAP-LYSIMETER LY3602,38.69783066,-90.7351279,17.0,1,1990-03-09
USGS-384152090440603,WSSRAP-LYSIMETER LY3603,38.69783066,-90.7351279,17.0,2,1990-03-09
USGS-384153090440401,SEEPAGE WEST LEVEE PIT 4,38.6981084,-90.7345723,13.0,7,1993-08-17
USGS-384154090441101,WSSRAP-MW 4006,38.6981084,-90.7365168,1.4,3,1987-12-08
USGS-384154090441201,WSSRAP-MW 4001,38.6981084,-90.7367946,0.9,1,1987-12-08
USGS-384155090432701,WSSRAP-MW 2012,38.6989417,-90.7242942,0.8,1,1987-12-02
USGS-384155090433401,WSSRAP-MW 2011,38.6992195,-90.7259609,0.7,1,1987-12-02
USGS-384155090440001,WSSRAP-MW 3007,38.69977509,-90.7337389,5.55,2,1987-12-17
USGS-384155090440002,WSSRAP-MW 3003,38.69977509,-90.7337389,20.1,2,1990-06-12
USGS-384155090440003,WSSRAP-MW 3006,38.69977509,-90.7334612,1.45,2,1990-06-12
USGS-384155090440004,WSSRAP-MW 3023 GT64-P,38.69977509,-90.7334612,7.85,2,1991-07-24
USGS-384157090432801,WSSRAP-FROG POND,38.6992195,-90.724572,140.0,1,1985-09-12
USGS-384158090432901,WSSRAP-MW 2026,38.69977507,-90.7248498,2.4,1,1990-06-12
USGS-384158090433001,WSSRAP-MW 2006,38.69977507,-90.7248498,1.3,3,1989-06-06
USGS-384158090433301,WSSRAP-MW 2010,38.69977507,-90.7256831,2.4,1,1987-12-02
USGS-384200090434501,WSSRAP-MW 2007,38.7003306,-90.728461,5.2,1,1987-12-11
USGS-384200090442401,WSSRAP-W FORK OF TRIBUTARY TO SCHOTE CREEK,38.70005289,-90.740128,1.0,1,1986-03-11
USGS-384201090440201,WSSRAP-MW 2003,38.7008862,-90.7337389,2.8,3,1989-06-06
USGS-384203090433901,WSSRAP-MW 2009,38.70116396,-90.727072,2.6,1,1987-12-11
USGS-384204090435601,WSSRAP-ASH POND,38.70116397,-90.73234999,820.0,1,1985-09-12
USGS-384204090440001,WSSRAP-MW 2002,38.70144175,-90.7331833,1.8,1,1989-08-02
USGS-384205090433401,WSSRAP-MW 2008,38.70199729,-90.7265165,1.2,1,1987-12-04
USGS-384205090440201,WSSRAP-MW 2001,38.70227509,-90.7337389,1.7999999999999998,2,1989-06-05
USGS-384206090434101,WSSRAP-MW 2016,38.70227507,-90.728461,0.9,3,1987-12-16
USGS-384206090435301,WSSRAP-MW 2005,38.70227508,-90.7312388,1.25,2,1989-06-06
USGS-384207090442601,WSSRAP-MW 4002,38.7022751,-90.7406836,0.85,2,1987-12-09
USGS-384208090435001,WSSRAP-MW 2004,38.7028306,-90.7304055,1.7,1,1987-12-03
USGS-384216090435301,WSSRAP-MW 4013,38.7044973,-90.730961,2.0,1,1991-07-23
USGS-384221090442501,BUSCH WILDLIFE HEADQUARTERS WELL,38.7058862,-90.7404058,0.9,1,1984-09-04
USGS-384223090445801,WSSRAP-USGS WELL 4,38.7064418,-90.7498505,1.9,6,1993-04-06
USGS-384224090442401,WSSRAP-USGS WELL 9,38.70644177,-90.7404057,1.3,3,1988-03-22
USGS-384228090441101,WSSRAP-USGS WELL 7,38.70783064,-90.7365167,1.05,2,1989-03-27
USGS-384229090433001,BUSCH WILDLIFE (SHAW) WELL,38.70810838,-90.7251274,0.4,1,1985-09-11
USGS-384231090433601,WSSRAP-USGS WELL 8,38.70838617,-90.7267942,1.0,9,1993-04-06
USGS-384247090411501,WELDON SPRING,38.71310825,-90.6876262,1.0,1,1988-12-01
USGS-384248090440801,WSSRAP-USGS WELL 6,38.71338619,-90.7356833,3.0,9,1993-04-06
USGS-384250090443301,WSSRAP-USGS WELL 2A,38.7144973,-90.7429057,0.1,3,1989-03-28
USGS-384252090443501,WSSRAP-USGS WELL 2,38.7144973,-90.7431835,0.6,5,1989-01-04
USGS-384254090445301,WSSRAP-USGS WELL 3,38.71505289,-90.7481837,1.55,10,1993-04-05
USGS-384255090422101,BINDER WELL,38.7153305,-90.70596,0.6499999999999999,6,1989-03-29
USGS-384259090442701,WSSRAP-SPRING 6303,38.71644175,-90.74096119,4.0,9,1993-08-18
USGS-384301090441701,"ESTAVELLE AT BUSCH WILDLIFE AT WELDON SPRING, MO.",38.7169973,-90.7381833,27.0,1,1985-11-19
USGS-384304090441801,BURGERMEISTER SPRING,38.7178306,-90.7384611,100.0,19,1993-08-17
USGS-384310090435701,WSSRAP-USGS WELL 5,38.71949728,-90.7326276,3.0,11,1993-04-06
USGS-384314090443301,WSSRAP-USGS WELL 1,38.7206084,-90.7426279,1.5,9,1993-04-05
USGS-384319090481601,T46N R02E 28ABB,38.7219968,-90.8045755,0.5,2,1989-03-29
USGS-384344090435101,WSSRAP-SPRING 6306,38.7289417,-90.7309607,4.85,2,1988-12-01
USGS-384344090452201,WSSRAP-SPRING 6502,38.7289417,-90.7562394,0.6,2,1989-03-30
USGS-384346090460501,WSSRAP-SPRING 6601,38.72949716,-90.7681845,0.65,2,1989-03-30
USGS-384350090434001,T46N R03E 19AC,38.73060835,-90.727905,3.25,2,1988-12-13
USGS-384352090435101,T46N R03E 19BD,38.7311639,-90.7309607,1.4,3,1988-09-08
USGS-384359090451101,WSSRAP-SPRING 6501,38.7331084,-90.7531837,0.2,1,1989-03-29
USGS-384404090435001,T46N R03E 19BA,38.73449724,-90.7306829,1.0,2,1988-12-13
USGS-384413090443301,WSSRAP-MWGS 03,38.73699729,-90.7426277,1.1,2,1993-04-07
USGS-384413090443302,WSSRAP-MWGS 04,38.73699729,-90.7426277,0.2,1,1989-04-11
USGS-384413090443303,WSSRAP-MWGS 05,38.73699729,-90.7426277,0.2,2,1989-04-06
USGS-390833091550801,T50N R09W 05BCC1,39.14254075,-91.9190617,0.4,1,1980-07-16
USGS-391622091343301,T52N R06W 21ADC2,39.2728182,-91.5759916,1.9,1,1981-04-06
USGS-391920091334601,T52N R06W 03BAA1,39.32226306,-91.5629353,7.8,1,1981-04-06
USGS-310019089265501,073O0012  LAMAR,31.00331667,-89.4490056,0.1,1,1961-09-12
USGS-310852089450001,091P0023  MARION,31.14795779,-89.7500763,0.2,1,1962-01-24
USGS-330956090561601,151O0013  WASHINGTON,33.1656771,-90.9378803,0.1,1,1955-12-07
USGS-340523088371701,081O0015  LEE,34.08940556,-88.621075,0.1,1,1958-06-18
USGS-450027106255200,09S43E35CADC01,45.0074845,-106.4317096,0.14,1,1975-06-25
USGS-450055106261600,09S43E35BBCD01,45.0152623,-106.4383764,1.2,1,1975-06-25
USGS-450223106070301,09S46E20BCAA01,45.0397108,-106.1180784,0.39,1,1975-06-19
USGS-450349106030900,09S46E11CACA01,45.06304396,-106.053074,0.27,1,1975-06-23
USGS-450357106050201,09S46E09DABA01,45.0658221,-106.0844646,0.89,1,1975-06-17
USGS-450413106065701,09S46E08BACB01,45.07026698,-106.1164107,0.64,1,1975-06-18
USGS-450433106060500,09S46E05DDAA01,45.07582249,-106.1019653,14.0,1,1975-06-23
USGS-450447106111101,09S45E03DABB01,45.07971239,-106.18697,0.6,1,1975-11-11
USGS-450447106272602,09S43E03CBCD02,45.07970795,-106.45782,0.66,1,1975-06-16
USGS-450513106062801,09S46E05ABAB01,45.08693389,-106.1083542,0.25,1,1975-06-18
USGS-450548106120301,08S45E34BCBC01,45.09665737,-106.2014147,0.09,1,1976-02-03
USGS-450714106285001,08S43E20DABA01,45.12554185,-106.4839313,0.45,1,1975-06-24
USGS-450806106124401,08S45E16DBCB01,45.1349917,-106.2128032,1.4,1,1975-06-30
USGS-450806106124402,08S45E16DBCB02,45.1349917,-106.2128032,0.06,1,1975-06-30
USGS-450854106135701,08S45E08DCBB01,45.1483256,-106.2330817,0.1,1,1975-06-26
USGS-450928105464401,08S48E12AACA01,45.1577657,-105.7797278,0.03,1,1976-09-30
USGS-450938106543202,08S39E02DAAD02,45.16053105,-106.9095113,2.6,1,1976-09-29
USGS-451107106165201,07S44E36DADB01,45.18471489,-106.2808613,0.03,1,1975-06-25
USGS-451137106194901,07S44E34BAAD01,45.1930472,-106.331142,0.06,1,1975-06-17
USGS-451137106194902,07S44E34BAAD02,45.1936028,-106.3308641,0.03,1,1975-06-17
USGS-451330105413001,05N49E14CBBA01,45.2249883,-105.6922239,0.1,1,1976-10-01
USGS-452225105315301,05S50E27ABDD01,45.3736017,-105.5319393,0.3,1,1976-09-30
USGS-453106106083600,04S45E02BDDD01,45.5183317,-106.1438987,1.7,1,1975-05-30
USGS-453130106591001,04S38E01ABBD01,45.5249818,-106.9867211,0.8,1,1976-09-29
USGS-453132106081000,03S45E34DDDA01,45.52555396,-106.1366759,0.57,1,1975-05-30
USGS-453142106095600,03S45E34CACD01,45.52833206,-106.1661219,0.8,1,1975-03-27
USGS-453151106080600,03S45E34DABA01,45.5308318,-106.1355646,2.5,1,1975-05-30
USGS-453234106082700,03S45E26DBCB01,45.54277648,-106.141398,1.0,1,1975-05-29
USGS-453252106075900,03S45E26ADAC01,45.54777649,-106.1336197,0.4,1,1975-03-25
USGS-453300106330001,03S42E28ACDC01,45.54999397,-106.550584,2.3,1,1976-09-29
USGS-453544105293601,03S50E12AACB01,45.59555115,-105.493879,0.04,1,1976-09-30
USGS-454830107171001,01N36E30BDDA01,45.8083175,-107.2867304,0.9,1,1976-10-02
USGS-455000105250001,02N51E05DAAB01,45.83333315,-105.4172078,0.1,1,1976-10-01
USGS-455800106030001,03N46E34DCCD01,45.96666776,-106.0505577,0.09,1,1976-10-01
USGS-460230106241501,03N43E05DDC 01,46.0416647,-106.4047395,0.2,1,1976-09-28
USGS-461050106370001,05N41E16CCCD02,46.1805509,-106.6172524,3.4,1,1976-09-28
USGS-461520106283001,08N46E15BCD 01,46.2555531,-106.4755803,0.09,1,1976-09-28
USGS-462107112165401,07N05W19BBAB01,46.3518743,-112.2825113,7.67,1,1998-07-17
USGS-462400105393501,08N48E36DBDB01,46.40000315,-105.6602729,0.2,1,1976-10-02
USGS-462405105393001,08N48E36DBDA01,46.40139205,-105.658884,0.3,1,1976-10-02
USGS-462500105353001,08N50E24DCCD01,46.41666999,-105.592215,0.3,1,1976-10-02
USGS-462648111584100,08N03W16ADD 01          HLBRK COLD A-05,46.4465981,-111.978882,7.2,1,1976-08-03
USGS-462649111591300,08N03W16ACBC01          NEAR ALHAMBRA WRM,46.4468759,-111.9877714,0.6,1,1978-08-17
USGS-462652111591400,08N03W16BDA 01          HLBRK FLOW A-10,46.4477092,-111.9880492,0.65,2,1976-12-02
USGS-462701111585000,08N03W16AAC 01          ALHAM HT A-06,46.4502093,-111.9813822,0.8,1,1976-12-02
USGS-465910109250801,14N18E10DDB 01,46.9860824,-109.419626,0.7,1,1979-08-09
USGS-470219109251001,15N18E27AA  01,47.03858378,-109.420182,1.6,1,1979-08-09
USGS-470500109272001,15N18E09BBAB01,47.0833071,-109.4562949,1.0,1,1979-08-09
USGS-470555109275501,16N18E32DCD 01,47.09858526,-109.4660176,1.1,1,1979-08-11
USGS-470633109303001,16N17E36ACA 01,47.10914099,-109.509075,0.11,1,1979-08-12
USGS-470718109340201,16N17E28ADCC01,47.1216406,-109.5679647,2.0,1,1979-08-11
USGS-470812109340501,16N17E21ADD 01,47.1533081,-109.5687982,0.14,1,1979-08-12
USGS-470904109371301,16N17E18BDDA01,47.15108526,-109.6210211,1.6,1,1979-08-11
USGS-471054110283501,16N10E05AA  01,47.18163248,-110.4771575,0.09,1,1979-08-07
USGS-471135109480701,17N15E34BDCC01,47.1930286,-109.8026918,1.8,1,1979-08-12
USGS-471245110252501,17N10E26BB  01,47.2124665,-110.4243783,0.07,1,1979-08-06
USGS-471316110285901,17N10E20BDCC01,47.22107696,-110.4838243,1.8,1,1979-08-07
USGS-471430110275802,17N10E16BB  02,47.24163279,-110.4668794,0.13,1,1979-08-06
USGS-471619110250401,18N10E35CDCD01,47.27191159,-110.4185445,0.09,1,1979-08-08
USGS-471913110234902,18N10E13CA  02,47.32024597,-110.39771,0.16,1,1979-08-04
USGS-473242111471701,21N01W30CBA 01,47.54495289,-111.7888759,3.1,1,1986-08-20
USGS-473550111465801,21N01W06DCC 01,47.597176,-111.7835988,8.8,1,1986-08-20
USGS-473826111480501,22N02W24CCD 01,47.64050978,-111.802212,17.0,1,1986-08-20
USGS-474059111442701,22N01W09ABB 01,47.6830114,-111.7416532,14.0,1,1986-08-20
USGS-474100111564501,22N03W11AAA 01,47.683286,-111.9466674,18.0,1,1986-08-20
USGS-482131107405501,30N31E15BDDD BOWDOIN DOMESTIC WELL (SITE 16),48.3586078,-107.6826082,7.9,1,1986-08-26
USGS-482210107381501,30N31E12D  BOWDOIN DOMESTIC WELL (SITE 17),48.36944088,-107.6381614,8.2,1,1986-08-26
USGS-485956105243301,37N48E05AAAA01,48.99891318,-105.4097173,0.8,1,1978-07-15
USGS-485958105274801,37N47E01ABBB02,48.99946808,-105.4638864,1.0,1,1978-07-12
USGS-485958105274901,37N47E01ABBB01,48.99946808,-105.4641642,7.8,1,1978-07-15
USGS-344323076451304,CT-152 CAMP GLENN RS 4,34.72321669,-76.753267,0.01,1,1994-09-14
USGS-345307076212105,CT-149 ATLANTIC RS 5,34.88544174,-76.3554717,0.01,1,1994-09-15
USGS-351408077330101,LN-089 CITY OF KINSTON WELL 8,35.2357191,-77.54996709,0.01,1,1994-09-23
USGS-351419077351101,LN-092 CITY OF KINSTON WELL 11,35.2387746,-77.5860799,0.01,1,1994-09-21
USGS-351753076471001,BO-416,35.2982249,-76.7857649,0.01,1,1994-09-27
USGS-351812076471201,BO-415,35.30350256,-76.78632059,0.01,1,1994-09-27
USGS-351856076434106,BO-390 GODLEY RS 6,35.3157253,-76.7277071,1.495,2,1994-09-14
USGS-352036076513903,BO-372 NC-196 BONNERTON RS P18v3,35.34349945,-76.8604932,0.01,1,1994-09-13
USGS-352812077510304,WA-179 SAULSTON RS 4,35.47016087,-77.8505373,0.02,1,1994-09-22
USGS-352832076470101,BO-383 BATH RS 1,35.47572087,-76.7832695,0.01,1,1994-09-13
USGS-353219077153801,"PI-532 NC-160 NR SIMPSON, NC SURFICIAL",35.5383333,-77.26138889,0.23500000000000001,2,1994-09-07
USGS-354026075542001,DA-503 L6-Y4,35.674057,-75.90518439,0.01,1,1994-09-08
USGS-354418076463601,"WS-100 NC-158 NR HOKE, NC SURFICIAL",35.73888889,-76.77527778,0.01,1,1994-09-09
USGS-354926075341201,DA-502 K2E7,35.82406446,-75.5696129,0.01,1,1994-08-24
USGS-355808077262501,ED-177 I25-I3,35.96904574,-77.4399692,0.01,1,1994-09-09
USGS-360036075401201,DA-501,36.01016749,-75.6696202,0.01,1,1994-08-23
USGS-360305077114501,BE-090 LEWISTON RS 1X,36.05154639,-77.1955179,0.01,1,1994-09-04
USGS-361218076100401,PK-210 F10-K4,36.2051583,-76.1674303,0.01,1,1994-08-31
USGS-361559077062501,HF-093 E21-V1,36.26654454,-77.1066285,0.01,1,1994-09-03
USGS-361829076163201,"PK-141 NC-195 NR ELIZABETH CITY, NC SURFICIAL",36.3083333,-76.27527778,0.02,1,1994-09-01
USGS-362601076230702,PK-190 NC-203 MORGANS CORNER RS C12w2,36.4315833,-76.3756111,0.01,1,1994-09-01
USGS-362646076361607,"GA-067 SUNBURY RS, C15S7, AT PLYMOUTH, NC",36.44626486,-76.6041169,0.01,1,1994-09-02
USGS-363026077001908,HF-087 COMO RS 8,36.50737464,-77.00496288,0.01,1,1994-09-03
USGS-460705103041101,130-099-04BAA,46.1180614,-103.0701695,0.25,2,1979-11-15
USGS-460738103024401,131-099-34ACC1,46.12722829,-103.0460017,1.7,1,1975-11-06
USGS-460744103031201,131-099-34BCA,46.12889496,-103.0537798,0.1,1,1975-11-06
USGS-460804103010101,131-099-26DDC1,46.1344507,-103.0173892,0.5,4,1980-10-28
USGS-460804103021601,131-099-27DDD1,46.1344506,-103.0382235,6.45,2,1977-11-09
USGS-460856103024401,131-099-22DCC1,46.1488953,-103.0460014,24.0,5,1980-10-27
USGS-461211103043301,131-099-33CCC,46.20306278,-103.0762799,0.0,1,1975-11-11
USGS-461349103054801,131-099-29BBB,46.1469507,-103.0979482,0.6,1,1975-11-07
USGS-461355103032801,131-099-21DDD1,46.14889527,-103.0590575,0.3,1,1975-11-10
USGS-462906103040101,135-099-24CDC,46.4850102,-103.0673915,38.0,1,1983-08-31
USGS-462927103022001,135-098-19CAD,46.49084356,-103.0393349,20.0,1,1983-08-31
USGS-463456103153501,136-100-20AAD,46.58223335,-103.2601776,7.7,1,1984-01-18
USGS-463503103134101,136-100-22BAA,46.5841777,-103.2285099,15.0,1,1984-01-18
USGS-463536103153501,136-100-17ADD,46.5933445,-103.2601777,31.0,1,1984-01-18
USGS-463718103161001,136-100-05CAAA,46.621678,-103.2699005,87.0,1,1984-11-08
USGS-463725103155601,136-100-05ACDB1,46.62362247,-103.2660115,14.5,2,1984-11-08
USGS-463728103160501,136-100-05ACBC,46.6244558,-103.2685116,150.0,2,1984-11-08
USGS-463728103161001,136-100-05BDAD,46.6244558,-103.2699005,146.0,2,1984-11-08
USGS-463735103160501,136-100-05ABCC,46.62640027,-103.2685116,170.5,2,1984-11-08
USGS-463849103161001,137-100-26CCA,46.64695595,-103.2699006,2.8,1,1985-01-23
USGS-463849103174501,137-100-28DDA,46.646956,-103.2962906,3.7,1,1985-01-23
USGS-464138103190101,137-100-08DAA,46.6939008,-103.3174027,1.9,1,1984-01-18
USGS-464211103182301,137-100-04CDD,46.7030675,-103.3068468,5.1,1,1984-01-18
USGS-464223103191801,137-100-05DBDD1,46.7064009,-103.3221251,135.0,2,1984-11-07
USGS-464223103191802,137-100-05DBDD2,46.7064009,-103.3221251,535.0,2,1984-11-06
USGS-464226103191301,137-100-05DACB1,46.70723427,-103.3207362,785.0,2,1984-11-07
USGS-464226103191801,137-100-05DBDA1,46.70723427,-103.3221251,680.0,2,1984-11-07
USGS-464226103191802,137-100-05DBDA2,46.70723427,-103.3221251,200.0,2,1984-11-07
USGS-464226103195601,137-100-05CBDA,46.7072343,-103.332681,73.0,2,1984-11-06
USGS-464428103174401,138-100-28ADA,46.74112326,-103.2960132,1.3,1,1984-01-17
USGS-464448103151201,138-100-23DDD,46.74667865,-103.2537896,8.3,1,1984-01-17
USGS-464521103162601,138-100-22ADA,46.75584547,-103.2743458,12.0,1,1983-08-29
USGS-464532103231601,138-101-23BAA,46.75890158,-103.3882386,0.3,1,1983-08-29
USGS-464626103264501,138-101-17ABA,46.7739019,-103.446296,11.0,1,1983-08-29
USGS-464633103073301,138-099-13BBB,46.77584496,-103.1262884,29.0,1,1983-08-29
USGS-464648103112702,138-099-08DAD2,46.7800119,-103.1912889,0.3,1,1983-08-29
USGS-464658103040801,138-098-08DBA,46.7827892,-103.0693437,220.0,1,1983-08-31
USGS-464713103011902,138-098-10AAC2,46.7869557,-103.022399,0.4,1,1983-08-31
USGS-464800103123900,SOUTH BRANCH HEART RIVER  138-099-06ADA,46.80001218,-103.2112889,23.0,1,1983-08-29
USGS-464901103045801,139-098-32BBB,46.81695626,-103.0832329,4.0,1,1983-08-31
USGS-464922103210301,139-100-30BBD,46.82279069,-103.3512924,19.0,1,1983-08-30
USGS-464933103174501,139-100-28ADD,46.825846,-103.2962904,3.1,1,1983-08-30
USGS-464948103011801,139-098-27ADA,46.8300117,-103.0221218,0.3,1,1983-08-31
USGS-465045103172401,139-100-22BBD,46.84584616,-103.2904567,0.7,1,1983-08-30
USGS-465049103011901,139-098-22AAA,46.8469563,-103.0223998,0.4,1,1983-08-31
USGS-465114103233401,139-101-14BDD,46.85390215,-103.393238,0.3,1,1983-08-30
USGS-465118103061401,139-098-18CBB,46.8550122,-103.1043443,0.2,1,1983-08-31
USGS-465139103143101,139-100-13BAB,46.86084609,-103.2423997,74.0,1,1983-08-29
USGS-465407103083101,140-099-35BDB,46.9019572,-103.1423999,0.9,1,1983-08-30
USGS-465425103005401,140-098-35ABB,46.9069569,-103.0154563,0.6,1,1983-08-30
USGS-465603103162801,140-100-22AAA,46.93418,-103.2748999,5.1,1,1984-01-19
USGS-465702103123702,140-099-07DDDD2,46.95056889,-103.2107326,130.0,1,1984-08-17
USGS-465724103112301,140-099-08DAA,46.95668,-103.1901773,80.0,1,1984-01-19
USGS-465729103123701,140-099-07ADDD,46.95806895,-103.2107326,470.0,1,1984-08-15
USGS-465739103131401,140-099-07BDAA,46.96084677,-103.2210103,71.0,2,1984-11-06
USGS-465742103171401,140-100-10BACD,46.96168027,-103.2876779,2.3,1,1984-05-15
USGS-465742103171801,140-100-10BACC,46.96168027,-103.288789,48.0,1,1984-05-15
USGS-465746103053101,140-098-07ABD,46.96279098,-103.0924006,0.3,1,1983-08-30
USGS-465746103171401,140-100-10BACA,46.96279139,-103.2876779,2.8,1,1984-05-15
USGS-465746103171803,140-100-10BACB3,46.96279139,-103.288789,330.0,1,1984-05-15
USGS-465749103171804,140-100-10BABC4,46.9636247,-103.288789,370.0,1,1984-05-15
USGS-465749103172301,140-100-10BBAD,46.9636247,-103.290178,2.9,1,1984-05-15
USGS-465750103093201,140-099-10ABB,46.9639022,-103.1593443,12.0,1,1983-08-29
USGS-465753103131001,140-099-07ABBB,46.96473569,-103.2198991,0.4,1,1984-08-15
USGS-465756103123701,140-099-06DDDD,46.965569,-103.2107326,755.0,2,1984-11-13
USGS-465756103134801,140-099-06CCCC,46.96556905,-103.2304546,21.0,1,1984-11-07
USGS-465816103123701,140-099-06DAAD,46.9711246,-103.2107325,895.0,2,1984-11-13
USGS-465816103125101,140-099-06DABC,46.9711246,-103.2146214,5.7,1,1986-10-28
USGS-465816103125501,140-099-06DBAD,46.9711246,-103.2157325,6.9,1,1986-10-28
USGS-465816103130501,140-099-06DBBD,46.9711246,-103.2185102,71.0,1,1984-05-17
USGS-465816103132401,140-099-06CABD,46.9711246,-103.2237879,220.0,1,1984-05-16
USGS-465816103132901,140-099-06CABC1,46.9711246,-103.2251768,35.0,1,1984-06-07
USGS-465818103111401,140-099-04CBB,46.9716801,-103.1876773,52.0,1,1984-01-19
USGS-465819103130502,140-099-06DBBA2,46.97195796,-103.2185102,715.0,1,1986-10-28
USGS-465819103131901,140-099-06CAAB,46.97195797,-103.222399,11.0,1,1984-05-17
USGS-465820103125109,140-099-06DABB9,46.9722357,-103.2146214,0.7,1,1986-10-30
USGS-465820103130001,140-099-06DBAB1,46.9722357,-103.2171214,38.0,1,1986-10-28
USGS-465820103130002,140-099-06DBAB2,46.9722357,-103.2171214,680.0,1,1986-10-29
USGS-465820103130003,140-099-06DBAB3,46.9722357,-103.2171214,200.0,1,1986-10-30
USGS-465820103130008,140-099-06DBAB8,46.9722357,-103.2171214,510.0,1,1986-10-30
USGS-465823103125101,140-099-06ADCC,46.97306908,-103.2146214,2.6,1,1986-10-29
USGS-465823103125501,140-099-06ACDD,46.97306908,-103.2157325,83.0,1,1986-10-29
USGS-465823103130502,140-099-06ACCD2,46.97306908,-103.2185102,5.4,1,1984-05-17
USGS-465823103130503,140-099-06ACCD3,46.97306908,-103.2185102,48.0,1,1984-05-16
USGS-465823103130504,140-099-06ACCD4,46.97306908,-103.2185102,210.0,1,1986-10-30
USGS-465823103130512,140-099-06ACCD12,46.97306908,-103.2185102,21.0,1,1986-10-28
USGS-465823103130513,140-099-06ACCD13,46.97306908,-103.2185102,65.0,1,1986-10-28
USGS-465826103132401,140-099-06BDCA1,46.9739024,-103.2237879,6.4,1,1984-05-17
USGS-465826103133001,140-099-06CAA,46.9739024,-103.2254546,130.0,1,1983-08-29
USGS-465830103133301,140-099-06BCAD,46.97501356,-103.2262879,2.3,1,1984-05-17
USGS-465833103131901,140-099-06BDAB,46.97584689,-103.222399,500.0,1,1984-05-17
USGS-465833103132401,140-099-06BDBA1,46.97584689,-103.2237879,200.0,1,1986-10-29
USGS-465833103132402,140-099-06BDBA2,46.97584689,-103.2237879,250.0,1,1986-10-29
USGS-465836103132401,140-099-06BACD1,46.9766802,-103.2237879,310.0,1,1986-10-27
USGS-465845103142401,140-100-01ABB,46.97918028,-103.2404543,6.0,1,1984-01-19
USGS-465846103123701,140-099-06AAAA,46.979458,-103.2107325,12000.0,2,1984-11-13
USGS-465853103132001,141-099-33DDDA,46.98140249,-103.2226768,20.0,1,1984-04-24
USGS-465927103051301,141-098-34BDA,46.99084679,-103.0874009,7.3,1,1983-08-30
USGS-465937103113801,141-099-35BAB,46.99362476,-103.1943438,520.0,1,1984-01-19
USGS-465938103160401,141-099-31AAB,46.99390266,-103.2682325,10.0,1,1983-08-29
USGS-465951103120601,141-099-27DDA,46.99751369,-103.2021214,230.0,1,1984-01-19
USGS-470404103105501,142-099-35DDD,47.0677919,-103.1824016,2.0,1,1984-02-29
USGS-470456103135601,142-099-28DCC,47.0822364,-103.2326792,0.9,1,1984-03-02
USGS-470523103094801,142-099-25ADC,47.08973656,-103.1637914,15.0,1,1984-02-29
USGS-470542103134601,142-099-28ABA,47.09501429,-103.2299019,30.0,1,1984-03-02
USGS-470550103114001,142-099-23CDCA,47.09723657,-103.1949024,1.5,1,1984-08-09
USGS-470628103100701,142-099-24ABC,47.10779225,-103.1690697,12.0,1,1984-02-29
USGS-470641103123001,142-099-15DCD,47.1114033,-103.2087916,0.8,1,1984-03-02
USGS-470720103170601,142-098-18BBC,47.12223667,-103.2854592,34.0,1,1984-02-29
USGS-470759103101701,142-099-12BDD,47.1330702,-103.1718482,0.8,1,1984-02-29
USGS-470819103124001,142-099-10ABB,47.1386257,-103.2115702,120.0,1,1984-03-02
USGS-474859097572201,150-057-16ABB,47.8163818,-97.9564844,0.0,1,1995-06-06
USGS-475308098424801,151-063-22CBBB,47.8836101,-98.7162188,0.02,1,1994-08-16
USGS-482033099594901,156-073-12CCC,48.34249915,-99.997357,0.9,1,1967-11-01
USGS-483711097264402,159-053-02CBC2,48.61971156,-97.4459148,0.4,2,1956-05-28
USGS-484544098224501,161-060-14CDC,48.76222318,-98.3795619,0.3,1,1954-10-27
USGS-402727096551201,6N   4E25DBBA1,40.4575031,-96.9203056,2.5,1,1981-08-18
USGS-403738099144901,8N 17W33BA  1,40.6272222,-99.2487222,6.26,1,1997-11-17
USGS-404209098481201,9N 13W32DCAA1,40.70230556,-98.8037222,33.7,2,1997-11-16
USGS-404349096433801,9N  6E22DBCD1,40.7302794,-96.7275183,0.52,1,1981-08-18
USGS-404422099321201,9N 19W19BBD 1,40.7395833,-99.5368889,126.0,1,1997-10-28
USGS-404619098473202,9N 13W 4CDCC2,40.77075,-98.7978056,26.0,1,1995-04-13
USGS-404621099380601,9N 20W 5CC  1,40.7725,-99.6354167,19.8,1,1997-11-04
USGS-404634099244901,9N 10W 2CBCA1,40.7760833,-98.4142222,25.8,1,1997-10-29
USGS-404711098290601,10N 10W31CDD 1,40.79280556,-98.4836667,13.5,1,1997-11-17
USGS-404912099531701,10N 23W24DA  1,40.819,-99.8833056,76.9,1,1997-10-28
USGS-405118098190505,10N  9W11BBDC5,40.855,-98.3182222,34.0,1,1995-03-24
USGS-405127098190904,10N  9W11BBBB4,40.8575833,-98.3194722,79.15,2,1997-10-29
USGS-405142098174001,10N  9W 1CACD1,40.86167897,-98.2947826,26.0,2,1984-03-28
USGS-405143099565001,10N 23W 4DC  1,40.86180556,-99.9474722,22.8,1,1997-10-23
USGS-405156098173601,10N  9W 1BDDC1,40.86556786,-98.2936715,24.0,2,1984-03-29
USGS-405445100074001,11N 25W24BCB 1  GOTHENBURG,40.91220556,-100.1284722,42.8,1,1997-10-22
USGS-405632098373501,11N 12W12BCB 1  CAMERON,40.9420222,-98.6268361,174.0,1,1997-11-17
USGS-405808100153001,12N 26W35BCA 1,40.9689722,-100.2586667,6.25,1,1997-10-23
USGS-405957096065101,12N 12E19BA  1,40.99916538,-96.1144573,2.4,1,1954-09-23
USGS-410113096145701,12N 10E12CACC1 (P-135),41.02027778,-96.2488889,3.0,1,1995-03-21
USGS-410331100332201,13N 28W32BACA1,41.059,-100.5570556,8.61,1,1997-10-21
USGS-410357097584801,13N  6W35BBB 1,41.06001407,-97.9808908,30.6,1,1997-11-19
USGS-410402096201801,13N 10E30ACCC1,41.06722085,-96.338626,4.75,8,1995-01-24
USGS-410524100454301,13N 30W21ABBB1,41.08977778,-100.7628611,9.0,1,1995-04-14
USGS-410618098113401,13N 8W11DDDD1 Archer,41.1043833,-98.1929639,7.81,1,1997-11-18
USGS-410758100415601,13N 30W 1AABA1,41.1327768,-100.6993104,3.86,1,1997-10-23
USGS-411204096184801,14N 10E 8A   1,41.2001111,-96.31375,25.5,1,1997-11-11
USGS-411538102343801,15N 46W22ACBA1,41.26053974,-102.577693,4.9,1,1991-07-08
USGS-411734096220201,15N  9E 1CCC 1,41.29280556,-96.3670833,8.16,1,1997-11-10
USGS-411738097264301,15N  1W 9BBBB1 SHELBY,41.29376389,-97.4452167,2.225,2,1997-11-12
USGS-412006102100301,16N 42W29BBBC1,41.33498566,-102.1679624,2.2,1,1991-07-08
USGS-412159097220901,16N  1W12DDD 1,41.36691667,-97.3715,3.18,1,1997-11-13
USGS-412433102194101,17N 43W30CCCC1,41.40970529,-102.3276894,7.0,1,1991-06-24
USGS-412620102263001,17N 44W18CCCA1,41.4388707,-102.4421374,22.0,1,1991-07-08
USGS-412631102594801,17N 49W17CACC1,41.4419232,-102.9971495,6.4,1,1991-07-11
USGS-412732103522701,17N 57W10ADDC1,41.4588659,-103.8746701,5.1,1,1991-07-09
USGS-412817097045601,17N  3E 4DAC 1,41.47152778,-97.0823889,2.9,1,1997-11-12
USGS-412829102371401,17N 46W 4ADDD1,41.47470259,-102.6210309,5.0,1,1991-06-24
USGS-412958103200401,18N 52W29DBDD1,41.49942009,-103.3349351,10.0,1,1991-07-16
USGS-413118096342301,18N  7E24BBAD1,41.52166635,-96.5733595,1.1,1,1981-08-19
USGS-413121103165401,18N 52W23BADA1,41.52247518,-103.2821562,6.2,1,1991-06-25
USGS-413330103443201,18N 56W 2DB  1,41.558308,-103.7427231,16.0,1,1955-11-09
USGS-413446102350901,19N 46W35A   1,41.5794235,-102.586309,1.3,1,1991-07-08
USGS-413448103402701,19N 55W33BBDB1,41.57997399,-103.674666,0.2,1,1991-06-19
USGS-413504103084901,19N 51W25DCCC1,41.58441895,-103.1474315,12.0,1,1991-07-15
USGS-413511103024801,19N 50W26D   1,41.58636406,-103.0471518,9.5,1,1991-06-25
USGS-413523102551001,19N 49W25CABB1,41.5896983,-102.919927,0.8,1,1991-07-17
USGS-413548103350101,19N 54W30AAB 1,41.59664,-103.5841083,7.0,1,1954-09-17
USGS-413645103010401,19N 49W18CCDD1,41.6124747,-103.0182625,21.0,1,1991-07-11
USGS-413650103283801,19N 53W18CDCA1,41.61386165,-103.4777169,15.0,1,1991-07-10
USGS-413746103424201,19N 55W 7CCAA1,41.62941737,-103.7121671,13.0,1,1991-07-10
USGS-413824103554801,19N 57W 8BBBB1,41.63941769,-103.9282824,12.0,1,1991-07-10
USGS-414017104000701,20N 58W27CC  1,41.6713616,-104.0024502,18.0,1,1991-07-09
USGS-414207103560601,20N 57W18DCAA1,41.70191628,-103.9355046,19.0,1,1991-06-18
USGS-414520103144701,21N 51W33BBCC1,41.7546921,-103.2460449,16.0,1,1991-07-10
USGS-414534103200701,21N 52W27CDDA1,41.75941406,-103.3357694,18.0,1,1991-07-10
USGS-414757103435201,21N 55W17BBAA1,41.79913569,-103.7316124,13.0,1,1991-06-25
USGS-414842103430801,21N 55W 8AACA1,41.81163538,-103.7193898,0.2,1,1991-06-17
USGS-414854103232001,21N 52W 7ABAA1,41.8149684,-103.3893815,25.0,1,1991-07-15
USGS-414918104002801,21N 58W 1BCCA1,41.8216355,-104.0030048,1.2,1,1991-06-18
USGS-414918104004201,21N 58W 2ADDB1,41.82163558,-104.0121717,2.6,1,1991-06-18
USGS-415049103023301,22N 49W30DCCC1,41.8469141,-103.0429847,22.0,1,1991-07-11
USGS-415324103405401,22N 55W10DBDD1,41.88996688,-103.6821664,22.0,1,1991-07-15
USGS-415559096154401,23N 10E26CDAB1,41.93304385,-96.262521,0.38,1,1981-08-19
USGS-415714103425401,23N 55W21BCBB1,41.95385437,-103.7155002,8.2,1,1991-06-25
USGS-415838103511701,23N 56W 8CBCB1,41.97607587,-103.8524465,0.8,1,1991-07-17
USGS-415845103485301,23N 56W10CBBB1,41.9791314,-103.8138349,22.0,1,1991-07-15
USGS-415850103145201,23N 51W 8DAAA1,41.98052118,-103.2482642,3.8,1,1991-06-25
USGS-420141104010401,24N 58W26ABBD1,42.02801925,-104.0182809,15.0,1,1991-07-11
USGS-420354104015401,24N 58W10DAAB1,42.06496357,-104.0321693,18.0,1,1991-07-09
USGS-420355103470501,24N 56W11DBBB1,42.06524168,-103.7852221,8.5,1,1991-07-15
USGS-421422103443901,26N 55W 9BDDD1,42.23940724,-103.7446629,5.5,1,1991-07-17
USGS-421423104022201,26N 58W12ACCB1,42.23968478,-104.0399435,7.6,1,1991-07-09
USGS-422704096335601,29N  7E35AA  1,42.45110669,-96.5658667,0.14,1,1981-08-26
USGS-422757096243902,29N  9E28AB  2,42.46582749,-96.4111407,1.2,1,1981-08-26
USGS-422840103352401,29N 53W19BA  1,42.47774239,-103.5904886,3.8,1,1954-09-19
USGS-423348096423001,30N  6E22AC  1,42.5633305,-96.7086474,3.3,1,1981-08-26
USGS-423935097151401,31N  1E13DDB 1,42.65972107,-97.2542201,0.25,1,1981-08-26
USGS-424350097302301,32N  2W23DD  1,42.7305551,-97.5067296,0.1,1,1954-09-15
USGS-424633097545201,32N  5W 4CBCD1,42.77583396,-97.9147907,0.41,1,1981-08-26
USGS-425428098405801,34N 12W24BC  1,42.9077757,-98.6831413,0.07,1,1981-08-27
USGS-431111070500501,NH-DJW   94,43.19425195,-70.8320018,0.11,1,1981-08-21
USGS-431352070561501,NH-DJW  103,43.2311941,-70.9370056,0.13,1,1981-09-01
USGS-431406070584901,NH-BBW   22,43.20341568,-71.10256328,0.01,1,1981-09-01
USGS-431437070535901,NH-SKW   44,43.2436944,-70.8992269,0.03,1,1981-08-21
USGS-431510071051801,NH-BBW   15,43.20341568,-71.10256328,0.03,1,1981-08-20
USGS-431704071004301,NH-RHW   43,43.28452588,-71.0114526,0.01,1,1981-09-01
USGS-432010071001402,NH-RHW   33,43.33619227,-71.0033973,0.2,1,1981-08-21
USGS-432138071020001,NH-FAW   18,43.36063647,-71.0328421,0.06,1,1981-08-21
USGS-432240072053701,NH-SWW   85,43.3778524,-72.0931413,0.92,2,1995-08-01
USGS-432351071055101,NH-FAW    8,43.39758046,-71.0970097,15.0,1,1981-08-21
USGS-432525071084801,NH-NFW   26,43.4236912,-71.146177,1.2,1,1981-08-20
USGS-432533071081601,NH-NFW   36,43.43119105,-71.17006627,0.39,1,1981-09-01
USGS-432557071091401,NH-NFW   22,43.43258,-71.1533994,0.08,1,1981-09-01
USGS-433326072422601,VT-PMW   12,43.5572917,-72.70676509,1.3800000000000001,2,1995-07-26
USGS-442949071412701,VT-LXW   12,44.4970016,-71.690366,0.41000000000000003,2,1995-08-02
USGS-443042071142501,NH-BRW   49,44.5117233,-71.23979987,0.36,2,1995-08-03
USGS-444723071494801,VT-B1W    1,44.78977157,-71.8295385,0.01,1,1995-08-03
USGS-391433074490701,090168-- PW 6,39.24197569,-74.8126943,0.02,1,1990-09-04
USGS-391949074385401,010767-- Dom 1,39.33039346,-74.64793668,0.03,1,1988-12-01
USGS-392235075043201,110712-- OW 4,39.3765038,-75.0751794,0.01,1,1993-09-15
USGS-392238075042001,110278-- Airport 3,39.37733718,-75.0718458,0.02,1,1988-12-09
USGS-392241074493301,010770-- School,39.378171,-74.82544478,0.05,1,1988-12-02
USGS-392432075013301,110158-- Ind 4,39.4090041,-75.025454,0.01,1,1988-11-30
USGS-392437075130501,110003-- PW 6,39.4103925,-75.2176872,0.025,2,1988-12-07
USGS-392450075153901,110369-- Institutional 1,39.41400346,-75.2604673,0.035,2,1988-12-08
USGS-392508075184601,110073-- Sheppards 2 Obs,39.41900295,-75.3124141,0.09,1,1989-03-31
USGS-392523075151901,110281-- PW 13,39.4231702,-75.2549114,0.01,1,1988-12-07
USGS-392527075064201,110161-- Fair Grounds 1,39.42400396,-75.11157,0.04,1,1988-11-15
USGS-392547075140901,110361-- 16 Emergency Well,39.42733696,-75.2424107,0.07,1,1988-12-07
USGS-392552075145001,110013-- 11 - Emergency Well,39.43122585,-75.2468554,0.135,2,1988-12-06
USGS-392641075132901,110020-- PW 3,39.44483706,-75.2243539,0.04,2,1988-12-06
USGS-392650075133101,110022-- PW 12,39.44747596,-75.2242984,0.02,1,1988-12-06
USGS-392724075123603,110274-- PW 14,39.45644825,-75.20976968,0.09,1,1988-12-08
USGS-392731075092401,110042-- Vocational School 2 Obs,39.45900397,-75.15768338,0.08,1,1989-03-30
USGS-392732075092401,110043-- Vocational School 1 Obs,39.45900397,-75.15768338,0.03,1,1989-03-31
USGS-392758074473101,010763-- Dom 1,39.4495605,-74.7912765,0.03,1,1988-12-05
USGS-392850075010301,110255-- PW 7,39.49375,-75.0606667,0.02,1,1988-11-30
USGS-392904075135701,110374-- 11A-Monitor,39.48455938,-75.23213178,0.1,1,1988-12-20
USGS-392909075130801,110375-- Ind 1,39.4859483,-75.21851989,0.2,1,1988-12-20
USGS-392921075142001,110262-- 13-Monitor,39.48928159,-75.23852098,0.01,1,1988-12-02
USGS-392953075131301,110179-- 6-A,39.4990039,-75.2212977,0.19,1,1988-12-02
USGS-392959075072901,110368-- Irr,39.47317049,-75.2210202,0.19,1,1988-12-15
USGS-393047075054201,330463-- Dom,39.51317095,-75.0946236,0.06,1,1988-12-14
USGS-393047075054202,330684-- Dom,39.51317095,-75.0946236,0.05,1,1991-04-26
USGS-393051074412101,010244-- Egg Harbor Pl,39.5131724,-74.6868272,0.07,1,1988-12-07
USGS-393104075122201,110692-- Ag06 RU 1S MW36,39.51625,-75.2053056,0.015,2,1991-12-20
USGS-393104075122202,110693-- Rutgers R&D2 Med Obs,39.51789275,-75.205741,0.11499999999999999,2,1991-12-20
USGS-393104075122203,110694-- Rutgers R&D3 Deep Obs,39.51789275,-75.205741,0.045,2,1991-12-23
USGS-393105075122201,110695-- R&D2,39.5181705,-75.2057409,0.09,1,1990-07-25
USGS-393149074555401,010793-- Shallow,39.5303937,-74.9312816,0.15,1,1988-12-13
USGS-393203075170501,330464-- Dom 1,39.53428107,-75.284356,0.07,1,1991-04-24
USGS-393208075024501,110254-- PW 10,39.5359722,-75.0459167,0.034999999999999996,2,1988-11-30
USGS-393213075171601,330672-- Dom 1965,39.5370588,-75.2874117,0.1,1,1990-08-16
USGS-393236075102102,330465-- Dom 1,39.5434483,-75.1721274,0.02,1,1988-11-23
USGS-393236075123001,330223-- Irr 1,39.54344816,-75.2079629,0.03,1,1990-07-24
USGS-393250075133001,110689-- Dom,39.54733697,-75.2246305,0.04,1,1990-07-26
USGS-393306075140101,110690-- 1988 Irr,39.55178135,-75.233242,0.04,1,1990-07-24
USGS-393322074595001,150805-- Main Rd School 1,39.5562267,-74.9968389,0.14,1,1988-09-20
USGS-393359075172801,330682-- Dom,39.5665031,-75.2907448,0.07,1,1990-08-15
USGS-393401075144801,330679-- Dom,39.56705899,-75.2462981,0.245,2,1991-04-23
USGS-393408075142301,330673-- Irr 1,39.56900345,-75.2393532,0.02,1,1990-08-09
USGS-393428075024401,150804-- Malaga 1,39.57455978,-75.0451746,0.01,1,1988-09-09
USGS-393448074560601,150793-- Irr 10,39.58011586,-74.9346136,0.35,1,1988-09-09
USGS-393449075052801,330462-- Dom,39.5803929,-75.0907328,0.14,2,1991-04-24
USGS-393457074583901,150733-- Dom,39.5826156,-74.9771151,0.06,1,1988-09-29
USGS-393514075125301,330674-- Dom,39.58733679,-75.2143514,0.315,2,1991-04-26
USGS-393515075105301,330275-- Institutional 1,39.5876147,-75.18101598,0.14,1,1988-11-23
USGS-393523074591201,150734-- Dom 1,39.58983777,-74.98628188,0.02,1,1988-08-26
USGS-393633075063001,151016-- Dom 2,39.60928159,-75.1079553,0.02,1,1988-09-20
USGS-393657075135701,330675-- Dom,39.61594766,-75.2321298,0.08,1,1990-08-14
USGS-393701074510401,010168-- Ind,39.616783,-74.8523875,0.04,1,1988-12-01
USGS-393805074555401,150812-- Com 1,39.634838,-74.93127859,0.01,1,1988-08-24
USGS-393809074484602,010285-- Ind 4,39.63844999,-74.8115522,0.03,2,1988-11-22
USGS-393818075132401,330680-- ColesFrm 1 MW28,39.6467222,-75.22325,0.04,1,1991-03-27
USGS-393818075132402,330681-- Coles Farm 2 Obs,39.6470586,-75.22407328,0.01,1,1991-03-27
USGS-393823075134901,330676-- Dom,39.6398364,-75.2299071,0.04,1,1990-08-23
USGS-393828074565501,150619-- Irr 1,39.62344917,-74.9279455,0.02,1,1988-09-15
USGS-393840075121201,330677-- Slf MW1,39.64455875,-75.2029608,0.07,1,1990-07-20
USGS-393842074565501,150566-- Fire Prot. 1,39.64511567,-74.9482233,0.01,1,1988-09-26
USGS-393852075133401,330685-- Dom,39.64789196,-75.22574,0.03,2,1991-04-23
USGS-393914075130201,330678-- Dom,39.65400308,-75.2168505,0.11,1,1990-08-16
USGS-393917075014901,150785-- Behl Rd Well,39.6548373,-75.0298934,0.12,1,1988-09-19
USGS-393934075103301,150754-- Dom 1,39.6595588,-75.1754587,0.62,1,1988-09-19
USGS-393940074574601,150735-- Dom 1,39.6612266,-74.9623899,0.02,1,1988-09-23
USGS-394021075082701,150810-- Dom 1,39.67261448,-75.140456,0.02,1,1988-09-08
USGS-394025075054801,151017-- Irr,39.6737258,-75.09628628,0.04,1,1988-09-22
USGS-394026075050401,150375-- 7 1979,39.66855556,-74.9761944,0.04,1,1988-09-28
USGS-394038074495801,070464-- PW 1,39.67733879,-74.8323854,0.025,2,1988-12-21
USGS-394057075100701,150038-- Dom,39.68261428,-75.1682355,0.09,1,1990-07-25
USGS-394107074512302,070671-- Institutional 7,39.68541667,-74.8555,0.05,1,1988-12-21
USGS-394114074590801,150204-- Ind,39.6873375,-74.9851676,0.01,1,1988-09-29
USGS-394130075092101,150726-- Dom,39.69178097,-75.1554566,0.21,1,1988-09-20
USGS-394217075003901,151048-- Mua 8,39.7042222,-75.0128333,0.02,1,1990-08-15
USGS-394221075072201,151054-- Rowan-1 Shallow Obs,39.70594775,-75.1223984,0.15,1,1991-05-07
USGS-394221075072202,151055-- Gsc-2 Med Obs,39.70594775,-75.1223984,0.58,2,1994-07-20
USGS-394221075072203,151056-- Gsc-3 Deep Obs,39.70594775,-75.1223984,0.03,1,1991-03-22
USGS-394227075052201,150801-- Dom 1,39.70761459,-75.08906268,0.04,1,1988-08-25
USGS-394242075033001,151057-- Tpe-1 Shallow Obs,39.7117814,-75.0579492,0.18,2,1991-12-17
USGS-394242075033002,151058-- Tpe-2 Med-Deep Obs,39.7117814,-75.0579492,0.05,3,1991-12-27
USGS-394242075033003,151059-- Tpe-3 Deep Obs,39.7117814,-75.0579492,0.01,1,1991-12-17
USGS-394242075033004,151063-- Tpe-4 Med-Shal Obs,39.7117814,-75.0579492,0.075,2,1991-12-17
USGS-394246075015101,150802-- Com 1,39.71289267,-75.0304472,0.16,1,1988-09-30
USGS-394248074571001,070490-- Prod 1,39.71327778,-74.9528611,0.01,1,1988-12-16
USGS-394258075050801,151028-- TW 13 /Hydro Group T-2,39.71622569,-75.08517329,0.12,1,1988-06-02
USGS-394258075083601,150829-- 1927,39.71622537,-75.1429552,0.04,1,1988-09-22
USGS-394300074383001,050608-- Mullica 4D Obs,39.71678474,-74.6412672,0.01,1,1990-09-21
USGS-394301075045901,151029-- TW 12 /Hydro Group T-1,39.717059,-75.08267308,0.18,1,1988-06-02
USGS-394303075050401,151049-- 774,39.71761454,-75.091007,0.05,1,1990-08-23
USGS-394308075050501,151050-- 581,39.71900346,-75.0843398,0.04,1,1990-08-08
USGS-394314075014501,151051-- Wtmua-1 Shallow Obs,39.7206704,-75.0287802,0.04,1,1991-03-20
USGS-394314075014502,151052-- Wtmua-2 Med Obs,39.7206704,-75.0287802,0.02,1,1991-03-19
USGS-394314075014503,151053-- Wtmua-3 Deep Obs,39.7206704,-75.0287802,0.04,1,1991-03-19
USGS-394327075021001,151065-- PW 11,39.72394444,-75.0358056,0.02,1,1990-07-17
USGS-394332074574001,070497-- Prod 2,39.72491667,-74.9611944,0.03,1,1988-12-16
USGS-394337075004101,070690-- 1987,39.7270594,-75.0110009,0.03,1,1990-07-26
USGS-394348075004101,070676-- Cohansey Deep 2,39.73011495,-75.0110008,0.03,1,1989-03-29
USGS-394348075004102,070695-- Gswc-Cohansey Shallow 2,39.73011495,-75.0110008,0.13,1,1990-07-19
USGS-394354075025901,151033-- Washington Twp 1 Obs,39.73178139,-75.0493369,0.09,1,1990-07-18
USGS-394357075011601,070677-- Cohansey Deep 3,39.73261488,-75.02072369,0.06,1,1989-03-29
USGS-394413075005001,070675-- Cohansey Deep 1,39.73705935,-75.0135008,0.26,1,1989-03-29
USGS-394414075001501,070691-- Gswc 11,39.73733718,-75.0037779,0.01,1,1990-07-18
USGS-394414075001601,070603-- Gswc 8 sealed,39.7367222,-75.0061111,0.19,1,1988-12-02
USGS-394416075013201,151044-- Dom,39.7378926,-75.0251683,0.08,1,1990-07-25
USGS-394417074553801,070500-- Ind 1,39.73817127,-74.92683108,0.03,1,1988-12-09
USGS-394427074593501,070696-- Winslow MW-1,39.74094838,-74.9926661,0.07,1,1990-08-22
USGS-394446074541801,070506-- Edgewood Jr Hi,39.74622705,-74.904608,0.02,1,1988-12-12
USGS-394543074582701,070694-- Tw-1A,39.7620595,-74.9737766,0.01,1,1990-08-22
USGS-394812074403102,050455-- Mullica 53S Obs,39.80345027,-74.6748794,0.02,1,1990-09-20
USGS-395251074320201,050709-- NJ Woodland,39.88095014,-74.53348639,0.04,1,1990-07-10
USGS-395308074345301,051092-- Institutional 2,39.88616667,-74.58125,0.06,1,1990-07-10
USGS-395714074211201,290586-- PW 5,39.954006,-74.352925,0.07,1,1990-07-11
USGS-395741074212701,290735-- PW 7,39.962617,-74.3562586,0.05,1,1990-07-11
USGS-395933074131201,290088-- PW 20,39.99239536,-74.21950388,0.04,1,1990-07-12
USGS-400039074193001,290428-- PW 1R,40.0109499,-74.32459118,0.04,1,1990-07-12
USGS-401628074464301,210243-- Dom,40.2745524,-74.7782175,4.4,1,1985-06-17
USGS-401721074441101,210146-- 6-1975,40.28927449,-74.7357162,8.5,1,1985-07-17
USGS-401734074470301,210284-- Dom,40.2928854,-74.7837733,3.0,1,1985-08-29
USGS-401740074440701,210188-- PW 4,40.29516327,-74.7351607,5.65,2,1985-07-17
USGS-401740074440702,210194-- PW 5,40.29455218,-74.7348829,1.1,1,1985-07-17
USGS-401753074483501,210289-- Bristol-Myers 100 Obs,40.29816305,-74.80932958,1.5,1,1985-06-19
USGS-401817074505001,210160-- Institutional 1,40.3048295,-74.8468307,3.0,1,1985-10-08
USGS-401817074505002,210159-- Irr,40.29816306,-74.8065517,2.1,1,1986-03-04
USGS-401905074473601,210275-- PW 7,40.3179127,-74.7934125,3.2,2,1985-07-10
USGS-401930074490301,210161-- Institutional 1,40.325107,-74.81710768,5.1,1,1985-10-08
USGS-401945074373201,210287-- Sarnoff 2,40.32927424,-74.6251571,8.1,1,1985-08-27
USGS-401945074373301,210137-- Ind,40.3292742,-74.6254349,6.5,1,1986-07-09
USGS-401947074475001,210269-- PW 6,40.32946806,-74.7971627,3.0,1,1985-07-10
USGS-401949074372801,210286-- Sarnoff 1,40.3303853,-74.624046,49.0,1,1986-07-09
USGS-402000074465801,210090-- PW 5D,40.3330791,-74.7822456,2.1,1,1985-07-10
USGS-402008074374001,210271-- Sarnoff 6,40.33566299,-74.6273794,41.0,1,1985-08-27
USGS-402020074380701,210205-- Harrison St 1,40.34160726,-74.637352,6.2,1,1985-08-13
USGS-402024074510301,210253-- Dom Repl-81,40.34010667,-74.850442,1.9,1,1986-01-14
USGS-402026074373001,231063-- 1-Wellnitz Farm,40.34066289,-74.62460159,3.5,1,1986-07-23
USGS-402027074394201,210311-- Irr 1,40.3409405,-74.66126948,1.05,2,1989-01-12
USGS-402040074463501,210242-- Research 2,40.34455116,-74.7759954,3.2,1,1985-07-11
USGS-402045074364801,231116-- Forrestal 3,40.3459406,-74.6129346,1.1,1,1985-07-16
USGS-402055074552601,190055-- Dom 1,40.3487175,-74.92349979,2.4,1,1986-01-29
USGS-402058074360101,230792-- Test 1,40.34982946,-74.59987859,0.65,1,1989-08-01
USGS-402059074360102,230801-- Test 10,40.3501072,-74.59987859,0.77,1,1989-08-01
USGS-402128074543401,190051-- Dom 2,40.357884,-74.909055,7.2,1,1986-07-09
USGS-402130074541401,190058-- Dom 1,40.3586111,-74.9036111,2.4,1,1986-06-26
USGS-402131074461201,210088-- Honey Br 10 Obs,40.35871758,-74.7693286,1.6,1,1985-06-20
USGS-402131074541901,190054-- Dom 1,40.35871736,-74.9048882,3.2,1,1986-01-29
USGS-402134074542101,190057-- Dom 2,40.35955068,-74.9054437,16.0,1,1986-06-27
USGS-402135074494001,210268-- Dom 1,40.35982858,-74.82738588,1.3,1,1986-01-14
USGS-402140074434001,210267-- Research 1,40.36121765,-74.7273829,6.4,1,1985-08-23
USGS-402143074535901,190085-- Dom-1987,40.36205064,-74.8993325,1.8,1,1987-08-07
USGS-402146074533701,190053-- Dom 1,40.36288397,-74.8932212,11.0,1,1986-01-31
USGS-402146074535701,190052-- Fire 2,40.36288396,-74.89877689,1.1,1,1986-06-26
USGS-402148074522001,190060-- 1-Greenhouse,40.36343955,-74.8718317,4.1,1,1986-06-25
USGS-402150074360101,231065-- Com 1,40.3639958,-74.5998787,0.5,1,1986-07-23
USGS-402150074521801,190059-- 2-Nursery,40.3639951,-74.87127608,2.9,1,1986-06-25
USGS-402153074520401,190080-- Dom 1,40.3648284,-74.86738708,6.8,1,1986-07-09
USGS-402206074560701,190044-- Maintenance Yard,40.36843936,-74.93488909,6.6,1,1985-12-17
USGS-402207074351301,230526-- 1-Fire Pond,40.37177347,-74.5862671,0.9,1,1986-07-03
USGS-402217074505001,210266-- Ch1,40.371495,-74.8468309,1.2,1,1986-06-27
USGS-402239074542401,190056-- Dom 1,40.3772222,-74.8725,0.8,1,1986-07-08
USGS-402243074475801,210264-- Dom 1,40.37871717,-74.79905178,1.1,1,1986-07-02
USGS-402314074461101,210277-- 4-Louellen St,40.38735595,-74.76935649,2.9,1,1985-07-31
USGS-402334074460801,210087-- 3-1965,40.3933836,-74.7624396,14.05,2,1985-07-31
USGS-402340074455301,210189-- PW 1,40.39455028,-74.76432858,18.55,2,1985-07-31
USGS-402341074543601,190074-- Dom,40.3948278,-74.9096107,2.4,1,1986-02-13
USGS-402355074472601,210260-- Dom 1,40.3987168,-74.7901627,0.9,1,1986-07-01
USGS-402358074455001,210262-- Dom 1,40.39955019,-74.7634952,0.9,1,1986-06-27
USGS-402406074441501,210263-- Dom 1,40.4017724,-74.7371055,4.8,1,1986-07-08
USGS-402406074454801,210261-- Dom 1,40.40177237,-74.76293968,1.4,1,1986-06-27
USGS-402425074583001,190077-- PW 3,40.40721636,-74.9745849,0.4,1,1985-08-16
USGS-402438074431401,350026-- Dom 1,40.41066119,-74.72016058,3.2,1,1986-07-08
USGS-402509074414201,350016-- Eight,40.41927219,-74.6946042,4.5,1,1985-09-18
USGS-402530074490901,190045-- Dom 1,40.42510519,-74.8187747,22.0,1,1986-01-30
USGS-402543074515001,190046-- Mun Bldg,40.42871616,-74.8634983,0.7,1,1986-02-04
USGS-402545074591601,190070-- PW 1,40.4292437,-74.9873353,7.0,1,1985-08-16
USGS-402621074300901,231119-- 1-Fire Pond/SEALED,40.4392721,-74.50209808,0.9,1,1986-07-28
USGS-402630074295902,231076-- Core Hole A,40.44177206,-74.4993202,1.5,1,1986-05-23
USGS-402630074320601,231044-- Com 1,40.43899429,-74.5343213,4.8,1,1986-01-08
USGS-402630074374901,350019-- Irr,40.44177186,-74.62988,4.1,1,1986-01-15
USGS-402731075003301,190023-- Domestic 2,40.4587153,-75.0087805,1.5,1,1985-12-18
USGS-402756075003201,190035-- Dom 1,40.46565964,-75.0085027,3.4,1,1985-12-19
USGS-402812075025901,190061-- Dom-1983,40.47010374,-75.0493371,16.0,1,1986-01-28
USGS-402829074545601,190037-- Dom 1,40.47482634,-74.91516668,12.4,1,1986-01-28
USGS-402852074300401,350023-- Ind 1,40.48121555,-74.50070938,2.3,1,1986-07-24
USGS-402909075003201,190017-- Dom 1,40.48593705,-75.00850279,0.4,1,1986-01-29
USGS-402917074521201,190041-- 5-Replacement,40.4881595,-74.8696098,6.6,1,1985-07-26
USGS-402929074562101,190036-- Dom-1980,40.49149267,-74.9387786,0.5,1,1986-01-31
USGS-402951074510401,190042-- 4-Reaville,40.49840936,-74.85202599,3.4,2,1985-07-09
USGS-403001074305801,350021-- Irr,40.50038175,-74.51571,5.8,1,1986-02-12
USGS-403009074580501,190062-- Plant 1,40.5026035,-74.9676684,4.1,1,1985-09-19
USGS-403014074515701,190030-- 7 -Rt 12,40.50399258,-74.86544309,5.2,1,1985-07-09
USGS-403021074503101,190031-- Ind 1,40.505937,-74.8415535,6.7,1,1985-07-25
USGS-403030074582101,190008-- Titanium 3,40.50232576,-74.9679461,2.2,1,1985-09-19
USGS-403040074555201,190048-- 1985-Deep,40.51121457,-74.93072288,2.0,1,1985-12-17
USGS-403110074281201,231053-- Golf Course,40.51954836,-74.46959738,2.2,1,1986-02-11
USGS-403112075034301,190016-- Frnchtn 2,40.52010276,-75.06155999,10.1,1,1985-07-23
USGS-403140075033501,190005-- PW 1,40.5278804,-75.05933779,3.9,2,1985-07-23
USGS-403157074583401,190025-- Dom 1,40.532603,-74.9757244,1.0,1,1986-02-12
USGS-403259074351801,350010-- PW 9,40.54982548,-74.5879348,5.9,1,1985-07-30
USGS-403304074352701,350018-- C-2,40.55121435,-74.5904348,7.05,2,1985-07-30
USGS-403304074473301,190065-- Dom,40.5512142,-74.7921079,2.8,1,1986-01-31
USGS-403330074284301,231079-- Backup-1983,40.5584366,-74.478209,5.3,1,1985-10-08
USGS-403430074502001,190018-- Dom,40.5751026,-74.8384983,3.1,1,1986-01-07
USGS-403437074333701,350009-- Ind 1,40.5770473,-74.5598785,4.0,1,1985-07-24
USGS-403456074381501,350020-- Irr 1,40.582325,-74.6371032,7.1,1,1985-09-09
USGS-403503074154201,231054-- One,40.58427076,-74.2612571,3.4,1,1986-02-05
USGS-403527074222301,231055-- Tingley Lane 5,40.5909367,-74.3726499,4.35,2,1985-09-10
USGS-403530074405901,350017-- Reeve Cultural Ctr,40.5917693,-74.6826602,3.9,1,1986-01-09
USGS-403536074222801,231072-- Tingley 2,40.59343666,-74.3740389,7.1,2,1985-09-10
USGS-403545074243301,231071-- Park 25,40.5959364,-74.4087624,3.7,1,1985-09-10
USGS-403555074233501,230340-- 30 Park,40.59882529,-74.4076234,2.6,1,1985-09-10
USGS-403640074265301,350037-- N Plainfield,40.61157489,-74.4478749,2.6,1,1985-08-12
USGS-403730074453301,190064-- 1-Inside Plant,40.62510209,-74.7587739,3.2,1,1986-01-06
USGS-403737074544001,190028-- Stp 6,40.62704606,-74.9107232,1.9,1,1985-12-30
USGS-403836074500301,190009-- 2-Lebanon,40.6437127,-74.8340542,0.4,1,1985-07-18
USGS-403854074160301,390251-- Walberga 1,40.64843615,-74.26709109,4.7,1,1985-11-21
USGS-404027074164401,390102-- White Lab 3 Obs,40.6742689,-74.2784805,5.6,1,1985-07-03
USGS-404046074210401,390168-- Central Ave,40.67946305,-74.3511498,2.1,1,1985-11-21
USGS-404106074171901,390119-- Union County Park Obs,40.685102,-74.28820318,3.2,1,1985-07-02
USGS-404614074082201,170006-- Ind 1,40.77065646,-74.13903238,8.6,1,1986-03-14
USGS-404717074340201,271850-- SUS 0777 Dom,40.78830556,-74.5670556,1.65,1,1997-09-03
USGS-405032074061401,030265-- Com 1,40.8423221,-74.1034756,5.75,2,1989-01-11
USGS-405034074003501,030224-- Overpeck Creek 3,40.84287788,-74.00930599,60.0,1,1986-03-07
USGS-405048074002401,030220-- Pool,40.8467667,-74.0062503,14.0,1,1986-07-15
USGS-405125073595501,030217-- Pool,40.8570443,-73.99819448,5.7,1,1986-07-14
USGS-405126074060201,030264-- Ind 3,40.8573219,-74.1001421,49.0,2,1989-01-11
USGS-405213074030201,030216-- 1-1947,40.87037735,-74.0501405,9.4,1,1986-03-07
USGS-405217074052301,030268-- Home Pl-TW 2,40.87148838,-74.0893084,135.0,2,1988-08-16
USGS-405221073592001,030219-- Fld,40.87259965,-73.9884719,8.8,1,1986-07-16
USGS-405241074041301,030267-- Columbia Ave,40.87815497,-74.0698633,4.85,2,1988-08-12
USGS-405315074173901,130090-- Hollywood 6,40.887599,-74.2937596,1.3,1,1986-03-12
USGS-405316073590401,030225-- Ind 1,40.88787718,-73.9840273,25.0,1,1986-03-07
USGS-405407074014301,030222-- Soccer Field,40.90204354,-74.0281952,2.9,1,1986-03-20
USGS-405419073580901,030218-- Repl 2,40.9053769,-73.96874898,1.0,1,1986-07-18
USGS-405621073574801,030234-- 1-North,40.9392652,-73.9629153,16.0,1,1986-03-05
USGS-405725074292801,271852-- SUS 0402 Dom,40.9551111,-74.4962222,4.220000000000001,2,1997-08-26
USGS-405827074010401,030221-- Emerson,40.97426459,-74.0173613,4.4,1,1986-03-05
USGS-405833074205801,271858-- SUS 0355 Dom,40.97594444,-74.349,429.0,1,1997-10-15
USGS-405934073560901,030231-- Rockleigh Gc 1,40.99287547,-73.9354143,3.6,1,1986-03-05
USGS-405940073562401,030226-- Rockleigh Pk 2,40.9945421,-73.9395811,4.2,1,1986-03-05
USGS-410022074105201,030230-- Ames 3,41.0064029,-74.1808391,1.2,1,1986-03-06
USGS-410208074233501,310147-- SUS 0253 Dom,41.03488889,-74.3928333,1.24,1,1997-11-09
USGS-410426074083501,030034-- Spring St,41.07409636,-74.1421717,2.7,1,1986-03-11
USGS-410546074153001,310144-- SUS 0107 Dom,41.09244444,-74.2578333,8.555,2,1997-08-26
USGS-410744074213101,310146-- SUS 0080 Dom,41.12944444,-74.3585,12.8,1,1997-11-02
USGS-410930074235901,310145-- SUS 0054 Dom,41.15875,-74.3996944,1.57,1,1997-09-17
USGS-315543106263201,JL-49-05-504,31.928715,-106.442765,5.51,1,1997-08-27
USGS-315712106364302,MBOWN-229 - JL-49-04-467 (CWF-4B),31.95343558,-106.6127696,1.0,1,1995-08-14
USGS-315816106243201,JL-49-05-318,31.97121405,-106.409431,4.04,1,1997-08-21
USGS-320445106421001,MBOWN-331 26S.02E.02.223,32.07926553,-106.7033299,7.0,1,1995-03-21
USGS-320546106410201,25S.02E.36.222,32.09620965,-106.6844408,0.2,1,1976-03-25
USGS-320738106392401,MBOWN-359 25S.03E.17.433,32.1273201,-106.6572183,3.0,1,1995-03-14
USGS-320939106441701,MBOWN-335 25S.02E.04.421,32.1609305,-106.7386107,2.0,1,1995-03-15
USGS-321218103504901,24S.30E.23.2423 H-8A,32.2048456,-103.8446509,0.08,1,1980-02-12
USGS-321218103504902,24S.30E.23.2423 H-8B,32.2048456,-103.8446509,7.4,1,1980-02-11
USGS-321218103504903,24S.30E.23.2423 H-8C,32.2048456,-103.8446509,0.04,1,1980-09-06
USGS-321443103472401,24S.31E.04.1341 H-9A,32.2481787,-103.788818,0.15,1,1980-02-05
USGS-321443103472402,24S.31E.04.1341 H-9B,32.2481787,-103.788818,34.0,1,1980-02-05
USGS-321443103472403,24S.31E.04.1341 H-9C,32.2481787,-103.788818,0.45,1,1980-05-20
USGS-321557103472301,23S.31E.04.3134 P-17,32.33012266,-103.7896548,0.1,1,1977-05-10
USGS-321605103520201,"23S.30E.34.2111ERDA10,INTERVAL 4140-4431",32.26845606,-103.8679876,0.26,1,1977-09-29
USGS-321701103413902,23S.32E.20.3442 H-10B,32.28373438,-103.6968728,0.08,1,1980-03-21
USGS-321701103413903,23S.32E.20.3442 H-10C,32.28373438,-103.6968728,0.37,1,1980-05-19
USGS-321817103250001,23S.35E.18.1434 WIPP-15,32.3048471,-103.4090863,3.4,1,1979-03-12
USGS-321820103510502,23S.30E.14.1333 H-7B,32.30540028,-103.8593777,9.7,1,1980-03-20
USGS-321820103510503,23S.30E.14.1333 H-7C,32.30540028,-103.8593777,1.9,1,1980-03-20
USGS-321828106473701,23S.01E.13.411A DUP2,32.3075935,-106.7936156,3.8,1,1974-09-06
USGS-321847106433501,23S.02E.15.120 TELSHOR NO.I,32.31314924,-106.7269466,6.4,1,1980-01-19
USGS-321934106482601,MBOWN-22 - 23S.01E.11.214A (LC-31),32.32648179,-106.8077829,0.3,1,1976-05-13
USGS-322023103482001,23S.31E.5.1123 H-4A,32.33928919,-103.8057666,0.08,1,1978-12-14
USGS-322023103482002,23S.31E.5.1123 H-4B,32.33928919,-103.8057666,2.9,1,1978-12-14
USGS-322023103482003,23S.31E.05.1123 H-4C,32.33928919,-103.8057666,1.2,1,1979-03-16
USGS-322031103492801,22S.31E.31.3331 P-15,32.34206686,-103.8249339,2.2,3,1979-04-11
USGS-322037103580901,22S.29E.34.3423 WIPP-29,32.34428835,-103.9735487,10.0,2,1980-08-20
USGS-322054106475201,MBOWN-339 22S.01E.36.314,32.3484257,-106.7983384,102.0,1,1995-03-16
USGS-322121103405501,22S.31E.26.4434 P-18,32.3556783,-103.7421546,0.31,3,1980-05-20
USGS-322136103473001,22S.31E.29.4224 H-3/H-3B1,32.36078889,-103.7918667,0.16499999999999998,4,1979-05-10
USGS-322200103524801,22S.30E.29.2322 WIPP-26,32.36651077,-103.8996589,8.6,2,1980-08-18
USGS-322204103474001,22S.31E.29.2213 H-1,32.36790019,-103.7949342,0.13,4,1979-03-13
USGS-322205103480701,22S.31E.29.1232 H-2A,32.36762237,-103.8027121,0.8,1,1977-02-22
USGS-322205103480702,22S.31E.29.1232 H-2B,32.36762237,-103.8027121,4.2,1,1977-02-22
USGS-322205103480703,22S.31E.29.1232 H-2C,32.36762237,-103.8027121,2.4,3,1979-02-24
USGS-322215103502701,22S.30E.24.3334 P-14,32.37095548,-103.8413243,1.3,1,1977-02-24
USGS-322237106282801,22S.05E.19.323 SW-21,32.37703676,-106.474993,0.8,1,1984-08-21
USGS-322246106405801,22S.02E.24.422,32.37953638,-106.6833345,9.7,1,1973-08-30
USGS-322256106282601,22S.05E.19.141 SW-22,32.3823144,-106.4744376,3.1,1,1984-08-21
USGS-322309106290201,22S.04E.24.212A SW-10A,32.3859253,-106.4844378,2.05,2,1984-08-21
USGS-322310106293401,22S.04E.24.112 SW-11,32.38620297,-106.4933269,6.4,1,1984-08-21
USGS-322331106293801,22S.04E.13.311 SW-13,32.39203616,-106.4944382,7.4,1,1981-02-17
USGS-322336103522401,22S.30E.15.1433 WIPP-25,32.39206628,-103.8721592,6.1,3,1980-09-04
USGS-322342103452401,22S.31E.15.2244 H-5A,32.395678,-103.7571566,1.0,1,1978-12-14
USGS-322342103452402,22S.31E.15.2244 H-5B,32.395678,-103.7571566,1.0,1,1978-12-19
USGS-322345103450201,22S.31E.11.1232 AEC-8,32.40928908,-103.7510459,0.04,2,1977-09-20
USGS-322352103503601,22S.31E.18.111 H-6A,32.39845539,-103.8249361,6.7,1,1978-12-20
USGS-322352103503602,22S.31E.18.111 H-6B,32.39845539,-103.8249361,4.3,1,1978-12-20
USGS-322446106290801,22S.04E.12.214 SW-20,32.4128691,-106.4861049,2.2,1,1980-08-04
USGS-322559103443401,21S.31E.35.4214,32.43317788,-103.7432688,1.8,4,1975-09-14
USGS-322610103424201,21S.32E.31.2332,32.4362336,-103.7121569,0.405,2,1979-04-28
USGS-322632103472201,21S.31E.33.1113 WIPP-30,32.4409553,-103.7907703,0.155,2,1980-09-24
USGS-322757104350101,21S.23E.22,32.46594374,-104.5841305,1.3,1,1981-08-13
USGS-322801106300801,21S.04E.23.233A (HTA-1),32.46694444,-106.5038889,4.2,1,1984-08-17
USGS-322814103531501,21S.30E.21.1211 WIPP-27,32.47190833,-103.88905,4.9,3,1980-09-20
USGS-322856106262701,21S.05E.16.132 SMR-1,32.48231246,-106.4413827,8.0,1,1984-08-17
USGS-322912103485701,21S.31E.18.2111 WIPP-28,32.48512156,-103.8163283,2.0,2,1980-08-21
USGS-322923104410301,21S.22E.10,32.4898298,-104.6846888,1.6,1,1981-08-18
USGS-322928104382501,21S.23E.07,32.4912199,-104.6407993,1.9,1,1981-08-18
USGS-323601107010001,20S.02W.02.1444,32.6002472,-107.0169556,2.0,1,1994-05-04
USGS-323611107011501,20S.02W.02.114,32.60313885,-107.0214038,17.0,1,1995-03-20
USGS-323722107002801,19S.02W.26.4424,32.62209167,-107.0079306,6.0,1,1994-05-04
USGS-323733107011001,19S.02W.26.321,32.62634167,-107.0190111,6.0,1,1994-05-06
USGS-323802106194001,19S.06E.28.221 MAR-CW,32.6339766,-106.328328,20.5,2,1989-04-03
USGS-323802107024101,19S.02W.21.443 H-27,32.63456389,-107.0452583,9.0,1,1994-05-06
USGS-323852107033801,19S.02W.20.222A,32.64776944,-107.0609722,1.0,1,1994-05-07
USGS-323906106274301,19S.05E.17.331 MAR-1SW,32.6517526,-106.4624976,34.0,1,1984-08-17
USGS-323917107031601,19S.02W.16.3213 H-29,32.6543472,-107.0550972,12.0,1,1994-05-05
USGS-323920107064601,19S.03W.14.2434,32.65614167,-107.1131861,3.0,1,1994-05-07
USGS-323930107041401,19S.02W.17.1414,32.6582,-107.0710056,7.0,1,1994-05-05
USGS-323945106171901,19S.06E.13.113 BAIRD SOUTH,32.66258746,-106.2891613,6.2,1,1989-03-21
USGS-323959107075401,19S.03W.10.4322,32.66686944,-107.1323972,3.0,1,1994-04-18
USGS-324021107114301,19S.03W.07.131A,32.67305833,-107.1962056,14.0,1,1994-04-27
USGS-324041107100001,19S.03W.05.434,32.6784361,-107.1673056,41.0,1,1994-04-24
USGS-324059107122301,19S.04W.01.3234,32.68310556,-107.207125,17.0,1,1994-04-27
USGS-324122107120801,19S.04W.01.214,32.69015833,-107.2029556,13.0,1,1994-04-28
USGS-324202107143101,18S.04W.34.1344,32.70099444,-107.2433583,14.0,1,1994-04-28
USGS-324236107133701,18S.04W.26.3323,32.71020833,-107.2273861,15.0,1,1994-05-02
USGS-324257107142601,18S.04W.27.1441,32.71596944,-107.2409056,7.0,1,1994-04-22
USGS-324419107160801,18S.04W.17.4322,32.73897778,-107.2699,10.0,1,1994-04-24
USGS-324422107152201,18S.04W.16.342,32.739175,-107.2570667,2.0,1,1994-05-02
USGS-324510107162601,18S.04W.08.342,32.75279167,-107.2743806,8.0,1,1994-04-23
USGS-324628107163401,18S.04W.05.1233,32.77795833,-107.2777556,13.0,1,1994-04-23
USGS-324714107180201,17S.05W.36.4221,32.78736944,-107.300725,4.0,1,1994-04-25
USGS-324738107165201,17S.04W.29.3433,32.7945111,-107.282,62.0,1,1994-04-26
USGS-324855107184601,17S.05W.24.314A,32.81558889,-107.3136028,26.0,1,1994-04-26
USGS-324955107180901,17S.05W.13.24,32.83167778,-107.3033722,10.0,1,1994-04-19
USGS-325002107181201,17S.05W.13.22 H-4,32.834425,-107.3033333,6.0,1,1994-04-19
USGS-325121107172601,17S.04W.06.324,32.85587778,-107.2914167,34.0,1,1994-05-07
USGS-325123107175701,17S.05W.01.4244,32.85658889,-107.299875,16.0,1,1994-05-03
USGS-325335107182401,16S.05W.25.211A,32.89312839,-107.3072464,2.0,1,1995-03-13
USGS-330300104405101,15S.23E.06.22222,33.05010529,-104.6813596,1.6,1,1981-07-23
USGS-330400105010501,14S.20E.29 CHERRY WELL,33.06676507,-105.018589,0.8,1,1981-08-10
USGS-332209104572401,11S.20E.09 NUNEZ WELL,33.36926219,-104.957199,1.5,1,1981-08-11
USGS-332718105330601,10S.14E.11.FT. STANTON MESA WELL,33.45508155,-105.5522042,2.4,1,1981-07-30
USGS-333643104421201,08S.22E.22,33.61203468,-104.7038634,0.9,1,1981-08-20
USGS-333653108134501,08S.13W.18.13133,33.6147826,-108.2297765,3.2,1,1979-08-23
USGS-333718108110201,08S.13W.16.211 TRIANGLE C RANCH 1350 WELL,33.6217273,-108.1844978,1.1,1,1979-08-23
USGS-333731104401101,08S.22E.13,33.62536754,-104.6702517,1.0,1,1981-08-20
USGS-333810107005001,08S.02W.11.121,33.63525,-107.0156111,3.0,1,1995-04-19
USGS-333946108222301,07S.15W.34.213 Y CANYON WELL,33.6629722,-108.373525,1.7,1,1979-08-22
USGS-333952104394801,07S.22E.36,33.66453267,-104.6638633,2.2,1,1981-08-20
USGS-334032107431801,07S.09W.25.144,33.6756194,-107.7222641,6.5,1,1979-08-24
USGS-334038107402201,07S.08W.28.141,33.67728625,-107.6733742,0.9,1,1979-08-31
USGS-334156106045401,07S.08E.14.323,33.69896188,-106.0822184,1.4,1,1982-08-04
USGS-334243107020001,07S.02W.10.341,33.71216667,-107.0336667,1.6,1,1980-09-04
USGS-334453106062001,06S.08E.33.241,33.7481282,-106.1061077,3.5,1,1982-07-31
USGS-334602108171301,06S.14W.21.433,33.76727797,-108.2875566,1.6,1,1979-08-30
USGS-334646107112801,06S.03W.19.131 ANTELOPE WELL,33.7795079,-107.1917006,3.2,1,1980-05-27
USGS-334747108194401,06S.14W.07.334,33.79695,-108.3286111,1.4,1,1979-08-22
USGS-334818106533401,06S.01W.12.214,33.80506588,-106.8933599,10.0,1,1995-05-02
USGS-334836106520001,"06S.01E.05.334 FIELD 17A SUMP AT BDANWR,NM (B11)",33.80839934,-106.8658583,0.9,1,1988-02-25
USGS-335037108102901,05S.13W.27.422 FARR CATTLE CO.,33.8436675,-108.1753336,2.1,1,1979-08-30
USGS-335112107430801,05S.09W.24.441B,33.8536111,-107.7194444,3.0,1,1979-08-23
USGS-335155108112001,05S.13W.22.11221,33.8653338,-108.1895009,3.0,1,1979-08-30
USGS-335248108053901,05S.12W.09.434,33.88005718,-108.094777,1.8,1,1979-08-30
USGS-335321107523901,05S.10W.09.232 HDQ WELL,33.88922638,-107.878105,1.4,1,1979-08-29
USGS-335326106522701,05S.01E.07.234,33.8906215,-106.8747479,8.0,1,1995-04-13
USGS-335332106550801,05S.01W.11.132,33.892288,-106.9194727,7.5,1,1980-09-02
USGS-335349106382501,05S.03E.09.244,33.8970117,-106.6408483,6.7,1,1980-06-03
USGS-335416108114201,05S.13W.04.241,33.90450007,-108.1956127,3.3,1,1979-08-30
USGS-335549106511801,04S.01E.29.424,33.93034378,-106.8555802,1.2,1,1980-10-20
USGS-335617108065501,04S.12W.29.122,33.93811197,-108.1158895,3.2,1,1979-07-11
USGS-335634106595201,04S.02W.24.431,33.9428434,-106.998366,3.6,1,1981-01-06
USGS-335704106501601,04S.01E.21.241,33.95117714,-106.838357,1.8,1,1980-09-18
USGS-335727107480501,04S.09W.17.311,33.95756004,-107.8019926,5.5,1,1979-07-13
USGS-335759106371401,04S.03E.15.123,33.96645606,-106.6211257,2.1,1,1980-09-25
USGS-335815106532601,04S.01W.12.443,33.97089925,-106.8911379,6.2,1,1980-11-21
USGS-335858107542601,04S.10W.05.333 DUP,33.9828364,-107.9078296,1.8,1,1979-08-29
USGS-335937107483301,04S.09W.06.212,33.9936708,-107.8097712,4.3,1,1979-08-21
USGS-340025106570901,03S.01W.33.143,34.00701028,-106.9530858,10.7,1,1980-08-21
USGS-340040106464601,03S.02E.31.11 OWL WELL,34.01117727,-106.7800208,15.6,1,1981-03-26
USGS-340040106541101,03S.01W.36.113,34.01117705,-106.9036386,3.9,1,1980-10-22
USGS-340047107001301,03S.02W.36.212,34.0131213,-107.0041995,20.6,1,1980-07-18
USGS-340103107461701,03S.09W.28.240,34.01755999,-107.7719926,1.5,1,1979-08-02
USGS-340130106234201,03S.05E.26.120 MWC WELL,34.02506813,-106.3955625,1.6,1,1982-01-28
USGS-340229107044501,03S.02W.20.111,34.04145415,-107.0797561,0.9,1,1980-08-21
USGS-340306106562001,03S.01W.15.131,34.05173266,-106.939474,4.4,1,1981-08-27
USGS-340326107481801,03S.09W.07.442,34.0572816,-107.8056052,1.6,1,1979-08-30
USGS-340334106540201,03S.01W.12.332 BLM-SOCORRO PWS,34.05951058,-106.9011387,3.6500000000000004,2,1980-10-01
USGS-340347107351401,03S.07W.08.132 CCC WELL,34.06311706,-107.58782,5.1,1,1980-05-28
USGS-340348107553701,03S.11W.12.242,34.06339136,-107.9275536,2.4,1,1980-06-27
USGS-340351107255401,03S.06W.11.241 DIVIDE WELL,34.0642294,-107.4322606,3.4,1,1980-05-28
USGS-340400107441801,03S.09W.11.212,34.06672674,-107.7389364,0.7,1,1980-09-26
USGS-340427107373601,03S.08W.01.310 VLA MAIN WELL,34.0735833,-107.6246944,3.7,1,1979-08-21
USGS-340438106195701,03S.06E.05.422,34.0772902,-106.3330616,1.7,1,1980-10-31
USGS-340500106390101,03S.03E.05.213,34.0834005,-106.6508496,13.2,1,1980-06-03
USGS-340515106352801,02S.03E.36.331 NEW WELL,34.0875674,-106.5916812,5.9,1,1980-09-04
USGS-340525106535901,02S.01W.36.323,34.09034404,-106.9003054,8.2,1,1980-10-30
USGS-340534106535401,02S.01W.36.1434,34.09284405,-106.8989164,5.6,1,1980-10-30
USGS-340547107464401,02S.09W.33.122,34.09644838,-107.7794936,1.0,1,1980-09-22
USGS-340600106561501,02S.01W.25.344B,34.10006614,-106.9380852,15.0,1,1982-02-10
USGS-340603107140101,02S.04W.26.344,34.1008973,-107.2342027,6.3,1,1980-06-03
USGS-340611107135801,02S.04W.26.342,34.10311954,-107.2333694,5.8,1,1980-06-05
USGS-340906106540601,02S.01W.11.243 SIDWELL WELL 1,34.15173315,-106.9022501,6.9,1,1980-10-06
USGS-340914107512301,02S.10W.10.222,34.15394729,-107.8569968,7.7,2,1981-09-03
USGS-340927106553501,02S.01W.10.221,34.15756637,-106.9269737,148.0,2,1980-10-01
USGS-340932106464801,02S.02E.06.334,34.15895608,-106.7805769,20.5,2,1982-07-26
USGS-341014107514601,01S.10W.34.43323,34.1706138,-107.863386,8.5,1,1980-08-28
USGS-341024106440601,02S.02E.03.111,34.1734008,-106.7355749,20.5,1,1980-03-13
USGS-341048107590501,01S.11W.33.231A,34.18005699,-107.9853349,7.0,1,1980-05-08
USGS-341121108584901,01S.21W.25.244,34.1892222,-108.9799167,1.5,1,1980-10-15
USGS-341210106424801,01S.02E.22.444 STAPLETON WELL SIERRA DE LA CRUZ,34.20284545,-106.7139078,13.7,1,1980-04-23
USGS-341230107535901,01S.10W.20.142,34.20839106,-107.9003323,1.4,1,1980-11-04
USGS-341519106535101,01S.01W.01.124,34.25534459,-106.8980836,15.0,1,1995-04-17
USGS-341520107375601,01S.08W.02.241 IRR NO 1,34.25561545,-107.6328232,2.2,1,1979-07-10
USGS-341525108461801,01S.19W.01.223,34.25676944,-108.7719,10.0,1,1980-10-15
USGS-341639108235101,01N.15W.27.342,34.27755208,-108.3981194,9.6,1,1980-08-26
USGS-341642108484401,01N.19W.27.42,34.2783811,-108.8142397,0.39,1,1983-07-13
USGS-341712107462701,01N.09W.27.113,34.28672489,-107.7747729,3.8,1,1980-05-09
USGS-341904108344201,01N.17W.12.333,34.31782686,-108.5789556,4.1,1,1983-07-26
USGS-342041106504601,01N.01E.04.123,34.3439722,-106.8466944,10.0,1,1995-04-11
USGS-342633108433101,03N.18W.33.233,34.44275556,-108.7258833,1.3,1,1980-08-19
USGS-342753106485501,03N.01E.23.331,34.46480556,-106.8156111,4.0,1,1995-04-11
USGS-342802106572401,03N.01W.21.332,34.4664722,-106.9564167,22.0,1,1982-10-22
USGS-342821108422701,03N.18W.22.232,34.47246944,-108.7084,0.05,1,1982-09-08
USGS-342947107064901,03N.03W.12.313,34.49644988,-107.1142003,0.9,1,1981-03-18
USGS-343206108333401,04N.16W.31.111,34.5350459,-108.5600689,0.04,1,1983-07-26
USGS-343220108470001,04N.19W.25.424 PUEBLO WINDMILL,34.5389327,-108.7839649,1.2,1,1979-08-04
USGS-343238106460501,04N.02E.30.243,34.54395104,-106.7686374,13.0,1,1995-03-29
USGS-343345108345801,04N.17W.23.22,34.5625452,-108.5834034,0.11,1,1983-07-27
USGS-343715107391501,05N.08W.35.123,34.62088645,-107.6547706,2.9,1,1986-12-15
USGS-343715108120601,05N.13W.15.333,34.6542145,-108.2025633,3.5,1,1978-08-31
USGS-343735108031701,05N.12W.25.344,34.62643865,-108.0553377,0.7,1,1978-08-31
USGS-343743107581401,05N.11W.26.323,34.62866156,-107.9697801,4.7,1,1978-09-06
USGS-343748108054801,05N.12W.27.313,34.6300493,-108.0972831,7.7,1,1978-08-31
USGS-343905108182001,05N.14W.15.33,34.65143568,-108.3061764,9.5,1,1979-08-10
USGS-343952108032301,05N.12W.13.141,34.6644933,-108.0570045,0.6,1,1978-08-30
USGS-343957108151601,05N.13W.18.113,34.6658804,-108.2550645,0.4,1,1978-11-28
USGS-344142108024101,05N.12W.01.224,34.69504829,-108.0453377,0.7,1,1978-08-30
USGS-344146108064601,05N.12W.04.112,34.69615878,-108.1133948,1.1,1,1978-08-31
USGS-344205107591101,06N.11W.34.322,34.7014375,-107.987003,1.5,1,1978-08-31
USGS-344229107592701,06N.11W.34.113,34.708104,-107.9914475,3.9,1,1978-08-28
USGS-344344107544301,06N.10W.20.411,34.72893748,-107.9125565,2.8,1,1978-08-29
USGS-344410107551301,06N.10W.20.114,34.73615947,-107.9208901,8.0,1,1978-08-29
USGS-344448108024901,06N.12W.13.421,34.74671376,-108.04756,3.4,1,1978-08-31
USGS-344500106460301,06N.02E.18.232,34.75002778,-106.7676944,4.0,1,1995-04-09
USGS-344522106432001,06N.02E.10.341,34.7561676,-106.722804,6.0,1,1995-04-06
USGS-344545107560801,06N.10W.07.1413,34.76254758,-107.9361684,19.0,1,1986-11-26
USGS-344549107554401,06N.10W.07.232,34.7636587,-107.9295016,2.5,1,1978-08-28
USGS-344626107524901,06N.11W.02.412,34.77393595,-107.963947,1.7,1,1978-08-31
USGS-344636108033901,06N.12W.01.311,34.77671286,-108.0614494,2.6,1,1978-09-06
USGS-344657107533401,06N.10W.06.121,34.7819915,-107.9353351,1.6,1,1978-08-28
USGS-344817106401001,07N.03E.30.321,34.8045833,-106.6697222,2.0,1,1995-04-03
USGS-344859107530201,07N.10W.22.112,34.8256018,-107.885334,8.2,1,1978-09-05
USGS-344900106415801,07N.02E.23.414,34.81672128,-106.7000257,3.0,1,1995-04-09
USGS-344916106430401,07N.02E.22.231,34.82116555,-106.7183595,4.0,1,1995-04-12
USGS-345013108023801,07N.12W.13.244,34.8367114,-108.0453381,4.0,1,1978-09-06
USGS-345113106464101,07N.02E.07.11414A,34.85366429,-106.7786387,4.7,2,1975-07-16
USGS-345321108521101,08N.19W.29.331 ZUNI ZS-3,34.88920335,-108.8703604,2.3,2,1988-10-12
USGS-345329107374001,08N.08W.25.4231,34.8914351,-107.6283834,1.5,1,1986-12-06
USGS-345333107513401,08N.10W.26.412,34.89254465,-107.860056,2.6,1,1978-11-13
USGS-345402107295701,08N.06W.20.3334,34.90060234,-107.4997689,0.51,1,1986-11-18
USGS-345416107505101,08N.10W.24.323 KOWINA 88-2,34.90448885,-107.8481114,6.85,4,1989-03-01
USGS-345425107511001,08N.10W.24.311,34.9080998,-107.8528338,3.3,1,1978-08-11
USGS-345456107511901,08N.10W.24.221,34.9155997,-107.8392224,3.7,1,1978-08-02
USGS-345618107500501,08N.09W.07.311,34.9383769,-107.8353335,4.6,1,1978-11-30
USGS-345706108015701,08N.11W.06.233,34.9519862,-108.0336716,4.9,1,1978-11-02
USGS-345810106403401,09N.02E.36.222,34.96949439,-106.6766919,3.0,1,1995-04-23
USGS-345850107475401,09N.09W.28.1344 ACOMA NO. 1,34.98059825,-107.798944,0.28,1,1989-02-15
USGS-345901107480901,09N.09W.28.113A ACOMA NO. 2,34.9836537,-107.8031109,0.8,1,1989-01-14
USGS-345903107480901,09N.09W.28.113 LAS VENTANAS,34.98420924,-107.8031109,2.4,1,1978-08-10
USGS-345919106412801,09N.02E.24.3311,34.98857706,-106.6922756,7.0,1,1993-08-13
USGS-350029106422101,09N.02E.14.1344,35.0083333,-106.7064556,6.0,1,1993-08-17
USGS-350053107290101,09N.06W.16.111,35.01476605,-107.4842145,0.83,1,1986-11-17
USGS-350054106424401,09N.02E.10.443,35.01499444,-106.7127167,6.0,1,1993-08-10
USGS-350108107183501,09N.05W.12.4424/442 Mesita Test,35.018378,-107.3105988,100.0,1,1963-10-26
USGS-350212106404001,09N.02E.01.4122,35.03700556,-106.6785139,11.0,1,1993-08-16
USGS-350214108454001,09N.18W.05.324,35.03725615,-108.7617484,1.3,1,1989-12-15
USGS-350232107263701,"09N.06W.02.1234  76-7 WELL  LAGUNA-ACOMA,NM",35.04226547,-107.4442138,7.2,1,1977-01-27
USGS-350240107291201,"09N.06W.05.2221  76-6 WELL  LAGUNA-ACOMA,NM",35.04448738,-107.4872705,7.9,1,1977-01-25
USGS-350316106402001,10N.03E.31.1314,35.0542083,-106.6725944,2.0,1,1993-08-16
USGS-350337107452601,10N.09W.26.434,35.06031859,-107.7578328,5.9,1,1978-08-10
USGS-350344106391201,10N.03E.29.3342,35.0624638,-106.6543031,21.0,1,1993-08-11
USGS-350344107391901,"10N.08W.26.3411  76-8 WELL  LAGUNA-ACOMA,NM",35.0622636,-107.6558859,5.5,1,1977-01-19
USGS-350344108510001,10N.19W.28.343 ZUNI F-1,35.06225478,-108.850639,5.0,1,1980-07-30
USGS-350349107413401,"10N.08W.28.3143B  MCCARTYS WELL  MCCARTY,NM",35.0636522,-107.6933868,0.3,1,1977-01-21
USGS-350400107425601,"10N.08W.30.244  76-4 WELL  LAGUNA-ACOMA,NM",35.06670756,-107.7161652,1.9,1,1976-07-18
USGS-350410106310001,10N.04E.28.22,35.06949205,-106.5172448,1.4,1,1979-03-21
USGS-350418106412201,10N.02E.25.111 Atrisco 1,35.07171335,-106.6900262,3.1,1,1980-05-09
USGS-350422106312601,10N.04E.21.344,35.0728253,-106.5083558,2.1,1,1979-02-05
USGS-350436106411701,10N.02E.24.33221,35.0770722,-106.6883528,4.0,1,1993-08-10
USGS-350534106385801,10N.03E.17.324,35.0925,-106.6926389,11.0,1,1993-08-15
USGS-350612106440901,10N.2E.9 ATRISCO GR ABQ COLLEGE 2,35.10337879,-106.7364163,7.0,1,1978-12-01
USGS-350622106392301,10N.03E.08.3133,35.10590688,-106.6576647,4.0,1,1993-08-03
USGS-350639106410001,10N.02E.12.4124,35.1106,-106.6838833,5.0,1,1993-08-04
USGS-350646106443201,10N.02E.09.114 COL 1,35.11286389,-106.7429778,5.6,1,1978-09-25
USGS-350653106400601,10N.03E.07.1232,35.11440655,-106.6694706,50.0,1,1993-08-15
USGS-350719107523102,10N.10W.03.433B,35.1219828,-107.8758914,4.6,1,1986-11-18
USGS-350720107523201,10N.10W.03.423 OJO GALLO,35.12226057,-107.8761691,6.8,1,1984-10-09
USGS-350727106423201,10N.02E.03.422,35.1242116,-106.7094715,4.2,1,1978-09-14
USGS-350758106403201,10N.02E.01.2241,35.13276389,-106.6761611,14.0,1,1993-07-30
USGS-350821106383703,11N.03E.32.234C MONTANO 4 SHALLOW,35.1393781,-106.6445536,89.0,1,1993-08-19
USGS-350835106314601,11N.04E.32.100,35.14356944,-106.5295444,3.9,1,1979-06-01
USGS-350836106395401,11N.03E.31.21311A  MONTANO-6 973-978' SCREEN,35.14363889,-106.6658056,4.0,1,1995-08-09
USGS-350836106395402,11N.03E.31.21311B  MONTANO 6 826-831 FT. SCREEN,35.14363889,-106.6658056,3.0,1,1995-08-03
USGS-350836106395403,11N.03E.31.21311C  MONTANO 6 558-603 FT. SCREEN,35.14363889,-106.6658056,2.0,1,1995-08-03
USGS-350836106395601,11N.03E.31.122A-ELNA GLLGOS LND GRANT MNTNO 2 DEEP,35.14337788,-106.6661375,7.0,1,1995-08-08
USGS-350836106395602,ELENA GALLEGOS LAND GRNT,35.14337788,-106.6661375,13.0,1,1995-08-08
USGS-350925107522801,11N.10W.27.242 GRANTS CITY WELL 1,35.15698187,-107.8750583,4.0,1,1986-11-19
USGS-350931106315501,11N.04E.28.111 WKR 3,35.159125,-106.5326944,3.3,1,1979-06-20
USGS-351023106321301,11N.04E.20.241,35.17301667,-106.5374528,4.2,1,1980-03-24
USGS-351025106323801,11N.04E.21.121,35.1736472,-106.5277778,2.1,1,1980-04-26
USGS-351035106364702,11N.03E.15.344B PASEO 3 MID,35.17686944,-106.6136667,8.0,1,1995-08-07
USGS-351035106364703,11N.03E.15.344C PASEO 3 DEEP,35.17686944,-106.6136667,1.0,1,1995-08-07
USGS-351057106384204,11N.03E.17.233D PASEO 2 SHALLOW,35.1826545,-106.646054,9.0,1,1993-08-02
USGS-351109106365501,11N.03E.15.1234,35.18590457,-106.6165813,57.0,1,1993-08-01
USGS-351120106381601,11N.O3E.16.111,35.18893214,-106.6383595,2.0,1,1995-05-04
USGS-351221106360601,11N.03E.02.33142,35.2055833,-106.6024167,2.0,1,1993-08-18
USGS-351302106424501,11N.2E.17 NEW MEXICO UTILITIES NO.3,35.21729167,-106.7124306,3.4,1,1980-05-02
USGS-351311106362801,12N.03E.34.4413,35.21962576,-106.6088314,3.0,1,1993-08-12
USGS-351338106360501,12N.03E.35.132,35.22726445,-106.6019702,2.0,1,1995-03-06
USGS-351347106370301,12N.03E.34.1141,35.23021389,-106.6196861,42.0,1,1993-08-12
USGS-351421106363201,12N.03E.27.4122,35.239514,-106.6100538,5.0,1,1993-09-27
USGS-351422106404201,12N.02E.25.421,35.2394859,-106.6789164,2.4,1,1974-12-12
USGS-351446106400601,12N.03E.30.121,35.2461524,-106.6689162,4.1,1,1974-12-12
USGS-351546106420501,12N.02E.14.433,35.2628183,-106.7019728,5.0,1,1974-12-12
USGS-351649107551101,12N.10W.08.300,35.2803115,-107.9203378,1430.0,2,1960-03-15
USGS-351736107550701,12N.10W.05.341A,35.29336666,-107.9200601,2.5,1,1986-11-20
USGS-351809106321901,12N.04E.05.214,35.30253994,-106.5391922,1.8,1,1974-09-25
USGS-351900106283801,18N.04E.36.113,35.31670636,-106.4778027,0.9,1,1975-02-21
USGS-351900106344101,13N.03E.36.123,35.31670589,-106.5786378,2.4,1,1975-02-21
USGS-351948106314701,13N.04E.28.131A,35.330039,-106.5303036,2.0,1,1995-03-03
USGS-352257106275301,13N.04E.01.412A,35.38253749,-106.4653035,2.7,1,1974-09-25
USGS-352303106274601,13N.04E.01.421,35.3842041,-106.463359,1.5,1,1974-09-25
USGS-352306106275801,13N.04E.01.234,35.38531517,-106.4661369,7.1,1,1974-09-25
USGS-352330108093401,13N.13W.01.2223,35.3915,-108.1606944,4.9,1,1986-11-20
USGS-352342107490801,14N.09W.32.314,35.39503087,-107.8195036,7.0,1,1959-08-11
USGS-352344107445801,14N.09W.36.313,35.39558685,-107.750058,57.0,1,1963-05-06
USGS-352445107490601,14N.09W.29.312,35.41253034,-107.8189482,12.0,1,1959-08-13
USGS-352520107510801,14N.10W.24.400,35.42225205,-107.8528377,82.0,1,1963-04-29
USGS-352614107493201,14N.09W.18.400,35.43725177,-107.8261707,55.0,1,1963-04-30
USGS-352622107490301,14N.09W.17.300,35.43947397,-107.818115,3.4,1,1963-04-30
USGS-352742108562301,14N.20W.10.214 MAN DP,35.4616896,-108.9403664,15.0,1,1992-03-31
USGS-352743108563401,14N.20W.10.214,35.46196735,-108.943422,22.0,1,1992-03-31
USGS-353016108100401,15N.13W.25.1423,35.50446928,-108.1684006,0.035,2,1985-09-06
USGS-353220108400001,15N.17W.08.333A,35.53891129,-108.6673046,35.0,1,1992-04-01
USGS-353220108400003,15N.17W.08.333C,35.53891129,-108.6673046,19.0,1,1992-04-01
USGS-353220108400004,15N.17W.08.333D,35.53891129,-108.6673046,29.0,1,1992-03-31
USGS-353258108171601,15N.14W.11.2143 GULF MARIANO LAKE MINE SUPPLY WL,35.5494675,-108.2884044,22.0,1,1982-02-28
USGS-353329106204001,15N.06E.06.411,35.5580883,-106.3450256,5.0,1,1995-03-07
USGS-353420108002201,16N.11W.33.332,35.5722222,-108.0066667,22.8,1,1981-07-22
USGS-353529106450701,16N.02E.29.142,35.5914178,-106.752535,1.0,1,1973-08-30
USGS-353534108355201,16N.17W.25.1132,35.59279914,-108.5984142,2.1,1,1976-10-06
USGS-353535108355004,16N.17W.25.112C,35.5930769,-108.5978586,18.0,1,1992-04-01
USGS-353536108354901,16N.17W.25.112,35.59335468,-108.5975808,63.0,1,1992-04-01
USGS-353537108355001,16N.17W.25.111,35.59363246,-108.5978586,260.0,1,1992-04-01
USGS-353558107241001,16N.05W.19.414A AZABACHE,35.59947096,-107.4033822,0.03,1,1982-08-28
USGS-353558107241002,16N.05W.19.414B AZABACHE FLOWING WELL B,35.59947096,-107.4033822,0.03,1,1982-08-28
USGS-353637107172801,16N.04W.18.4444,35.61030485,-107.2917131,12.55,2,1978-07-27
USGS-353814108473001,16N.18W.07.1111,35.6372222,-108.7922222,0.02,1,1975-06-28
USGS-353926108302801,17N.16W.35.413,35.6572426,-108.508412,264.0,1,1973-11-13
USGS-353926108302802,17N.16W.35.414A,35.6572426,-108.508412,31.0,1,1973-11-13
USGS-353926108302803,17N.16W.35.414B,35.6572426,-108.508412,1210.0,1,1973-11-13
USGS-354017108092201,17N.12W.30.3241,35.6714103,-108.1567341,0.63,1,1981-07-14
USGS-354038108091801,17N.12W.30.142 NO.3,35.67724354,-108.155623,6.1,1,1981-07-14
USGS-354103108083901,17N.12W.20.3313,35.6841879,-108.1447894,0.02,1,1981-07-14
USGS-354105108091001,17N.12W.19.4314,35.6847434,-108.1534007,0.02,1,1981-07-15
USGS-354146108140101,17N.13W.21.1111,35.69613158,-108.2342365,0.1,1,1976-09-17
USGS-354304108133801,17N.13W.09.321,35.71779785,-108.2278475,0.05,1,1980-09-03
USGS-354306108134001,17N.13W.09.3212,35.7183534,-108.228403,0.26,1,1980-09-03
USGS-354332108165501,17N.14W.01.340 15B-2,35.72556944,-108.2826389,0.07,1,1976-09-16
USGS-354345108175001,17N.14W.02.3244,35.7291863,-108.2978498,0.2,1,1976-09-16
USGS-354514108190601,18N.14W.34.1211,35.753908,-108.3189617,0.06,1,1976-09-16
USGS-354522106420001,18N.02E.26.334,35.7561358,-106.7005914,23.0,1,1974-11-26
USGS-354729106411001,18N.02E.14.442,35.79141286,-106.6867024,0.8,1,1974-11-12
USGS-354949106385601,19N.03E.32.331,35.83030106,-106.6494797,3.1500000000000004,2,1974-11-26
USGS-354950106092101,"CAJA DEL RIO GRANT WELL 2 BUCKMAN FLD NR SD, NM",35.83058157,-106.1564138,189.0,1,1978-08-24
USGS-355002106093301,"CAJA DEL RIO GRANT WELL 1 BUCKMAN FLD NR SF,NM",35.8339148,-106.1597472,15.0,1,1978-08-24
USGS-355213106130001,19N.07E.20.221,35.87030268,-106.217248,1.4,3,1956-05-11
USGS-355226106383101,19N.03E.17.431,35.87391124,-106.6425354,0.16,1,1974-12-13
USGS-355231106102901,19N.07E.14.314 LOWER LOS ALAMOS OBS WELL 2 (LLAO2),35.8753028,-106.1753029,2.88,1,1998-09-09
USGS-355400107224201,19N.05W.04.3333,35.9000192,-107.3789357,0.33,1,1980-08-20
USGS-355407106114701,19N.07E.04.444,35.90196886,-106.1969699,0.4,3,1955-04-29
USGS-355412106115701,19N.07E.04.441,35.9033577,-106.1997477,0.6,3,1956-08-01
USGS-355415107252801,19N.06W.01.3242 CCK-23,35.9041858,-107.4250478,0.3,1,1976-01-15
USGS-355422106120901,19N.07E.04.411,35.9061354,-106.203081,0.65,4,1955-06-02
USGS-355425107314401,"19N.07W.01.4112,RATONWELL",35.90696354,-107.5294947,0.2,1,1976-01-05
USGS-355429106074401,19N.08E.06.2431B,35.9080802,-106.1294688,10.5,1,1998-06-04
USGS-355432106124401,19N.07E.04.133,35.90891308,-106.2128034,1.0,4,1964-04-01
USGS-355446107204801,19N.05W.03.2214,35.9127967,-107.3472683,0.03,1,1980-08-19
USGS-355447107224301,19N.05W.05.221,35.9130745,-107.3792134,0.19,1,1980-08-19
USGS-355451106133701,19N.07E.05.112,35.91419067,-106.2275259,0.6,2,1955-10-19
USGS-355532107285701,20N.06W.34.1143A,35.9254722,-107.4669722,400.0,1,1963-11-01
USGS-355532107285702,20N.06W.34.1143B,35.92525,-107.4668611,0.05,1,1975-12-27
USGS-355553107562301,20N.10W.30.3244,35.9314066,-107.9403398,28.0,2,1986-04-21
USGS-355717107050601,20N.02W.19.2131,35.9545833,-107.0858333,0.3,1,1959-06-18
USGS-355722107312601,20N.07W.24.2223,35.95612935,-107.5244945,0.09,1,1975-12-28
USGS-355744107010001,20N.02W.14.3214,35.9622409,-107.0172615,1.8,1,1982-08-27
USGS-360017107223901,"21N.05W.32.424 STAR LK NO2 WELL NR OJO ENCINO,NM",36.0047392,-107.378102,0.1,1,1978-01-23
USGS-360116106570001,21N.01W.28.1434,36.02112924,-106.9505943,0.3,1,1959-06-18
USGS-360249107471701,21N.09W.16.44233,36.04696059,-107.7886692,0.08,1,1978-07-22
USGS-360414106565401,21N.01W.09.122,36.07057386,-106.9489284,0.5,1,1959-08-15
USGS-360415108022201,"21N.11W.07.242 CHACO R WELL BL CHACO MON.,NM",36.07084784,-108.0400659,2.6,1,1982-04-12
USGS-360721108103201,"22N.13W.24.342 LA VIDA1 MENF WELL NR LA VIDA,NM",36.12251228,-108.1761814,1.585,2,1981-03-09
USGS-360725108102701,"22N.13W.24.4134 3D WELL AT CHACO R AT LA VIDA,NM",36.12306785,-108.1731258,0.6,1,1982-04-14
USGS-360726108102801,"22N.13W.24.4133 2S WELL AT CHACO R AT LA VIDA,NM",36.12390115,-108.1750703,0.68,1,1981-03-11
USGS-360729108102901,"22N.13W.24.4131 1R WELL IN CHACO R AT LA VIDA,NM",36.12473446,-108.175348,0.79,1,1981-03-09
USGS-360731107494701,22N.09W.19.144,36.12529225,-107.8303376,0.6,3,1980-08-12
USGS-360733108103201,22N.13W.24.3222A CHACO R WELL NR LAKE VALLEY NM,36.12584555,-108.1761814,0.61,1,1981-03-09
USGS-360754107505201,22N.10W.24.2111,36.1316809,-107.8483938,1.6,3,1980-08-12
USGS-360757107522701,22N.10W.23.1111,36.1325141,-107.8747836,0.9,3,1980-08-21
USGS-360822107561601,22N.10W.17.422,36.1394581,-107.9383968,1.4,3,1980-04-03
USGS-360823107544001,22N.10W.17.4222,36.139736,-107.9117292,1.1,3,1980-04-03
USGS-360849107561801,22N.10W.18.2111,36.14695794,-107.9389524,1.27,2,1980-04-03
USGS-360916107543901,22N.10W.08.2444,36.1544579,-107.9114516,0.305,2,1980-06-17
USGS-361008107543901,22N.10W.04.2333,36.16890208,-107.9114517,0.9,1,1977-08-18
USGS-361142108220401,NR066.0668X0380 CHACO R.WELL BL DENAZIN NR BISTI,36.1950094,-108.3684101,2.0,1,1981-03-11
USGS-361318108150301,23N.13W.17.3432,36.22167628,-108.2514623,11.7,2,1982-04-14
USGS-361407108081901,23N.12W.17.2111,36.23528797,-108.139237,0.34,1,1980-03-04
USGS-361435108093001,23N.12W.07.2333,36.2430654,-108.1589598,0.07,1,1980-02-07
USGS-361446108083701,23N.12W.08.123,36.246121,-108.1442372,3.3,2,1980-03-04
USGS-361446108090801,23N.12W.07.2322,36.24612097,-108.1528486,0.4,3,1980-02-07
USGS-361457108090901,23N.12W.08.2111,36.24944444,-108.1383333,0.45,1,1980-03-04
USGS-361503108243801,"NR048.0898X1715 HUNTER WASH WELL NR BURNHAM,NM",36.2508413,-108.4111896,228.0,1,1981-03-12
USGS-361528108192901,NR048.0400X1690,36.2257333,-108.3326333,0.07,1,1973-09-24
USGS-361554108333201,NR049.0335X1618 CHACO R WELL AB HUNTER NRBURNHAM,36.26500705,-108.5595274,1.7,1,1981-03-13
USGS-362145108310901,"NR049.0115X0950 BRIMHALL WASH WELL NR BURNHAM,NM",36.3625057,-108.5198042,16.6,2,1982-04-15
USGS-362208108341201,"NR049.0391X0871 BURNHAM3 AVMB WELL NR BURNHAM,NM",36.3688943,-108.570639,2.8499999999999996,2,1981-03-12
USGS-362212108340701,"NR049.0385X0894 BURNHAM SHALLOW WELL NR BNHM.,NM",36.3700054,-108.56925,1.3599999999999999,2,1981-03-12
USGS-362213108340501,"NR049.0380X0891 BURNHAM RECORDER WELL NR BNHM,NM",36.37028318,-108.5686945,0.8200000000000001,4,1983-02-23
USGS-362217108335701,"NR049.0367X0886 BURNHAM4 AVMB WELL NR BURNHAM,NM",36.37139429,-108.5664722,2.25,2,1981-03-12
USGS-363113108333501,NR032.0336X1582 COTTONWOOD ARR WELL NR BURNHAM,36.52028099,-108.560361,8.5,2,1982-04-13
USGS-363503108342101,NR032.0407X1145 CHACO R WELL AB HOG NR FRUITLAND,36.584169,-108.5731394,4.8,2,1982-04-13
USGS-364325108353001,"NR032.0505X0180 CHACO R WELL NR WATERFLOW,NM",36.72361155,-108.592307,0.29,3,1983-02-22
USGS-364554108265401,30N.15W.32.3331 PS WELL F,36.7650008,-108.4489704,2.8,1,1974-12-19
USGS-364613108221801,"30N.15W.36.321 PNM GT2 COAL WELL NR FRUITLAND,NM",36.7702789,-108.3723016,58.5,1,1978-05-23
USGS-364705108234301,30N.15W.27.4222,36.7847222,-108.3958333,1.9,1,1974-12-19
USGS-364744108225001,30N.15W.23.4411 SJ-23-4,36.79565,-108.3819611,0.6,3,1980-03-05
USGS-364750108214701,30N.15W.24.4231 SJ-24-4,36.7972333,-108.363975,0.345,2,1980-03-05
USGS-364845108214201,30N.15W.13.414 SJ-13-2,36.81190556,-108.363975,0.02,1,1980-03-05
USGS-364916108234301,30N.15W.10.4444 GA,36.8216361,-108.3959806,0.7,1,1974-12-19
USGS-373754105575201,NA03900914BBB,37.63187778,-105.9650139,17.0,1,1993-09-02
USGS-373916106021701,NA03900906BCC,37.65444167,-106.0387806,3.0,1,1993-08-29
USGS-374101106035601,NA04000826ACC,37.683575,-106.066225,1.0,1,1993-09-02
USGS-374359106085501,NA04000712AAA,37.7334583,-106.1494972,5.0,1,1993-09-13
USGS-374757106085301,NA04100713ADD,37.79993979,-106.1487133,3.0,1,1993-09-09
USGS-374825106021301,NA04100907CCC,37.8070722,-106.0377194,1.0,1,1993-08-31
USGS-375054106013401,NA04200931BAD,37.84918889,-106.0274444,3.0,1,1993-08-31
USGS-354240114504301,213  S26 E64 04CBCA1,35.71114434,-114.8460659,0.1,1,1987-04-26
USGS-354337114490901,213  S25 E64 34DBAB1    BRIDGE SPRING,35.7269833,-114.8192639,15.6,1,1987-04-26
USGS-355657115104401,212  S23 E61 17ACCA1,35.9494722,-115.1794444,8.01,1,1995-02-13
USGS-360007115094801,212  S22 E61 28CDAA1,36.00191885,-115.1641617,7.0,1,1995-01-24
USGS-360358115065801,212  S22 E61 01BCCA1,36.06316667,-115.1187778,3.0,1,1995-02-08
USGS-360444115132301,212  S21 E60 35ADAB1,36.08080556,-115.2275278,3.0,1,1995-02-16
USGS-360535115050901,212  S21 E62 30ADCC1    Clark County - Well 43,36.09316667,-115.0874444,27.0,1,1993-08-19
USGS-360559115100101,212  S21 E61 28BBD 1,36.0986111,-115.1693889,3.0,1,1995-06-15
USGS-360601115034401,212  S21 E62 20DDD 1,36.1002515,-115.0630521,4.5,2,1994-09-13
USGS-360617115063802,212  S21 E61 24CAD 2    USGS Paradise Park Well 2,36.10444444,-115.1120556,56.0,1,1993-08-17
USGS-360640115070401,212  S21 E61 24BBCC1    Clark Co - Well 20 (LVVWD),36.1108333,-115.1195,35.0,1,1993-08-20
USGS-360719115095903,212  S21 E61 16CA  3,36.1219157,-115.1672217,8.0,1,1995-02-15
USGS-360728115072901,212  S21 E61 14ACA 1,36.1238611,-115.1268889,6.0,1,1995-03-15
USGS-360730115093901,212  S21 E61 16ACA 1    Country Club  5,36.12505556,-115.1628056,2.0,1,1995-06-15
USGS-360735115105201,212  S21 E61 17BADD1    USGS 5,36.12675,-115.1818889,15.0,1,1993-08-18
USGS-360744115050801,212  S21 E62 17DAB 1    USGS,36.12875,-115.0703056,55.0,2,1994-09-13
USGS-360816115090201,212  S21 E62 10BCAD1,36.1388333,-115.1511667,3.0,1,1995-03-16
USGS-360924115081101,212  S21 E61 03AAAD1    USGS 8,36.15675,-115.1379722,8.5,2,1994-09-14
USGS-360924115081102,212  S21 E61 03AAAD2    USGS - Huntridge Park 2,36.15666667,-115.1379444,9.5,2,1994-09-14
USGS-360940115133701,212  S20 E60 35DDA 2    LVVWD W001A,36.16188889,-115.2242778,4.0,1,1995-06-12
USGS-361001115112501,212  S20 E61 31AAC 1    LVVWD W082,36.16666667,-115.191111,3.0,1,1995-06-12
USGS-361053115120501,212  S20 E61 30BDC 1    USGS 34,36.18113889,-115.2020278,7.0,1,1993-08-22
USGS-361120115140101,212  S20 E60 23CDD 2    LVVWD W002A,36.1888333,-115.2357222,4.0,1,1995-06-13
USGS-361123115082101,212  S20 E61 22DCAC1    CNLV Stocker Well,36.19013889,-115.1410556,2.0,1,1995-01-24
USGS-361136115101401,212  S23 E61 03BCC 1    Sky Harbor Airport,35.9775,-115.1530833,8.0,1,1995-02-07
USGS-361206115153701,212  S20 E60 21AAD 1    LVVWD W022A,36.20105556,-115.2609722,4.0,1,1995-06-13
USGS-361208115142401,212  S20 E60 23BB  1    LVVWD W073,36.20305556,-115.2399167,2.0,1,1995-06-14
USGS-361241115024801,212  S20 E62 16ACC 1    USAF Nellis 13 (B),36.2118611,-115.0530833,4.0,1,1995-02-23
USGS-361303115140301,212  S20 E60 11CAAA1    LVVWD W028,36.22469444,-115.2342778,2.0,1,1995-06-14
USGS-361412115023501,212  S20 E62 04ADD 1    USAF Nellis  1,36.24088889,-115.0446389,2.0,1,1995-02-23
USGS-361428114062201,224  S19 E71 31ACAA1    CONNOLY SPRING,36.2410972,-114.1060278,15.4,1,1987-04-27
USGS-361448114055201,224  S19 E71 29CCDB1    NEW SPRING,36.24672778,-114.0977583,40.0,1,1987-04-27
USGS-361544115132701,212  S19 E61 25CCC 1,36.26294444,-115.2260278,1.0,1,1995-03-15
USGS-361545114173301,223  S19 E69 21CDBB1    MOCKINGBIRD SPRING,36.26262778,-114.292625,3.2,1,1987-04-23
USGS-361602115165501,212  S19 E60 29DD  1,36.2659722,-115.2826667,2.0,1,1995-03-14
USGS-361658118112501,223  S19 E70 17ADDD1    GRANITE SPRING,36.28225556,-114.191111,16.0,1,1987-04-23
USGS-361804114084701,224  S19 E70 11BACA1    GARDEN SPRING WELL,36.30104444,-114.1464278,2.1,1,1987-04-23
USGS-361835115153701,212  S19 E60 09DAD 2,36.30988889,-115.2619444,2.0,1,1995-03-14
USGS-362056114074501,224  S18 E70 24CDCA1    HORSE SPRING,36.3486472,-114.1300917,3.6,1,1987-04-23
USGS-362230116162001,230  S18 E51 19ACB 1    Big Spring (AM-8),36.374679,-116.2744829,3.0,2,1992-08-19
USGS-362239114263501,215  S18 E67 12DDAD1    ROGERS SPRING,36.377775,-114.4438722,3.4,1,1981-07-21
USGS-362252116425301,243  026N002E13F001S    Navel Spring (DV-2),36.3810617,-116.7156047,2.0,1,1991-08-28
USGS-362500115464701,161  S18 E55 02ACAD1    WILLOW SPRING,36.41698056,-115.7641833,2.3,1,1985-06-26
USGS-362502116192301,230  S18 E50 03ADBA1    Crystal Pool (AM-5a),36.4202335,-116.325041,3.0,3,1997-05-07
USGS-362532116172700,230  S17 E50 36DC  1    Devils Hole (AM-4),36.42551158,-116.2917066,4.0,2,1992-08-19
USGS-362555116205301,230  S17 E50 33CAA1     Ash Meadows 3 (AM-3),36.43228056,-116.3484389,16.0,1,1991-08-31
USGS-362642115553701,161  S17 E54 29AD  1    BIG TIMBER SPRING,36.4449579,-115.9278045,0.6,1,1985-06-27
USGS-362735114154501,223  S17 E69 14ABB 1    RED BLUFF SPRING,36.46198056,-114.252225,14.4,1,1987-04-22
USGS-362755116190401,230  S17 E50 23BBC1     Five Springs Well (AM-2),36.46457476,-116.319225,3.0,2,1992-08-18
USGS-362835116264102,230  S17 E49 15BCBB2    Amargosa Desert 9a (AD-9a),36.47695678,-116.4477637,1.15,2,1997-05-08
USGS-362924116203001,230  S17 E50 09AD  1    Fairbanks Spring (AM-1a),36.49051038,-116.3419876,3.0,4,1997-05-06
USGS-362929116085701,230  S17 E52 08CBD 1    Amargosa Desert 8 (AD-8),36.48495,-116.15765,16.0,4,1997-05-15
USGS-363501115182601,212  S16 E59 02CDBC1    COW CAMP SPRING,36.5836722,-115.3070806,1.7,1,1983-05-10
USGS-363530116021401,225  S16 E53 05ADB 1    Army 1 WW (MV-1),36.591572,-116.038126,2.45,2,1995-08-28
USGS-363800115122701,212  S15 E60 13BBCD1    WIREGRASS SPRING,36.63304444,-115.2085944,0.6,1,1983-05-11
USGS-363835116234001,230  S15 E50 18CCDB1    NDOT Well,36.64301636,-116.4003151,2.0,5,1997-05-09
USGS-363838115055201,210  S15 E61 12BDCD1    MORMON WELL,36.6441722,-115.0971917,1.0,1,1983-05-09
USGS-364105116302601,229  S15 E48 01AAA 1    Crater Flat 3 (CF-3),36.6849,-116.5081889,2.5,2,1995-09-06
USGS-364230115142001,211  S14 E60 22BAAB1    WHITE ROCK SPRING,36.70829888,-115.2397333,1.7,1,1983-05-10
USGS-364320114424801,219  S14 E65 16ADB 1,36.72219256,-114.7141613,4.0,1,1981-07-22
USGS-364528116232201,227A S14 E50 06D   1    JF- 3 Well,36.75773044,-116.3903264,1.0,1,1992-03-04
USGS-364554116232401,227A S14 E50 06A   2    J -12 WW,36.76488589,-116.390971,0.635,2,1997-05-15
USGS-364656116261601,227A S13 E49 34    1    UE-25 WT 12,36.78206866,-116.4387204,1.95,6,1995-09-11
USGS-364744114533201,210  S13 E63 23DD  1,36.79552386,-114.893057,3.3499999999999996,2,1981-07-22
USGS-364828116234001,227A S13 E50 19C   1    J -13 WW,36.8080269,-116.3954632,0.4,3,1997-05-14
USGS-364947116254501,227A S13 E49 14    8    UE-25c 3,36.8292541,-116.429887,0.26,1,1997-05-13
USGS-365520116370301,229  S12 E48 04DBB 1    Crater Flat 1 (CF-1),36.92075,-116.6162778,4.5,2,1992-03-25
USGS-365821116343701,229  S13 E48 21CAA 2    USW VH- 2,36.80585844,-116.577841,7.0,3,1995-08-29
USGS-365908114592901,210  S11 E62 13DBBC1    Well at Coyote Springs,36.9855219,-114.9922274,2.2,1,1981-11-24
USGS-370534114495201,206  S10 E64 09    1    KSV-1   WILLOW SPRING,37.0927441,-114.8319455,7.6,1,1981-11-24
USGS-370808114420201,206  S09 E65 27    1    KSV-2   GRAPEVINE SPRING,37.13552279,-114.7013858,2.0,1,1981-11-24
USGS-371446114422101,206  S08 E65 16    1    KSV-3   KANE SPRINGS,37.24607704,-114.7066648,4.4,1,1981-11-24
USGS-371612114384401,206  S07 E65 26    1    KSV-4   BOULDER SPRING,37.31444444,-114.6725,0.7,1,1981-11-24
USGS-373153115135801,209  S05 E60 10ADA 1    Crystal Spring,37.53134877,-115.2336326,3.8,1,1981-07-20
USGS-382259115090801,207  N06 E61 18AADA1    NDW - HOT CREEK SPRING,38.38300476,-115.1533508,1.55,2,1992-05-20
USGS-382624115004001,207  N07 E62 28ABDC1    Butterfield Spring,38.43967317,-115.0116792,1.9,1,1981-07-19
USGS-383321115461501,173B N08 E55 15AC  2    Spring,38.55576579,-115.7717049,1.0,1,1981-07-16
USGS-383346115313801,173B N08 E57 11DDB 1    Blue Eagle Springs,38.5629907,-115.5283617,1.9,1,1981-07-17
USGS-383510116112900,156  N08 E51 01    1    UCE-18,38.5860633,-116.1923117,47.0,6,1973-07-02
USGS-383540115081801,207  N09 E61 32DABC1    Moorman Spring,38.59466729,-115.1391836,1.2,1,1981-07-18
USGS-383730115025201,207  N09 E62 19A   1    Emigrant Springs,38.62494658,-115.0486255,1.6,1,1981-07-18
USGS-383813114380901,183  N09 E65 13CBAA1,38.6368611,-114.63575,1.4,1,1992-05-20
USGS-384136119323901,106  N10 E22 32BAAB2,38.693241,-119.5451685,1.2,1,1986-08-01
USGS-384333119301701,106  N10 E22 15DCB 1,38.72574096,-119.5057225,0.68,1,1986-08-04
USGS-385118120010601,090  N12 E18 29CBD 1    Arrowhead 2,38.8549074,-120.0193494,9.8,2,1994-04-22
USGS-385125119452801,105  N12 E20 32DBBD1    USGS CVR-3,38.85685038,-119.7593434,0.5,1,1988-07-07
USGS-385255119482301,105  N12 E19 23DDD 1,38.88180556,-119.8090556,6.65,2,1995-08-29
USGS-385255120011701,090  N12 E18 18DDAD1    Echo View,38.881852,-120.022405,1.67,2,1994-04-22
USGS-385303119480201,105  N12 E19 24CCAA1,38.88407318,-119.8015667,3.6,1,1988-06-16
USGS-385304119460601,105  N12 E19 23CDBC1    USGS,38.88477778,-119.8197778,1.0,1,1994-08-30
USGS-385321119405002,105  N12 E20 24ADCC2,38.88869444,-119.6827778,7.0,1,1995-08-24
USGS-385343119464101,105  N12 E20 19ABBB1    USGS - Verde Way,38.89505556,-119.7789444,3.0,1,1994-08-31
USGS-385345119445101,105  N12 E20 16CCD 1,38.89573977,-119.74851,6.1,1,1988-08-10
USGS-385352119455401,105  N12 E20 17CCDA1,38.8967222,-119.76575,0.8,1,1988-05-05
USGS-385407120004101,090  N12 E18 08ACCC1    Industrial 1,38.90185215,-120.0124046,1.0899999999999999,2,1994-05-03
USGS-385412119401401,105  N12 E21 18CAB 1    Douglas County - Landfill,38.9032411,-119.6715622,1.2,1,1986-07-30
USGS-385414119425401,105  N12 E20 15ADD 1    Gardnerville Ranchos 4,38.9033611,-119.7171389,0.5,1,1988-07-21
USGS-385425120001502,090  N12 E18 08AADA2,38.90685218,-120.005182,3.16,2,1994-05-04
USGS-385441119495501,105  N12 E19 10DCDB1,38.91166667,-119.831111,0.8,1,1988-05-04
USGS-385507119593001,090  N12 E18 04DBCA1    Helen 1,38.91851889,-119.9926817,1.495,2,1994-04-26
USGS-385507119593002,090  N12 E18 04DBCA2    TSWC - Helen 2,38.91851889,-119.9926817,5.75,2,1994-04-26
USGS-385509119414801,105  N12 E20 11ADD 1,38.9192,-119.6967,2.0,1,1995-08-24
USGS-385512119444801,105  N12 E20 09BCAD1,38.92002778,-119.747111,0.5,1,1988-07-14
USGS-385520119582301,090  N12 E18 03DBBD1    Tahoe Southside Wtr Util,38.92212994,-119.9740703,5.3,2,1994-05-02
USGS-385522119481301,105  N12 E19 13BABB1    USGS CVR-4B,38.92268477,-119.8046226,5.5,1,1988-08-23
USGS-385531119592801,090  N12 E18 04ACDC1    S Lk Tahoe Pub Util Depart,38.9251856,-119.9921262,2.88,2,1994-05-03
USGS-385538115045701,207  N12 E61 02AC  1    Cold Springs - Preston,38.9271639,-115.083352,3.1,1,1983-06-16
USGS-385546119463701,105  N12 E20 06DB  1,38.9293514,-119.7779555,1.5,1,1988-05-04
USGS-385548119501301,105  N12 E19 03CABD1,38.9299072,-119.8379566,15.0,1,1988-06-15
USGS-385553119574503,090  N12 E18 02BCAB3    TSWC - Glenwood 1,38.9312966,-119.9635145,6.9,2,1994-04-21
USGS-385554119461401,105  N12 E20 06ADDD1,38.9315736,-119.7715665,0.8,1,1988-07-25
USGS-385557120015101,090  N13 E18 06ACCB1    USGS TM-5A,38.93240786,-120.0318496,1.0,1,1995-09-21
USGS-385604119435601,105  N12 E20 4ADA  1    Town of Gardnerville 6,38.93435165,-119.7332319,3.2,1,1988-08-23
USGS-385608119590301,090  N12 E18 03    1    Paloma,38.9354634,-119.9851816,1.0,1,1994-10-07
USGS-385612119464101,105  N12 E20 06ABCC1    USGS,38.9366111,-119.779361,2.0,1,1994-08-25
USGS-385613114250401,184  N12 E67 02ACBA1    USBLM (Shoshone pond well),38.9363354,-114.4188885,0.8,1,1992-05-27
USGS-385621119444501,105  N12 E20 04BAB 1    TG 1,38.9391,-119.7471417,5.35,2,1995-08-30
USGS-385625119585301,090  N13 E18 32CDDD1,38.94018567,-119.9824037,0.40499999999999997,2,1994-05-02
USGS-385626119375201,105  N13 E21 33CDDD1,38.94046458,-119.632116,3.6,1,1988-06-16
USGS-385626119573501,090  N13 E18 33DCDC1    SLTPUD - Bijou,38.94054669,-119.9606533,34.5,2,1994-05-09
USGS-385654119431801,105  N13 E20 34ACC 1,38.94794444,-119.7230556,3.0,2,1995-08-31
USGS-385708119475501,105  N13 E19 25CDD 1,38.95435179,-119.7993449,2.0,1,1988-07-25
USGS-385719119454701,105  N13 E20 29CDC 1    TM 1,38.95519444,-119.7633028,3.0,1,1995-08-23
USGS-385721119564601,090  N13 E18 27CDDB1    Blackrock 1,38.9557412,-119.9471253,5.65,2,1994-05-04
USGS-385742119453801,105  N13 E20 29BDDD1,38.96157397,-119.7615665,9.7,1,1988-05-09
USGS-385744119423901,105  N13 E20 26BCAC1    Eastside Memorial Park,38.96194444,-119.711111,2.0,1,1988-09-06
USGS-385801119421501,105  N13 E20 26ABBB1,38.96880556,-119.704111,3.3,1,1986-08-26
USGS-385813119560401,090  N13 E18 23BBC 1    Douglas Co SID 4,38.97935248,-119.9354584,0.5,1,1986-11-17
USGS-385822119462501,105  N13 E20 19DABC1    USGS CVD1-4A / CVR-7,38.97268526,-119.7746224,26.0,1,1988-08-09
USGS-385824119550401,090  N13 E18 23CBB 1    Spring,38.9732413,-119.9354584,83.0,1,1986-04-23
USGS-385834119464101,105  N13 E20 19ACCC1    USGS - Stockyard Rd,38.97602778,-119.7790556,12.0,1,1994-08-24
USGS-385842119465601,105  N13 E20 19BACC1    USGS CVR-6,38.9779722,-119.7826667,20.5,4,1994-08-29
USGS-385857119555001,090  N13 E18 23ABB 1    Douglas Co SID 1,38.98240805,-119.9315694,0.52,1,1986-04-11
USGS-385857119564201,090  N13 E18 22BAA 1,38.98240809,-119.9460141,2.2,2,1986-11-11
USGS-385859119554001,090  N13 E18 14DCC 1    Douglas Co SID 3,38.9829636,-119.9287916,18.0,1,1986-11-18
USGS-385902119571301,090  N13 E18 16CCC 1    Elk Point Well 1,38.983797,-119.9546254,36.0,1,1986-04-24
USGS-385909119532801,090  N13 E19 18CDB 1,38.9857413,-119.8921244,5.2,1,1986-04-11
USGS-385916119202901,107  N13 E24 18CACC1,38.98769444,-119.3426389,0.67,1,1993-08-11
USGS-385924119203601,107  N13 E24 18CBAD1,38.98991499,-119.3443251,4.6,2,1993-08-10
USGS-385924119454801,105  N13 E20 17BDC 1,38.98990767,-119.7643446,5.6,1,1988-08-05
USGS-385925119203601,107  N13 E24 18CBAA1,38.99019277,-119.3443251,8.5,2,1993-08-10
USGS-385926119481601,105  N13 E19 13BCC 1,38.99044444,-119.8061944,4.35,2,1995-08-30
USGS-385927119202901,107  N13 E24 18CABB1,38.99074837,-119.3423806,4.8,1,1993-08-11
USGS-385948119411001,105  N13 E20 31BAAA1,38.94490716,-119.7801778,1.1,1,1988-07-27
USGS-385948119464401,105  N13 E20 18BAAA1    USGS - U.S. Hwy 395,38.9965833,-119.7807222,15.0,1,1994-08-23
USGS-385951119491801,105  N13 E19 11CCDD1    USGS E Genoa Rd Carson Rvr,38.99741667,-119.8218333,1.0,1,1994-08-30
USGS-390000119454101,105  N13 E20 08CDAB1    USGS CVR-9,38.9999078,-119.7624002,5.1,3,1989-08-14
USGS-390005119461101,105  N13 E20 07DADD2,39.0012967,-119.7707337,18.0,1,1988-05-10
USGS-390009119472701,105  N13 E19 12DACA1    Minden/Gardnerville SD-5,39.00138889,-119.7895278,9.0,1,1994-08-30
USGS-390015119500101,105  N13 E19 10DBB 1,39.00555556,-119.835861,15.0,1,1995-08-22
USGS-390021119504301,105  N13 E19 09ADCA1,39.0062222,-119.8487222,1.65,2,1995-08-28
USGS-390045119453801,105  N13 E20 05CDD 1,39.0124079,-119.761567,0.8,1,1988-06-13
USGS-390055119421901,105  N13 E20 02CDAB1,39.01515278,-119.7065139,3.0,1,1995-07-24
USGS-390106119424301,105  N13 E20 02CBB 1,39.0185198,-119.7129539,0.94,1,1986-08-27
USGS-390108119112701,108  N13 E25 04CAAB1    Seepage N Base Tailings,39.0188064,-119.1918205,1.8,1,1976-12-08
USGS-390108119114501,108  N13 E25 04CBAB2    Seepage Ditch N Tailings,39.01880635,-119.1968206,4.0,1,1976-12-14
USGS-390112119541201,090  N13 E18 01ACCA1    Zephyr Fen Spring,39.01990815,-119.9043474,15.0,1,1986-10-28
USGS-390118119494401,105  N13 E19 03ADBC1    USGS,39.02225,-119.8301667,4.0,1,1994-09-06
USGS-390132120072001,090  N14 E17 29DCD 1,39.02546318,-120.1232425,0.54,1,1986-06-10
USGS-390137119471801,105  N13 E19 01AAAA1    Minden/Gardnerville SD-6,39.0265833,-119.7890556,8.0,1,1994-08-31
USGS-390147119442801,105  N14 E20 33DCBB1,39.03002778,-119.7433889,2.0,1,1995-07-24
USGS-390159120072801,090  N14 E17 29BDA 1,39.0329631,-120.125465,0.61,1,1986-06-24
USGS-390232119443201,105  N14 E20 28CDC 1,39.0421306,-119.7432337,4.5,1,1988-05-05
USGS-390259119475301,105  N14 E19 25BDDB2    USGS CVR-10A,39.05463057,-119.7926796,36.0,1,1988-07-20
USGS-390303119473701,105  N14 E19 25ACAD1    Indian Hills GID Monitor 4,39.0508611,-119.7946667,24.0,1,1994-09-06
USGS-390347119562501,090  N14 E18 15DCA 1,39.06296366,-119.9412938,12.0,1,1986-11-17
USGS-390457119491301,105  N14 E19 14BBD 1,39.0823333,-119.8223056,2.25,2,1995-08-21
USGS-390503119463501,105  N14 E20 18ABAB1    IMPALA,39.08500556,-119.7771806,3.0,1,1986-08-06
USGS-390512119465601,105  N14 E20 07CDBC1,39.0873333,-119.7843889,6.0,1,1995-07-25
USGS-390542119472001,105  N14 E19 12ADAB1,39.0949722,-119.7888889,2.95,2,1995-08-21
USGS-390604119564201,090  N14 E18 03CDA 1,39.1010191,-119.9460173,31.0,1,1986-04-04
USGS-390612119571901,104  N15 E20 28CCBD1,39.13074266,-119.7493468,2.8,1,1988-08-19
USGS-390637119472303,104  N14 E19 01AACD3    Washoe Tribe Clr Cr 1 Shlw,39.1101866,-119.7907363,5.0,1,1996-08-28
USGS-390642119472101,104  N14 E19 01AADB1    Washoe Tribe Clr Cr 2 Deep,39.1115755,-119.7901807,3.0,1,1996-08-30
USGS-390642119472102,104  N14 E19 01AADB2    Washoe Tribe Clr Cr 2 Mdl,39.1115755,-119.7901807,3.0,1,1996-08-30
USGS-390642119472103,104  N14 E19 01AADB3    Washoe Tribe Clr Cr 2 Shlw,39.1115755,-119.7901807,14.0,1,1996-09-03
USGS-390647119500501,104  N15 E19 33DDDD1    USFS - Well 1,39.11296416,-119.8357374,1.2,1,1988-08-11
USGS-390652119455401,104  N14 E20 05BBAB1    Nevada State Museum,39.11157565,-119.7660135,4.3,1,1988-08-17
USGS-390655119463101,104  N15 E20 31DCC 1    City of Carson Fuji Pk Wel,39.11518674,-119.7762916,2.8,1,1988-08-15
USGS-390732119455601,104  N15 E20 32BBDA1    City of Carson Well  9,39.12574247,-119.7662916,3.2,1,1988-05-24
USGS-390743119463101,104  N15 E20 31BABA1,39.1285202,-119.7762919,5.9,1,1988-08-11
USGS-390802119461701,104  N15 E20 29BBDB1,39.13379807,-119.772403,0.6,1,1988-08-16
USGS-390809119454401,104  N15 E20 29BCAC1    City of Carson Well  8,39.1340759,-119.7626805,2.7,1,1988-05-24
USGS-390823119385001,103  N15 E21 29BAAC1    Badger Spring,39.14157785,-119.6496197,1.5,2,1989-06-02
USGS-390833119480001,105  N15 E20 33CCDD1    City of Carson Well 38,39.1146314,-119.7462908,2.5,1,1988-08-01
USGS-390843119462602,104  N15 E20 19DDBC2    USGS,39.14518705,-119.7749033,2.0,1,1996-08-29
USGS-390846119491701,104  N15 E19 23CCBB1    Spring in Kings Canyon,39.14602,-119.8224045,16.35,2,1989-06-02
USGS-390852119454601,104  N15 E20 20CACC1,39.14768717,-119.7637919,1.2,1,1988-08-18
USGS-390902120090301,090  N15 E17 18BCB 1,39.15046249,-120.1518584,1.6,1,1986-06-10
USGS-390917119430701,103  N15 E20 22ABCA1    USGS DVR-11,39.1546323,-119.7196235,1.5,1,1988-08-30
USGS-390933119450601,104  N15 E20 17DDDA1    City of Carson Well  4,39.15907628,-119.7526807,1.1,1,1988-09-08
USGS-390938119480001,104  N15 E19 13CDBB1,39.16046474,-119.8010154,1.6,1,1988-09-08
USGS-390949119421501,103  N15 E20 14CAAA1    City of Carson Well 41,39.16352157,-119.7051785,2.7,1,1988-06-08
USGS-390949119475501,104  N15 E19 13CAAB1    USGS,39.1635203,-119.7996265,2.0,1,1994-11-02
USGS-390949119475502,104  N15 E19 13CAAB2    USGS,39.1635203,-119.7996265,1.0,1,1994-11-02
USGS-390950119452901,104  N15 E20 17DBBD1    City of Carson Well 11,39.16379849,-119.7590699,19.0,1,1988-05-13
USGS-390955119481002,104  N15 E19 13BCDC2    USGS,39.16518698,-119.8037933,2.0,1,1996-08-28
USGS-391014119450701,104  N15 E20 17AADB1    City of Carson Mills Pk 34,39.16927778,-119.7532222,30.0,1,1988-08-25
USGS-391030119480701,104  N15 E19 12CCAA1    USGS Ash-1 Shallow,39.17490929,-119.8029602,37.0,1,1994-11-02
USGS-391031119462301,104  N15 E20 07DDBB1    City of Carson Well  5,39.17518736,-119.7740705,19.0,1,1988-05-11
USGS-391035119471501,104  N15 E19 12DADD2    City of Carson Well  3,39.1762983,-119.7885154,13.0,1,1988-05-11
USGS-391036119440701,104  N15 E20 09DACC1,39.1774101,-119.7349024,12.0,1,1988-09-20
USGS-391038120090001,090  N15 E17 06BCC 1,39.177129,-120.1510258,0.16,1,1986-06-24
USGS-391058119424602,103  N15 E20 11BCBD1    City of Carson Well 40,39.1810216,-119.7137903,0.5,1,1988-08-24
USGS-391104119454801,104  N15 E20 08BDBB1,39.1843542,-119.7643482,37.0,1,1988-09-02
USGS-391105119481101,104  N15 E19 12BBCB1    USGS VC-6 Shallow,39.18463157,-119.8040715,23.0,1,1994-11-01
USGS-391105119481102,104  N15 E19 12BBCB2    USGS VC-6 Deep,39.18463157,-119.8040715,39.0,1,1994-11-01
USGS-391110119480701,104  N15 E19 12BBAA1    USGS VC-7,39.18602049,-119.8029604,16.0,1,1994-11-01
USGS-391113119481901,104  N15 E19 02DDDC1,39.18685379,-119.8062939,39.0,1,1988-09-07
USGS-391123119435301,104  N15 E20 03CCCB1,39.1896325,-119.7324025,56.0,1,1988-08-30
USGS-391128119415701,103  N15 E20 02DDAC1    City Well 33 - Sheep Dr,39.1879664,-119.6982341,2.7,1,1988-08-24
USGS-391133119461701,104  N15 E20 06DAAC2    City of Carson Well  7,39.19240977,-119.7724041,25.0,1,1988-05-25
USGS-391201119481801,089  N15 E19 02AAAA1    City of Carson,39.2001872,-119.8060164,1.4,1,1988-08-25
USGS-391204119451401,104  N15 E20 05ABDA1,39.20102118,-119.7549038,2.2,1,1988-08-17
USGS-391224119472101,104  N16 E19 36DAAC1    Eagle Vly Childrens Home,39.20268756,-119.7799046,38.0,1,1988-08-12
USGS-391230119441401,104  N16 E20 33ADCC1    USGS,39.20824374,-119.7382365,2.0,1,1996-09-10
USGS-391234119464001,104  N16 E20 31ACCB1,39.2060208,-119.7896271,14.0,1,1988-08-15
USGS-391251119491701,104  N15 E20 21CABA1    State of Nevada,39.1490763,-119.7437913,8.5,1,1988-08-26
USGS-391259119384201,103  N16 E21 29DCDD1,39.2163009,-119.6460099,0.9,2,1989-09-19
USGS-391417119351801,103  N16 E21 23ACDD1    Town of Dayton Well 1,39.2379687,-119.5893409,7.9,1,1988-12-01
USGS-391441119370101,103  N16 E21 15CCDC1,39.244635,-119.6179535,13.25,2,1989-02-24
USGS-391519119351701,103  N16 E21 14ADBA1    Rose Peak 2,39.25328889,-119.5887889,4.1,1,1988-12-01
USGS-391538119311301,103  N16 E22 09CACA1,39.2604699,-119.5212826,7.0,1,1988-11-29
USGS-391605119313401,103  N16 E22 09BCBC1    USGS DVR-13,39.26796977,-119.5271164,1.6,1,1988-06-23
USGS-391610119335901,103  N16 E21 12ADAB1    USGS DVR-12,39.269358,-119.5673962,1.1,1,1988-06-23
USGS-391627119332101,103  N16 E22 06CDDD1,39.2740804,-119.5568403,1.5,1,1988-12-08
USGS-391637116021801,155A N16 E53 08ADBC1    FISH CK SPGS CULVERT,39.2761111,-116.0241667,1.0,1,1981-07-17
USGS-391700119405701,103  N16 E20 01ADAC1    Spring near Ophir Grade,39.2832451,-119.6835133,0.65,2,1989-06-07
USGS-391711119520401,089  N16 E19 05BABA1    Bowers Mansion Supply Sp,39.286298,-119.8687985,3.0,2,1989-09-07
USGS-391728119160601,102  N17 E24 34DDAC1    Fort Churchill State Park,39.28952778,-119.2688889,5.050000000000001,2,1989-01-24
USGS-391808119120701,102  N17 E25 32BAAA1    USGS CHR-15,39.30214019,-119.2029357,28.0,1,1988-07-26
USGS-391816119494901,089  N17 E19 27DCAA1    Davis Creek Park Well,39.3043542,-119.8312977,5.7,2,1989-09-01
USGS-391823119293401,103  N17 E22 27DACC1,39.30630336,-119.4937827,3.0,2,1989-09-20
USGS-391847119113801,102  N17 E25 29ADAB1    USGS CHR-14,39.31297337,-119.1948805,0.7,1,1988-07-26
USGS-391941119125101,102  N17 E25 18DDD 1,39.3310285,-119.2121036,1.2000000000000002,2,1989-09-25
USGS-391959119533401,088  N17 E19 18CDAB1    Galena Cr Production Well,39.33296465,-119.893801,84.0,2,1989-09-06
USGS-392007119253501,103  N17 E23 17DCBC1,39.3351928,-119.4273913,0.9,2,1989-01-10
USGS-392018118444302,101  N17 E29 17ADDB2    CL-AH-2B,39.33825255,-118.7462596,310.0,1,1986-08-12
USGS-392052119471201,088  N17 E20 07CCDC1,39.3476883,-119.7876861,1.2000000000000002,2,1989-08-25
USGS-392112118410903,101  N17 E29 12BCCA3    USGS CDD2-5C,39.35325274,-118.686813,333.0,2,1989-01-20
USGS-392112118410904,101  N17 E29 12BCCA4    USGS CDD2-5D,39.35325274,-118.686813,281.5,2,1989-01-20
USGS-392115119233901,103  N17 E23 10BCCA1,39.35491519,-119.397946,2.1,2,1989-02-01
USGS-392117118410901,101  N17 E29 12BCBA1    USGS CDD2-4A,39.3546416,-118.686813,224.0,2,1989-02-03
USGS-392117118410902,101  N17 E29 12BCBA2    USGS CDD2-4B,39.3546416,-118.686813,293.0,2,1989-02-03
USGS-392117118410903,101  N17 E29 12BCBA3    USGS CDD2-4C,39.3546416,-118.686813,224.5,2,1989-01-18
USGS-392122118411001,101  N17 E29 12BBCC1    USGS CDD2-3A,39.3560305,-118.6870908,178.0,2,1989-01-19
USGS-392122118411002,101  N17 E29 12BBCC2    USGS CDD2-3B,39.3560305,-118.6870908,276.0,2,1989-01-19
USGS-392122118411003,101  N17 E29 12BBCC3    USGS CDD2-3C,39.3560305,-118.6870908,362.0,2,1989-01-19
USGS-392127118411001,101  N17 E29 12BBBC1    USGS CDD2-2A,39.35741937,-118.6870909,299.0,2,1989-02-02
USGS-392127118411002,101  N17 E29 12BBBC2    USGS CDD2-2B,39.35741937,-118.6870909,530.0,3,1989-02-02
USGS-392127118411003,101  N17 E29 12BBBC3    USGS CDD2-2C,39.35741937,-118.6870909,379.0,2,1989-02-02
USGS-392132118411002,101  N17 E29 12BBBB2    USGS PAST-1B,39.3592083,-118.6874944,126.5,2,1989-01-17
USGS-392132118411003,101  N17 E29 12BBBB3    USGS PAST-1C,39.35916944,-118.6874972,224.5,2,1989-01-18
USGS-392132118411004,101  N17 E29 12BBBB4    USGS PAST-1D,39.35913889,-118.6875,184.0,2,1989-01-18
USGS-392144119223401,103  N17 E23 02BC  1    Stagecoach Utilities 5,39.36244444,-119.3759722,1.9,1,1988-12-05
USGS-392200118454201,101  N17 E29 05BCBB1    CDP-19,39.36666055,-118.7625996,29.95,2,1989-03-08
USGS-392207118463601,101  N17 E29 06BCAD1    DR-SW-AH-9,39.3685299,-118.7776501,44.0,1,1985-08-20
USGS-392207118464601,101  N17 E29 06BCBB1    DR-SW-AH-17A,39.36852989,-118.780428,644.0,2,1985-08-19
USGS-392207118464604,101  N17 E29 06BCBB4    DR-SW-AH-17D,39.36852989,-118.780428,165.5,2,1985-08-19
USGS-392208118452701,101  N17 E29 05BCAA1    NP-25,39.36855556,-118.7585556,2.0,1,1994-08-17
USGS-392208118463801,101  N17 E29 06BCAB1    DR-SW-AH-15A,39.36880767,-118.7782057,43.5,2,1985-08-20
USGS-392208118463802,101  N17 E29 06BCAB2    DR-SW-AH-15B,39.36880767,-118.7782057,18.0,2,1985-08-20
USGS-392208118463803,101  N17 E29 06BCAB3    DR-SW-AH-15C,39.36880767,-118.7782057,44.0,2,1985-08-20
USGS-392208118464201,101  N17 E29 06BCBA1    DR-SW-AH-16A,39.36880767,-118.7793169,55.0,1,1985-08-20
USGS-392208118464202,101  N17 E29 06BCBA2    DR-SW-AH-16B,39.36880767,-118.7793169,130.5,2,1985-08-20
USGS-392208118464203,101  N17 E29 06BCBA3    DR-SW-AH-16C,39.36880767,-118.7793169,18.0,1,1985-08-19
USGS-392210118455301,101  N17 E29 06AACD1    USGS CD1003,39.36936329,-118.7657053,42.0,1,1994-04-04
USGS-392211118455601,101  N17 E29 06AACC1    USGS CD1004,39.36964106,-118.7665387,108.0,1,1994-04-04
USGS-392211118455901,101  N17 E29 06AACC2    USGS CD1005,39.36964106,-118.767372,180.0,1,1994-04-04
USGS-392218118461301,101  N17 E29 06ABCB1    USGS CD3002,39.37158546,-118.771261,63.0,1,1994-04-05
USGS-392222118462102,101  N17 E29 06BAA 1,39.37269655,-118.7734834,64.0,1,1985-02-27
USGS-392223118461201,101  N18 E29 31DCCD1    USGS CD3004-A,39.3729743,-118.7709833,137.0,1,1994-04-08
USGS-392223118461202,101  N18 E29 31DCCD2    USGS CD3004-B,39.3729743,-118.7709833,251.0,1,1994-04-05
USGS-392226119162101,102  N17 E24 03ABAD1,39.37380509,-119.273496,0.1,1,1989-09-21
USGS-392231119501901,088  N18 E19 34CDCC1    SW-7,39.37491667,-119.8402778,4.0,1,1995-06-22
USGS-392235119215601,103  N18 E23 35DCDC1    Stagecoach Utilities 4,39.37630415,-119.3665564,0.6,2,1989-01-11
USGS-392236119442201,088  N18 E20 33DCDC1    Steamboat Well 1,39.37657789,-119.7404627,3.1999999999999997,2,1989-08-25
USGS-392310118472301,101  N18 E28 36ABBC1    USGS CD2001,39.38602965,-118.7907065,77.0,1,1994-03-31
USGS-392317118472301,101  N18 E28 25DCCC1    USGS CD2004,39.38802778,-118.7907222,21.25,2,1994-04-01
USGS-392318118472301,101  N18 E28 25DCCB1    USGS CD2005,39.38825184,-118.7907065,4.0,1,1994-03-31
USGS-392327118425401,101  N18 E29 27CDAD1    USGS CDR-18,39.39075228,-118.7159815,660.0,1,1988-07-13
USGS-392330119175401,102  N18 E24 28CDBD1,39.39158234,-119.2993314,0.7,1,1989-09-21
USGS-392342119471601,087  N18 E20 30CBBC1    STMGID Well 4 Shadowridge,39.39491074,-119.7887985,25.95,2,1989-08-24
USGS-392349119114301,"102  N18 E25 29ADCD1    Beach 7, Lahonton St Park",39.39686068,-119.1962727,1.3499999999999999,2,1989-10-11
USGS-392351118462601,101  N18 E29 30BDBA1    CDP-17,39.39792406,-118.775395,25.85,2,1989-03-07
USGS-392356119484501,087  N18 E19 26ACAD1    STMGID Well 6,39.39879937,-119.8135219,2.3499999999999996,2,1989-08-24
USGS-392403119135101,102  N18 E24 25AADC1    Silver Springs Water,39.40074936,-119.231829,1.2,2,1989-01-13
USGS-392404119434501,087  N18 E20 27BBCD1    Mira Loma Well,39.40038889,-119.7317222,0.95,2,1989-08-31
USGS-392414119474701,087  N18 E19 25ABBB1    SW-5,39.404,-119.7982778,3.0,1,1995-06-21
USGS-392439118480401,101  N18 E28 23ADDB1    USGS CDR-16,39.40686279,-118.7854289,48.0,1,1988-07-12
USGS-392458118444801,101  N18 E29 20AABC1    USGS CDR-17,39.41602964,-118.74765,33.0,1,1988-07-13
USGS-392505119431301,087  N18 E20 22ABAC1    Washoe Co - STMIP MW-15,39.4178611,-119.721361,11.0,1,1994-08-04
USGS-392506119462201,087  N18 E20 19AABB1    SW-1,39.41866667,-119.7733333,3.0,1,1995-06-19
USGS-392515119123701,102  N18 E25 17CCBC1,39.42074907,-119.2112739,2.3,2,1989-02-01
USGS-392540118454501,101  N18 E29 18AADD1    NP-27,39.42746667,-118.763511,51.0,1,1994-08-17
USGS-392614119454501,087  N18 E20 08CADC1    W-RS,39.43475,-119.762361,2.0,1,1995-06-28
USGS-392621118522301,101  N18 E28 08BCCA1    CDP-37,39.43923667,-118.8736936,1.2000000000000002,2,1989-08-10
USGS-392627119481901,087  N18 E19 12BCCD1,39.4397222,-119.8080833,3.0,1,1995-08-02
USGS-392636119464401,087  N18 E20 07ACBB1,39.4434722,-119.7804167,2.0,3,1995-08-01
USGS-392640118460301,101  N18 E29 07ABAD1    CDP-14,39.4440042,-118.7686123,40.5,2,1989-03-06
USGS-392642118470901,101  N18 E28 12ABAC1    USGS CDR-21,39.4451833,-118.787561,8.2,1,1988-07-12
USGS-392659118444001,101  N18 E29 05DADD1    CDP-18,39.44980278,-118.7452833,0.7,2,1989-03-08
USGS-392718119463401,087  N18 E20 06BAAA2    SV-1,39.46188889,-119.781,3.0,3,1995-06-27
USGS-392726119460101,087  N18 E20 05BCAC1    USGS - Huffaker Park 1,39.45716667,-119.767861,23.0,1,1994-05-17
USGS-392730118463801,101  N18 E29 06BBCA1    USGS CDD1-1,39.4582512,-118.7782074,44.5,2,1989-06-13
USGS-392730118463802,101  N18 E29 06BBCA2    USGS CDD1-2,39.4582512,-118.7782074,25.0,2,1989-06-12
USGS-392730118463803,101  N18 E29 06BBCA3    USGS CDD1-3,39.4582512,-118.7782074,14.0,3,1989-06-12
USGS-392731114382801,179  N18 E65 03DA  1    McGill Spring,39.45855027,-114.6419581,1.2,1,1981-07-15
USGS-392731118463802,101  N18 E29 06BBCA6    USGS CDD1-13,39.45852898,-118.7782074,18.25,2,1989-06-13
USGS-392731118463803,101  N18 E29 06BBCA7    USGS CDD1-14,39.45852898,-118.7782074,35.0,2,1989-06-13
USGS-392733118463801,101  N18 E29 06BBBD5    USGS CDD1-9,39.4590845,-118.7782074,5.5,2,1989-06-13
USGS-392733118463802,101  N18 E29 06BBBD6    USGS CDD1-10,39.4590845,-118.7782074,38.05,2,1989-06-13
USGS-392733118463803,101  N18 E29 06BBBD7    USGS CDD1-11,39.4590845,-118.7782074,10.25,2,1989-06-13
USGS-392735118484501,101  N18 E28 02BABB1    USGS NP-26,39.45988056,-118.8133889,6.0,1,1994-08-18
USGS-392744119464601,087  N18 E20 06BAAA3    USGS - South Virginia 1,39.4619722,-119.780861,4.0,1,1994-06-30
USGS-392745118500601,101  N19 E28 34CCBD1    CDP-05,39.46265058,-118.8359927,25.85,2,1989-02-15
USGS-392748118515701,101  N19 E28 32CDAB1    USGS CDR-20,39.46325026,-118.8668216,34.0,1,1988-06-21
USGS-392758118365101,101  N19 E30 33ADD 1    USGS HL-AH-7,39.46603018,-118.6151453,291.0,1,1985-02-28
USGS-392758118365102,101  N19 E30 33ABD 1    HL-AH-5A,39.46603018,-118.6151453,240.0,1,1986-08-11
USGS-392800118443201,101  N19 E29 33CBBC1    USN FNAS - BASALT 1 CDP-03,39.46653479,-118.7434452,1.0,2,1989-01-26
USGS-392802118443201,101  N19 E29 33CBBB2    USN FNAS - Basalt 3,39.46707368,-118.743459,2.2,1,1978-02-22
USGS-392817118495501,101  N19 E28 34BCAA1    USGS CDR-19A,39.47019496,-118.832376,1.6,1,1988-08-03
USGS-392825118395001,101  N19 E30 31BBAD1    USGS CDR-22,39.4726964,-118.6659809,214.0,2,1994-08-18
USGS-392828118361201,101  N19 E30 34BAA 1    USGS HL-AH-6A,39.4739,-118.6093833,539.0,1,1985-02-27
USGS-392829118520001,101  N19 E28 32BAAB1    USGS CDR-25,39.47463897,-118.8676552,2.3,1,1988-06-21
USGS-392835118490501,101  N19 E28 27DDDA1,39.4763061,-118.8190424,23.15,2,1989-08-30
USGS-392837118462901,101  N19 E29 30CDBC2    COF - BASALT 2 CDP-01,39.47732326,-118.776091,1.25,2,1989-01-25
USGS-392837118463201,101  N19 E29 30CDBC1    City of Fallon - Basalt 1,39.47722325,-118.7767993,3.3,1,1977-03-01
USGS-392842118425401,101  N19 E29 27CDAA1    USGS CDR-27,39.47825157,-118.715983,17.0,1,1988-06-22
USGS-392850118463401,101  N19 E29 30CBAD1    COF - BASALT 3 CDP-02,39.48033988,-118.7772327,2.2,3,1989-01-25
USGS-392855119462301,087  N19 E20 30DACA2    USGS Peckham Ln & Pamela 1,39.48227778,-119.7738889,7.0,1,1994-05-23
USGS-392859118474001,101  N19 E28 25BCDD1    CDP-16,39.48287296,-118.7975307,0.1,1,1989-03-07
USGS-392902118353201,101  N19 E30 27ADDA1    USGS CDR-28,39.483808,-118.5932002,610.0,1,1988-06-21
USGS-392903118524401,101  N19 E28 30ACAD1    CDP-08,39.48434147,-118.8797863,24.7,2,1989-02-23
USGS-392904118401301,101  N19 E29 25DBBD1    CDP-39,39.480875,-118.6771778,24.85,2,1989-08-30
USGS-392907118453701,101  N19 E29 29BBDA1    US INDIAN HLTH SRVC CDP-12,39.48730278,-118.7584639,1.45,2,1989-03-01
USGS-392917119464901,087  N19 E20 30BDAB1    USGS,39.48816667,-119.7810833,4.0,1,1994-05-18
USGS-392925118482001,101  N19 E28 23DCCA1    CDP-21,39.4903422,-118.8073506,3.35,2,1989-03-09
USGS-392926118533001,101  N19 E28 19CCCB1    USGS CDR-23,39.4907333,-118.892636,31.0,1,1988-09-01
USGS-392927119475201,087  N19 E19 25BAAA1    USGS - Moana Pool 1,39.4903611,-119.7991944,1.0,1,1994-07-19
USGS-392937119452601,087  N19 E20 20DCAD1    USGS - Washoe Co Yard 1,39.4936111,-119.7585556,42.0,1,1994-05-19
USGS-392938118345301,101  N19 E30 23DBDD1,39.493808,-118.5823666,19.8,2,1989-08-30
USGS-392941118321401,101  N19 E31 19DADB1,39.4946417,-118.538198,120.0,1,1986-08-11
USGS-392948118561101,101  N19 E27 22DBAB1    FF,39.4964361,-118.937386,1.0,1,1994-08-16
USGS-392957119001801,101  N19 E27 19BCB 1,39.49908144,-119.0059936,0.5,1,1989-02-28
USGS-393003118402001,101  N19 E29 24ABDD1   P,39.50068889,-118.6735444,40.0,1,1988-08-03
USGS-393004118511301,101  N19 E28 21BBCA1    CDP-07,39.5007583,-118.8548083,10.0,3,1989-08-10
USGS-393017119533101,087  N19 E19 19BAAB1    USGS - Mayberry Park 1,39.50452778,-119.8933889,3.0,1,1994-06-07
USGS-393018118544001,101  N19 E27 13CCCB1    CDP-10,39.50522687,-118.9120766,4.699999999999999,2,1989-02-28
USGS-393022119444301,087  N19 E20 04CACA1    USGS - Dillworth School,39.539,-119.74675,4.0,1,1994-08-03
USGS-393027118461501,101  N19 E29 18DCBB1,39.5074174,-118.771819,1.5,3,1989-03-02
USGS-393032119473501,087  N19 E19 13DCAA1    USGS - Liston Park,39.50877778,-119.7942778,8.0,1,1994-07-26
USGS-393033119465401,087  N19 E20 18CDBA1    USGS - Wooster High Sch 1,39.5093333,-119.7827222,13.0,1,1994-06-02
USGS-393038118512201,101  N19 E28 17DAAC1    USGS CDR-24,39.51037778,-118.85755,17.0,1,1988-06-20
USGS-393043119504901,087  N19 E19 16DABB1    SS-1,39.51205556,-119.8486667,2.0,1,1995-06-20
USGS-393045119500501,087  N19 E19 15CAAA1    SH-1,39.5123611,-119.8361389,4.0,1,1995-06-21
USGS-393052118333501,101  N19 E30 13ACAA1    USGS CDR-29,39.5141333,-118.5609722,381.5,2,1994-08-22
USGS-393053119445601,087  N19 E20 16BCAC2    WH-3,39.51488889,-119.7491389,2.0,1,1995-06-28
USGS-393054119445501,087  N19 E20 16BCAC1    USGS - Ag Extension 1,39.51516667,-119.749611,3.0,1,1994-05-24
USGS-393055119482001,087  N19 E19 13BCBC1    USGS,39.5151111,-119.8071667,21.0,1,1994-08-02
USGS-393105119494001,087  N19 E19 15AABA1    SR-1,39.51980556,-119.8298056,3.0,1,1995-08-01
USGS-393106118580301,101  N19 E27 09CCCC1    USFWS NP-21,39.51821389,-118.9684889,21.0,1,1994-08-16
USGS-393123119452301,087  N19 E20 08DDBB1    USGS - Greg Street 1,39.52275,-119.7571389,2.0,1,1994-05-26
USGS-393127119471301,087  N19 E20 18BBAA1    SPPC - Mill Street Well,39.5190777,-119.7857457,2.4,2,1989-09-05
USGS-393129118454601,101  N19 E29 07DAAD1    CDP-11,39.52519778,-118.764305,0.5,1,1989-03-01
USGS-393132119422801,087  N19 E20 11CACA1    USGS,39.52527778,-119.70925,39.0,1,1994-06-01
USGS-393132119485801,087  N19 E19 11CADA2    City of Reno Well  4A,39.52819444,-119.8123333,1.0,1,1994-08-15
USGS-393139119493401,087  N19 E19 10DAAA1    NDEP,39.5269722,-119.827,27.0,1,1994-06-21
USGS-393145119452401,087  N19 E20 08DDBC1    SG-1,39.5224722,-119.7570278,2.0,1,1995-06-26
USGS-393158119454301,087  N19 E20 08BDAC1    SP-1,39.5285,-119.7644722,3.0,1,1995-06-26
USGS-393200118415001,101  N19 E29 02CDDD1    USGS P10001,39.533251,-118.6982051,110.0,1,1994-04-08
USGS-393200118415601,101  N19 E29 02CDCD1    USGS P10003,39.53325099,-118.6998719,127.0,1,1994-04-07
USGS-393200118421201,101  N19 E29 02CCCD1    USGS P10008,39.53325095,-118.7043165,116.0,1,1994-04-08
USGS-393203119472801,087  N19 E19 12AABA1    SF-1,39.53394444,-119.7913889,7.0,3,1995-06-22
USGS-393206119425301,087  N19 E20 10AAAA1    USGS,39.53438889,-119.715861,17.0,1,1994-07-18
USGS-393211119472901,087  N19 E19 01DDCA1    USGS - Governors Bowl 1,39.5363333,-119.7925,21.0,1,1994-08-01
USGS-393212114545001,179  N19 E63 05    1    Spring,39.536603,-114.9147453,1.7,1,1981-07-15
USGS-393214118420101,101  N19 E29 02CACC1    USGS P20004,39.5371398,-118.7012608,20.0,1,1994-04-06
USGS-393214118421001,101  N19 E29 02CBDC1    USGS P20007,39.53713978,-118.7037609,75.0,1,1994-04-07
USGS-393214118421701,101  N19 E29 02CBCC1    USGS P20009,39.53719444,-118.7070833,19.55,2,1994-04-01
USGS-393214118422201,101  N19 E29 03DADD1    USGS P20011,39.53713976,-118.7070944,54.0,1,1994-04-08
USGS-393219119454901,087  N19 E20 08BAAD1    SPPC - Sparks Yard Well,39.53296667,-119.7621335,1.1500000000000001,2,1989-09-05
USGS-393220118422301,101  N19 E29 03DAAD1    USGS P30001,39.5388064,-118.7073722,21.0,1,1994-04-06
USGS-393249119422901,087  N19 E20 02BACB1    USGS - Woodtrails Park 1,39.547,-119.7091667,30.0,1,1994-07-20
USGS-393257119441401,087  N19 E20 04ABAA1    USGS - Longford Park 1,39.5489722,-119.7387222,9.0,1,1994-07-21
USGS-393258118302001,101  N20 E31 33DCDB1    USFWS Well 2 nr West Canal,39.5493633,-118.5065305,6.0,1,1989-04-03
USGS-393300118345801,101  N20 E30 35DCCB1    Fallon Tribe Well 13,39.54991827,-118.5837559,322.0,2,1989-04-05
USGS-393311118304703,101  N20 E31 33CACB3    USFWS NP-20,39.55388889,-118.5137944,186.0,1,1994-08-22
USGS-393327118304101,101  N20 E31 33BDCA1    SW-AH-1,39.55741868,-118.512364,1.9,1,1986-08-11
USGS-393328119432001,087  N20 E20 34ACCC1    USGS - Reed High School 1,39.55705556,-119.7233889,9.0,1,1994-06-08
USGS-393341118431601,101  N20 E29 34BBAC1    CDP-20,39.5616111,-118.7219167,0.6,3,1989-03-09
USGS-393352118415101,101  N20 E29 26CDAC1    USGS 1LGW2,39.5643616,-118.698483,13.0,1,1995-06-30
USGS-393457118250601,101  N20 E32 20CAC 1    USFWS Well 3 nr East Canal,39.5824183,-118.419306,4.0,1,1989-04-03
USGS-393458118431101,101  N20 E29 22CBAC1    USGS CDR-30,39.5852111,-118.7238278,450.0,1,1988-08-02
USGS-393459118330602,101  N20 E31 19CBD 2    DH-102B,39.5829735,-118.5526437,280.0,1,1986-08-11
USGS-393459119095601,076  N20 E25 22CBDA1,39.58296878,-119.1665544,4.449999999999999,2,1988-09-13
USGS-393507119100301,076  N20 E25 22BCC 1    FWA-2A,39.58519096,-119.168499,7.1,2,1989-06-20
USGS-393507119100302,076  N20 E25 22BCC 2    FWA-2B,39.58519096,-119.168499,7.1,1,1988-09-12
USGS-393512119441501,085  N20 E20 21ACDA1,39.5865774,-119.7385217,5.45,2,1989-08-30
USGS-393526119100301,076  N20 E25 22BBA 1    FWA-3A,39.59046867,-119.168499,3.15,2,1989-06-20
USGS-393526119100302,076  N20 E25 22BBA 2    FWA-3B,39.59046867,-119.168499,3.5,1,1988-09-12
USGS-393526119100401,076  N20 E25 22BBDB1,39.58963535,-119.1682212,7.9,1,1988-09-13
USGS-393533119080701,076  N20 E25 14DDCD1    FWA-6,39.59241315,-119.1362759,8.1,3,1989-06-20
USGS-393547119095801,076  N20 E25 15CBDD1    FWA-3,39.5963019,-119.1671101,4.3,3,1989-06-20
USGS-393558119095801,076  N20 E25 15CBAA1    FWA-4,39.5993574,-119.1671102,3.8,2,1989-06-21
USGS-393610119100401,076  N20 E25 15BCBA1    FWA-5,39.6026907,-119.1687769,32.0,3,1989-06-21
USGS-393624118294101,101  N20 E31 15BABB1    USGS Lead Lk Well 7 LLAH-7,39.60658459,-118.4956971,500.0,4,1989-06-15
USGS-393637118322501,101  N20 E31 07DACC1    USGS Lead Lk Well 5 Fence,39.61019535,-118.5412545,135.0,4,1989-06-15
USGS-393641118323401,101  N20 E31 07DBDD1    USGS Lead Lake Well 4,39.6113064,-118.5437547,105.0,4,1989-06-14
USGS-393645118324201,101  N20 E31 07DBBC1    USGS Lead Lk Well 3 LLAH-3,39.6124175,-118.545977,61.0,4,1989-06-14
USGS-393648118325101,101  N20 E31 07CAAB1    USGS Lead Lk Well 2 LLAH-2,39.6132111,-118.548836,185.0,4,1989-06-14
USGS-393651118325701,101  N20 E31 07BDCA1    USGS LEAD LK WELL 1 LLAH-1,39.6140841,-118.5501438,175.0,4,1989-06-14
USGS-393705118292401,101  N20 E31 10ABCB1    USGS Lead Lk Well 6 LLAH-6,39.61797328,-118.4909749,900.0,4,1989-06-15
USGS-393713118254001,101  N20 E32 07AABD1    GOOSE LAKE AT GOOSE LANDIN,39.62019548,-118.428751,1000.0,1,1989-06-15
USGS-393719118303301,101  N20 E31 04CADD1    USGS Lead Lk Well 8 LLAH-8,39.62208889,-118.5106806,845.0,4,1989-06-15
USGS-393815119421201,085  N21 E20 35DCCA1,39.6374104,-119.7043539,7.4,2,1989-08-30
USGS-393851119100801,076  N21 E25 34BBCC1    FWA-8,39.6474123,-119.1698885,1.0,3,1989-06-21
USGS-393949119084601,076  N21 E25 26BBDA1    FWA-7,39.66352324,-119.1471102,8.15,4,1989-06-21
USGS-394001114482600,179  N21 E63 24    2    Spring,39.66688019,-114.8080779,0.0,1,1992-05-28
USGS-395415115524301,153  N23 E54 03DBD 1    Spring,39.9007607,-115.8686684,2.6,1,1981-07-14
USGS-395628116042801,153  N24 E52 23DAC 1  Shipley Hot Spring,39.9438139,-116.0733978,0.5,1,1981-07-13
USGS-400103118400701,073  N25 E29 24DBDD1    Toy Spring,40.01741,-118.669596,61.0,1,1992-06-25
USGS-401303118261501,073  N27 E31 12DDDA1,40.21740907,-118.4384803,7.0,2,1990-11-20
USGS-411030073392701,WE5019,41.17509555,-73.65707328,0.765,2,1995-08-30
USGS-425016073465302,SA1281,42.8368333,-73.7820833,2.0,1,1993-07-30
USGS-425016073465303,SA1282,42.8375,-73.78177778,1.0,1,1993-07-30
USGS-425045073482101,SA1273,42.846,-73.8054444,2.0,1,1993-07-19
USGS-425427073562201,SA1266,42.9072222,-73.9395,2.0,1,1993-07-23
USGS-391606084410800,H-124 NR FERNALD,39.26838947,-84.6855036,0.6,1,1982-08-27
USGS-391607084412500,H-128 NR FERNALD OH,39.2686672,-84.69022589,3.2,1,1982-08-30
USGS-391616084404300,H-129 NR NEW BALT OH,39.27116727,-84.678559,0.9,1,1982-08-31
USGS-391628084405500,H-126 NR FERNALD OH,39.27450055,-84.6818925,1.2,1,1982-08-27
USGS-391633084411700,H-117 AT FERNALD OH,39.27588937,-84.6880037,0.4,1,1982-08-31
USGS-391654084413000,H-121 AT FERNALD OH,39.2817226,-84.691615,46.0,1,1982-08-31
USGS-391659084412900,H-111 NR FERNALD OH,39.2831115,-84.6913372,430.0,1,1982-08-25
USGS-391704084414100,H-122 AT FERNALD ON,39.28450035,-84.6946707,2.2,1,1982-08-27
USGS-391709084412500,H-108 NR FERNALD OH,39.28588926,-84.6902261,250.0,1,1982-08-25
USGS-391713084410800,H-107 NR FERNALD OH,39.2870004,-84.6855038,0.7,1,1982-08-25
USGS-391713084414000,H-116 NR FERNALD OH,39.2870003,-84.6943929,1.5,1,1982-08-27
USGS-391713084414400,H-105 NR FERNALD OH,39.2870003,-84.695504,0.4,1,1982-08-24
USGS-391715084414800,H-104 NR FERNALD OH,39.28755586,-84.6966152,0.6,1,1982-08-24
USGS-391721084403600,H-106,39.28922268,-84.6766148,1.5,1,1982-08-25
USGS-391721084414600,H-103 NR FERNALD OH,39.2892225,-84.6960597,1.4,1,1982-08-24
USGS-391742084415900,H-112 NR FERNALD OH,39.29505576,-84.6996709,1.4,1,1982-08-25
USGS-391745084415100,H-131 NR FERNALD OH,39.2958891,-84.69744869,1.6,1,1982-08-31
USGS-391746084403200,H-120 NR FERNALD OH,39.29616707,-84.6755037,1.5,1,1982-08-30
USGS-391748084393800,H-19,39.29672275,-84.66050338,0.83,1,1986-08-26
USGS-391800084415200,H-134 NR FERNALD OH,39.3000557,-84.6977265,5.1,1,1982-08-31
USGS-391803084414200,H-132 NR FERNALD OH,39.30088907,-84.6949487,8.2,1,1982-08-31
USGS-391806084394900,H-114 NR ROSS OH,39.30172268,-84.663559,1.0,1,1982-08-27
USGS-411209083273500,WO-204-PE22 (DIBLING)NR FOSTORIA OH,41.20255309,-83.4596493,0.9,1,1987-07-22
USGS-411216083470300,WO-230-J24 (SMITH) AT HOYTVILLE OH,41.20449615,-83.7841035,0.3,1,1987-08-04
USGS-411337083503800,WO-236-J8 (MOSES) NR DESHLER OH,41.2269956,-83.8438277,0.66,1,1987-08-03
USGS-411429083362200,WO-212-B4 (ROBERTS) AT JERRY CITY OH,41.24144116,-83.6060426,0.16,1,1987-07-22
USGS-411432083385100,WO-351-B6 CYGNET NO. 9 AT CYGNET OH,41.2422743,-83.6474328,0.13,1,1987-08-05
USGS-411551083030900,S-34 ST FRANCIS SPRING AT GREEN SPRINGS OH,41.2642204,-83.0524164,0.16,1,1987-08-14
USGS-411613083193300,S-208-SC26 LAKOTA HIGH SCHOOL SE OF GIRTON OH,41.2703307,-83.3257577,0.18,1,1987-08-27
USGS-411616083251900,WO-265-MO25 (BOWEN)AT RISINGSUN OH,41.27116386,-83.4218711,0.08,1,1987-07-22
USGS-411632082580300,S-147-G25 GREEN HILLS G.C. S OF CLYDE OH,41.27560929,-82.9674137,0.05,1,1987-08-14
USGS-411644082511600,S-129-Y25 FRANCE STONE AT BELLEVUE OH,41.27894247,-82.85435448,1.2,1,1987-08-05
USGS-411654083213400,S-210-SC27 DEITER AT GIRTON OH,41.28171946,-83.3593697,0.74,1,1987-08-26
USGS-411706083455600,WO-246-LI19 (WENSINK) NR CUSTAR OH,41.28505169,-83.76549219,0.18,1,1987-07-31
USGS-411722082540200,S-141-Y21 GORE S OF WALES CORNERS OH,41.28949795,-82.9004672,0.23,1,1987-08-18
USGS-411729083061700,S-119-B23 SACKS S OF FREMONT OH,41.29144216,-83.1046404,0.16,1,1987-08-27
USGS-411755083111000,S-122-B19 ROTH NR HAVENS OH,41.29866406,-83.1860318,0.3,1,1987-08-17
USGS-411757082504300,S-130-Y13 GARDNER N OF BELLEVUE OH,41.29922,-82.8451876,0.44,1,1987-08-18
USGS-411806082554800,S-136A STEINBAUER NR CLYDE OH,41.30172006,-82.9299127,5.8,1,1987-08-20
USGS-411911083165100,S-205-J8 OH LIME CO NR MILLERSVILLE OH,41.31977475,-83.2807569,0.5,1,1987-08-12
USGS-411911083285300,WO-260-MO9 (FIRSDON JR) NR WAYNE OH,41.3197747,-83.4813175,0.25,1,1987-07-28
USGS-411935082560300,S-135-Y8 SNYDER N E OF CLYDE OH,41.326442,-82.9340796,0.15,1,1987-08-20
USGS-411943083261300,WO-263-MO1 (BECKFORD) AT BRADNER OH,41.32866357,-83.436872,1.2,1,1987-07-29
USGS-411945083410600,WO-250-LI2 (MAIDMENT) NR PORTAGE OH,41.32921877,-83.6849346,0.19,1,1987-08-05
USGS-412026082505000,S-132-Y1 GROVES N OF BELLEVUE OH,41.34060846,-82.8471324,2.4,1,1987-08-19
USGS-412048083085500,S-32 GOTTRON QUARRY FLOOR SPRING AT FREMONT OH,41.34671917,-83.148531,24.0,1,1987-08-06
USGS-412103083272200,WO-199 LIBBE NR BRADNER OH,41.3508857,-83.4560394,0.48,1,1987-08-06
USGS-412118083231400,S-198-M32 HOLCOMB NE OF BRADNER OH,41.35505229,-83.3871488,0.09,1,1987-08-26
USGS-412119083205800,S-200-M34 UNDERWOOD NR ROLLERSVILLE OH,41.35533,-83.34937,4.5,1,1987-08-26
USGS-412120083172400,S-202-W31 WASSERMAN N OF HELENA OH,41.3556077,-83.289924,16.0,1,1987-08-27
USGS-412123083012000,S-107-RL33 DIEDRICH NR ERLIN OH,41.3564416,-83.0221382,0.14,1,1987-08-18
USGS-412123083512900,WO-326-WS32 (WEAVER) NR WESTON OH,41.35644046,-83.8579957,0.08,1,1987-08-04
USGS-412140083352700,WO-23 NWOH TEST-STEWART SE OF BOWLING GREEN OH,41.3611634,-83.5907654,0.3,1,1987-08-03
USGS-412143083053500,S-110-S26 HEINZ NO 1 AT FREMONT OH,41.3619969,-83.0929738,0.39,1,1987-08-20
USGS-412249083191400,S-179-M23 CITY WELL 4 AT GIBSONBURG OH,41.38032977,-83.3204806,1.0,1,1987-08-26
USGS-412340083011400,S-234-RL16 PEARSON NR WIGHTMANS GROVE OH,41.3944967,-83.0204717,0.2,1,1987-08-13
USGS-412356083212600,S-11 NWOH TEST-ACKERMAN NR GIBSONBURG OH,41.3989408,-83.3571484,0.23,1,1987-09-02
USGS-412409083110200,S-170-W12 WONDERLY NR LINDSEY OH,41.40255177,-83.1838102,3.4,1,1987-08-13
USGS-412420083081600,S-166-S9 SCHNEIDER S OF KINGSWAY OH,41.4056074,-83.1376977,0.42,1,1987-08-18
USGS-412449083130400,S-171-W11 ROEPKE NR LINDSEY OH,41.41366267,-83.2177002,0.06,1,1987-08-25
USGS-412451083280200,WO-349-F3 PEMBERVILLE NORTH  1 AT PEMBERVILLE OH,41.4142188,-83.4671514,0.06,1,1986-09-03
USGS-412505082512400,S-217-T1 HALL NR CASTALIA OH,41.4181076,-82.8565776,0.35,1,1987-08-19
USGS-412537083040100,S-18 NWOH-TEST LAMALIE NR WIGHTMANS GROVE,41.4269962,-83.0668622,0.09,1,1987-08-13
USGS-412537083181100,S-186-WO1 JAMES NR BUSY CORNERS OH,41.42699597,-83.3029805,1.6,1,1987-08-25
USGS-412605082574900,S-231-RL36 ODNR WILDLIFE AT BAYVIEW OH,41.43477408,-82.9635256,0.2,1,1987-08-11
USGS-412633083482400,LU-148-P34 KUNKLE PROVIDENCE TWP OH,41.44255228,-83.8066058,1.2,1,1987-06-25
USGS-412722083221200,S-188-WO28 WOODMORE SCHOOLS AT WOODVILLE OH,41.45616268,-83.369927,5.8,1,1986-09-04
USGS-412726083283100,WO-198 VESTAL AT LUCKEY OH,41.45727429,-83.4752075,0.31,1,1987-08-13
USGS-412735083460800,WO-299-WA24 (SEEGER) NR GRAND RAPIDS OH,41.4597747,-83.7688269,0.29,1,1987-07-27
USGS-412805083211400,S-33 MARTIN-MARIETTA QUARRY SPRING WOODVILLE OH,41.46810696,-83.3538155,3.5,1,1987-08-12
USGS-412839083352000,WO-307-WB15 ROTH AT DOWLING OH,41.4775523,-83.588822,1.0,1,1987-08-11
USGS-412928083522000,LU-203 NEAPOLIS FIRE DEPT AT NEAPOLIS OH,41.4911635,-83.872164,0.01,1,1987-10-08
USGS-412930083440600,LU-16 FRANCE STONE SPRING AT WATERVILLE OH,41.49171929,-83.7349372,0.09,1,1987-10-08
USGS-412950083282500,WO-342-T9 LUCKEY FARMERS AT LEMOYNE OH,41.49727415,-83.4735412,0.02,1,1987-08-12
USGS-413003083441300,LU-141-W29 CRADDOCK AT WATERVILLE OH,41.50088599,-83.73688179,0.18,1,1987-07-07
USGS-413025083374000,WO-333-PB19 VOLAND NR FIVE POINTS OH,41.50699674,-83.62771219,0.05,1,1987-08-14
USGS-413026083420800,WO-303-MD23 (FERRIS) NR WATERVILLE OH,41.5072747,-83.7021587,0.28,1,1987-07-28
USGS-413049083483800,LU-198 WHITEHOUSE 3 AT WHITEHOUSE OH,41.51366359,-83.8104953,3.6,1,1987-07-08
USGS-413055083254300,WO-341-LK36 BAKER NR FOREST PARK OH,41.5153291,-83.4285402,0.03,1,1987-08-11
USGS-413147083275800,WO-309-LK27 SIBBERSON NR MILLBURY OH,41.5297735,-83.4660415,0.03,1,1987-08-12
USGS-413219083334300,WO-151 STONECO SPRING AT LIME CITY OH,41.5386627,-83.5618774,1.4,1,1987-08-04
USGS-413345083371500,WO-306-PB MIZER AT PERRYSBURG OH,41.56255148,-83.620768,0.16,1,1987-07-16
USGS-413436083441300,LU-116-M32 WILDARGER N OF MONCLOVA OH,41.5767186,-83.7368821,0.56,1,1987-06-25
USGS-413515083304300,WO-118 ELVY NR WALBRIDGE OH,41.58755045,-83.5118767,0.29,1,1987-09-01
USGS-413515083313700,WO-119 SIEWERT NR WALBRIDGE OH,41.58755054,-83.5268771,0.12,1,1987-09-01
USGS-413542083282700,WO-316-LK4 BILLINGS AT WALBRIDGE OH,41.59505,-83.4740981,0.22,1,1987-09-02
USGS-413608083255500,WO-320-N36 DRAPER NR WOODVILLE GARDENS OH,41.60227179,-83.4318749,0.54,1,1987-09-03
USGS-413629083304400,WO-121 WASTE MGT AT NORTHWOOD OH,41.6081056,-83.5121548,0.49,1,1987-09-02
USGS-413725083261600,LU-202 NAPPENBACH AT OREGON OH,41.62366029,-83.4377087,0.48,1,1987-10-14
USGS-413743083112300,LU-180-J12 CRANE CR PARK NR RENO BEACH OH,41.62865917,-83.18964618,0.13,1,1987-07-23
USGS-413830083293800,LU-169 FUN-SPOT AT OREGON OH,41.6417159,-83.4938215,0.09,1,1987-07-23
USGS-413915083144200,LU-179-J33 DAVIS AT RENO BEACH OH,41.6542137,-83.2449265,0.07,1,1987-07-14
USGS-413942083364400,LU-127-T TOL UNIV AT TOLEDO OH,41.6617166,-83.6121576,0.02,1,1987-06-17
USGS-414019083261400,LU-170-O26 FOX AT OREGON OH,41.6719926,-83.4371538,0.13,1,1987-07-07
USGS-414024083435500,LU-133-SY29 COVENTRY FURN NR SYLVANIA OH,41.6733843,-83.7318825,0.09,1,1987-06-16
USGS-414032083274600,"LU-197-O27 SOHIO,TOLEDO REF-LPG AT OREGON OH",41.67560389,-83.46271,0.2,1,1987-07-15
USGS-414109083265300,LU-187-O23 UNION OIL AT OREGON OH,41.6858813,-83.4479876,0.47,1,1987-10-14
USGS-414128083314800,LU-193-T DIVERSITECH CORP AT TOLEDO OH,41.69115978,-83.529934,0.18,1,1987-06-22
USGS-414133083424800,LU-305-SY16 SYLVANIA AT SYLVANIA OH,41.69255059,-83.713271,0.09,1,1987-06-03
USGS-414135083445100,LU-15 FRANCE STONE SPRING NR SILICA OH,41.6931065,-83.7474384,1.6,1,1987-10-07
USGS-414138083265000,LU-201 HARTING AT OREGON OH,41.6939367,-83.4471544,0.25,1,1987-10-13
USGS-414142083290400,LU-175-T DETWILER GOLF AT TOLEDO OH,41.6950481,-83.4843775,0.03,1,1987-10-06
USGS-414242083395100,LU-309-SY12 USGS-ARBOR JR.HIGH AT SYLVANIA OH,41.7117165,-83.6641035,0.99,1,1987-06-04
USGS-414314083403100,LU-306-SY2 USGS-HUNT. FARMS INC AT SYLVANIA OH,41.7206054,-83.6752149,6.7,1,1987-06-03
USGS-414317083424100,LU-131-SY4 WESTGATE AT SYLVANIA OH,41.72143916,-83.7113267,0.14,1,1987-06-10
USGS-342542099434802,01S-24W-32 DBAA 2,34.42840646,-99.7303718,1.4,1,1987-06-16
USGS-343042099474701,01N-25W-35 DDBA 1,34.51062477,-99.7920405,8.8,1,1987-11-11
USGS-344445099370001,03N-23W-09 DAB 1,34.74589664,-99.6170374,8.25,2,1987-11-20
USGS-344753099580701,04N-26W-19 DDC 1,34.79811338,-99.9689922,3.4,1,1987-11-10
USGS-344816097145401,04N-01W-24 ADD 1,34.8045234,-97.248635,10.7,1,1978-03-14
USGS-344824097213801,04N-02W-24 ACB 1,34.80674408,-97.3608594,7.9,1,1978-03-16
USGS-344830097114501,04N-01E-21 AAD 1,34.8084129,-97.1961343,6.8,1,1978-03-14
USGS-344830097362901,04N-04W-22 BAD 1,34.80840768,-97.608365,0.9,1,1978-03-18
USGS-344833097020901,04N-03E-18 CCC 2,34.80924838,-97.0361319,0.4,1,1978-03-15
USGS-344838096525201,04N-04E-21 AAA 2,34.81063905,-96.8814064,0.4,1,1978-04-22
USGS-344842097401201,04N-05W-24 AAA 1,34.81174025,-97.6703113,2.3,1,1978-04-08
USGS-344847097431701,04N-05W-16 DDD 1,34.81312855,-97.7217016,2.1,1,1978-04-02
USGS-344856096493901,04N-04E-13 DAD 1,34.81563954,-96.8277942,2.1,1,1978-04-23
USGS-344857096555701,04N-03E-13 DAD 1,34.8159161,-96.9327965,3.3,1,1978-04-22
USGS-344905097272501,04N-02W-18 CBB 1,34.81813138,-97.4572502,4.1,1,1978-03-17
USGS-344923097300301,04N-03W-15 ABC 1,34.82313067,-97.5011399,6.1,1,1978-03-18
USGS-344930097082801,04N-02E-18 BBB 1,34.82507988,-97.1414114,4.3,1,1978-03-15
USGS-344935097052501,04N-02E-09 DDD 1,34.8264694,-97.0905774,2.2,1,1978-03-15
USGS-345025097172801,04N-01W-10 ABB 1,34.8403552,-97.291414,3.8,1,1978-03-16
USGS-345029097333501,04N-03W-06 CCD 1,34.84146288,-97.5600307,68.1,1,1978-03-28
USGS-345039099544401,04N-26W-02 CCBB 1,34.8445018,-99.9117688,1.8,1,1987-09-01
USGS-345100097271901,04N-02W-06 BCA 1,34.85007499,-97.4555838,1.5,1,1978-03-17
USGS-345103096524901,04N-04E-04 AAD 1,34.85091594,-96.8805737,0.5,1,1978-04-22
USGS-345117097243301,04N-02W-04 AAB 1,34.8547977,-97.4094719,1.2,1,1978-03-17
USGS-345117097423801,04N-05W-03 ABB 1,34.85479428,-97.7108687,0.3,1,1978-04-02
USGS-345121097122501,05N-01E-33 CDC 1,34.8559115,-97.2072461,3.1,1,1978-03-15
USGS-345121097303601,05N-03W-34 CCC 1,34.85590746,-97.5103073,6.6,1,1978-03-28
USGS-345125097393901,05N-04W-31 DCB 1,34.85701696,-97.661145,3.7,1,1978-04-02
USGS-345157097365701,05N-04W-34 BCB 1,34.86590609,-97.6161439,5.1,1,1978-03-18
USGS-345208097144801,05N-01E-31 BBB 1,34.86896616,-97.246969,6.8,1,1978-03-13
USGS-345212097010101,05N-03E-29 CCC 1,34.87008049,-97.0172434,18.8,1,1978-03-14
USGS-345228097093701,05N-01E-26 DAD 1,34.8745228,-97.1605789,1.2,1,1978-03-15
USGS-345254099370301,05N-23W-27 BDA 1,34.88172558,-99.6178709,3.8,2,1987-11-20
USGS-345259097215001,05N-02W-25 BAA 1,34.88313088,-97.3641936,13.6,1,1978-03-17
USGS-345306096585701,05N-03E-22 CCC 1,34.88508059,-96.9827985,0.9,1,1978-04-29
USGS-345312097052401,05N-02E-21 DDA 1,34.8867457,-97.0903002,0.5,1,1978-03-13
USGS-345320099543601,05N-26W-23 DDBB 1,34.8889451,-99.9103802,7.8,1,1987-11-10
USGS-345345097031001,05N-02E-24 BBC 1,34.89591269,-97.0530776,1.9,1,1978-03-13
USGS-345348097432401,05N-05W-21 AAD 1,34.8967375,-97.7236476,1.5,1,1978-03-25
USGS-345350096544701,05N-04E-19 AAA 2,34.89730339,-96.9133529,0.5,1,1978-04-29
USGS-345351096492701,05N-05E-19 BBB 1,34.89758227,-96.8244623,0.7,1,1978-04-29
USGS-345351097244401,05N-02W-21 ABA 1,34.89757429,-97.412528,7.0,1,1978-03-25
USGS-345351097401301,05N-05W-24 AAA 1,34.89757138,-97.6705904,2.6,1,1978-03-25
USGS-345355097360102,05N-04W-22 AAA 2,34.89868318,-97.6005883,74.9,1,1978-03-25
USGS-345358097303201,05N-03W-15 CCD 1,34.8995174,-97.5091966,12.7,1,1978-03-28
USGS-345358097340001,05N-04W-13 DDD 1,34.8995168,-97.5669762,3.6,1,1978-03-25
USGS-345408096531001,05N-04E-16 DBC 1,34.9023036,-96.886408,4.2,1,1978-04-29
USGS-345424097144501,05N-01E-18 BCC 1,34.90674296,-97.2461361,3.0,1,1978-03-11
USGS-345443097123101,05N-01E-16 BBA 1,34.91202114,-97.2089134,2.6,1,1978-03-11
USGS-345446097273201,05N-03W-13 AAA 1,34.912851,-97.4591957,3.2,1,1978-03-25
USGS-345448097181101,05N-01W-16 AAB 1,34.91340867,-97.3033595,7.5,1,1978-03-17
USGS-345555096462601,05N-05E-04 DAD 1,34.93258215,-96.7761287,1.3,1,1978-04-20
USGS-345555097252701,05N-02W-05 DAD 1,34.93201765,-97.424473,4.8,1,1978-03-25
USGS-345600097145401,05N-01W-01 DAA 1,34.93340888,-97.2486364,5.6,1,1978-03-13
USGS-345615097020601,05N-03E-06 BCB 1,34.93757859,-97.0353,13.5,1,1978-03-13
USGS-345622097401101,05N-04W-06 CBB 1,34.93951476,-97.6700356,0.4,1,1978-03-25
USGS-345623097372101,05N-04W-04 ABD 1,34.93979299,-97.6228118,1.0,1,1978-03-25
USGS-345630097060001,05N-02E-04 BAA 1,34.94174419,-97.100301,0.6,1,1978-03-12
USGS-345633097070501,06N-02E-32 CDC 2,34.94257724,-97.1183568,3.2,1,1978-03-11
USGS-345634096503901,06N-04E-35 DDD 1,34.9428588,-96.8444635,0.3,3,1989-07-06
USGS-345635097281601,06N-03W-36 CDC 1,34.9431278,-97.4714186,7.9,1,1978-03-17
USGS-345638097432001,06N-05W-34 CCC 1,34.94395858,-97.7225373,2.4,1,1978-03-25
USGS-345641097171801,06N-01W-34 DCA 1,34.9447969,-97.2886373,1.6,1,1978-03-17
USGS-345647096555501,06N-03E-36 DAD 1,34.94646868,-96.9322429,2.2,1,1978-04-21
USGS-345706097205201,06N-01W-31 BBB 1,34.95174038,-97.348083,12.1,1,1978-03-17
USGS-345722097335601,06N-04W-36 AAA 1,34.956182,-97.5658658,3.2,1,1978-03-25
USGS-345723097120401,06N-01E-33 ABA 2,34.95646454,-97.2014138,0.9,1,1978-03-12
USGS-345724096590301,06N-03E-33 AAA 2,34.9567455,-96.9844661,4.0,1,1978-04-29
USGS-345814096593301,06N-03E-28 BAA 1,34.97063397,-96.9927998,1.29,2,1989-07-05
USGS-345815097174901,06N-01W-27 BBA 1,34.9709072,-97.2972489,1.5699999999999998,2,1989-06-29
USGS-345817097335401,06N-04W-25 AAA 1,34.97145938,-97.5653105,2.6,1,1978-03-28
USGS-345818096463401,06N-05E-21 DDC 1,34.97258129,-96.7783518,9.5,1,1978-04-20
USGS-345841097262701,06N-02W-20 CBB 1,34.9781273,-97.4411406,16.0,1,1978-03-25
USGS-345843097092801,06N-01E-24 BCC 1,34.97868684,-97.15808,1.2,1,1978-03-11
USGS-345844097304001,06N-03W-22 CBB 1,34.97895969,-97.5114199,3.4,1,1978-03-28
USGS-345855097145301,06N-01W-24 ADA 1,34.9820187,-97.2483592,3.5,1,1978-03-12
USGS-345903097114201,06N-01E-21 AAA 1,34.98424169,-97.1953029,4.5,1,1978-03-12
USGS-345904096590501,06N-03E-21 AAA 1,34.9845226,-96.985022,5.2,1,1978-04-29
USGS-345908096593101,06N-03E-21 ABB 1,34.9856336,-96.9922444,0.14500000000000002,2,1988-06-09
USGS-345910097043001,06N-02E-15 DDC 2,34.9861879,-97.0753012,1.6,1,1978-03-12
USGS-345910097200801,06N-01W-18 DDD 1,34.98618407,-97.3358609,0.3,1,1978-03-25
USGS-345911096533301,06N-04E-16 CCD 1,34.9864683,-96.8927984,56.8,1,1978-04-21
USGS-345911096560301,06N-03E-13 DDC 1,34.9861861,-96.9327944,7.1,1,1978-04-20
USGS-345911097175901,06N-01W-15 CCC 1,34.9864111,-97.2999278,1.3,1,1978-03-25
USGS-345913097241301,06N-02W-15 CCD 1,34.98701645,-97.4039178,5.8,1,1978-03-17
USGS-345914097370101,06N-04W-15 CCC 1,34.9872918,-97.6172568,0.7,1,1978-03-28
USGS-345917096493501,06N-04E-13 DDA 1,34.98813585,-96.8266862,22.2,1,1978-04-20
USGS-345920097011001,06N-03E-18 DDA 2,34.98902479,-97.0199143,0.6,1,1978-03-12
USGS-345928097432501,06N-05W-16 DAD 1,34.9911796,-97.723927,0.5,1,1978-03-25
USGS-345959097200301,06N-01W-17 BBB 1,34.99979484,-97.3344721,0.745,2,1989-06-08
USGS-350001097130101,06N-01E-17 ABA 1,35.00035204,-97.2172478,0.315,2,1988-07-05
USGS-350003097003301,06N-03E-08 DCC 1,35.00091077,-97.009467,60.5,4,1990-02-05
USGS-350003097090101,06N-01E-12 DCC 1,35.0009086,-97.1505802,0.04,1,1988-07-05
USGS-350048096531701,06N-04E-09 BAA 1,35.01341216,-96.8883541,0.3,1,1978-01-03
USGS-350049096500901,06N-04E-12 BAA 1,35.01369066,-96.836131,39.9,1,1978-01-04
USGS-350055097115101,06N-01E-04 DDC 1,35.015352,-97.1978032,2.1,1,1978-01-04
USGS-350055097125402,06N-01E-05 DDC 1,35.01535176,-97.2153035,5.1499999999999995,2,1988-04-20
USGS-350101097125401,06N-01E-05 DDB 1,35.01701839,-97.2153035,6.1000000000000005,2,1988-04-20
USGS-350121097303602,06N-03W-03 CBB 2,35.0225698,-97.5103094,0.5,1,1978-01-07
USGS-350125097435401,06N-05W-04 ACC 1,35.02367886,-97.7319833,0.8,1,1978-01-09
USGS-350140096592801,06N-03E-04 ABB 1,35.02880556,-96.9892722,4.2,1,1978-01-03
USGS-350142097015201,06N-03E-06 BAB 1,35.02840977,-97.0314119,12.3,1,1977-12-23
USGS-350146096460601,07N-05E-34 CDC 1,35.0295245,-96.7686301,0.2,1,1978-01-04
USGS-350147096553901,07N-04E-31 CCD 1,35.02980008,-96.9277992,2.3,1,1978-01-03
USGS-350147097052401,07N-02E-33 DDD 1,35.02954167,-97.0893694,4.1,1,1977-12-23
USGS-350147097272601,06N-02W-06 BBB 1,35.02979256,-97.4575305,4.3,1,1977-12-30
USGS-350148097365001,07N-04W-34 CCD 1,35.0300687,-97.6142018,2.6,1,1978-01-07
USGS-350153097175901,07N-01W-34 CCB 1,35.03146134,-97.3000274,8.8,1,1977-12-31
USGS-350153097255101,07N-02W-32 DCC 1,35.03145955,-97.4311412,28.6,1,1977-12-30
USGS-350153097335401,07N-04W-36 DDD 1,35.031458,-97.5653113,1.2,1,1978-01-07
USGS-350153097402201,07N-05W-36 DDC 1,35.031457,-97.6730926,0.7,1,1978-01-09
USGS-350203097072201,07N-02E-32 CBC 1,35.0342416,-97.12308,0.32,2,1988-06-08
USGS-350240097064101,07N-02E-29 DCD 1,35.0445193,-97.111691,2.16,2,1988-06-08
USGS-350243097200901,07N-01W-30 DDD 1,35.04534946,-97.3361394,3.35,2,1989-06-29
USGS-350404097401401,07N-05W-24 ADD 1,35.06645639,-97.6708708,0.8,1,1978-01-09
USGS-350409097052301,07N-02E-21 ADA 1,35.06924129,-97.090024,0.6,1,1977-12-23
USGS-350417096530101,07N-04E-21 ABA 1,35.07115556,-96.8847333,2.2,1,1978-01-03
USGS-350417096553901,07N-04E-19 BBA 1,35.07146568,-96.9277993,1.2,1,1978-01-03
USGS-350418097265401,07N-02W-19 ABB 2,35.07173629,-97.4486421,3.6,1,1977-12-31
USGS-350423096592801,07N-03E-16 DCC 1,35.07313146,-96.9914113,5.0,1,1978-01-08
USGS-350423097024601,07N-02E-13 CDD 1,35.07304444,-97.0454417,3.9,1,1977-12-23
USGS-350427096493601,07N-04E-13 DDA 1,35.0742447,-96.8269645,0.6,1,1978-01-04
USGS-350427097335301,07N-04W-13 DDD 1,35.07423497,-97.5650342,3.9,1,1978-01-07
USGS-350428097370201,07N-04W-15 CCC 1,35.07451227,-97.6175359,0.9,1,1978-01-07
USGS-350430097175501,07N-01W-15 CCC 1,35.07319167,-97.2997444,26.5,1,1978-01-03
USGS-350430097241501,07N-02W-15 CCC 1,35.07507016,-97.4044746,8.8,1,1977-12-30
USGS-350433097432201,07N-05W-15 CCB 1,35.07590019,-97.7230947,1.8,1,1978-01-09
USGS-350435096590701,07N-03E-16 DDA 1,35.07646479,-96.9855779,61.9,1,1978-01-03
USGS-350503097210501,07N-01W-18 BCB 1,35.08423736,-97.3516958,2.0,1,1978-01-03
USGS-350514097232301,07N-02W-15 AAA 1,35.08729234,-97.39003,0.29000000000000004,2,1989-06-12
USGS-350516097202601,07N-01W-07 DCD 1,35.08784855,-97.3408623,0.6499999999999999,2,1989-06-08
USGS-350517097303301,07N-03W-10 CCD 2,35.08812408,-97.5094771,5.5,1,1978-01-08
USGS-350603096550801,07N-04E-07 ABA 1,35.10090949,-96.9191881,6.8500000000000005,2,1988-06-14
USGS-350610096555001,07N-04E-06 CCC 1,35.1028537,-96.930855,3.13,2,1988-06-13
USGS-350621097004701,07N-03E-05 CAC 1,35.1065472,-97.0138667,0.4,1,1977-12-30
USGS-350627097050002,07N-02E-03 CAB 2,35.1075738,-97.0836352,0.3,1,1977-12-30
USGS-350629096565401,07N-03E-01 CBB 1,35.10813114,-96.948633,5.6,2,1989-06-28
USGS-350632097272701,07N-02W-06 CBB 1,35.10895765,-97.4578096,5.7,1,1977-12-31
USGS-350640096523701,07N-04E-03 BCB 1,35.11236389,-96.878825,50.3,1,1978-01-03
USGS-350652097235601,07N-02W-03 ABC 1,35.11451389,-97.3991973,4.0,1,1977-12-31
USGS-350653096494301,07N-04E-01 AAB 1,35.11479918,-96.8289091,48.2,1,1978-01-04
USGS-350653096553901,07N-04E-06 BBA 1,35.1147979,-96.9277994,1.2,1,1978-01-03
USGS-350654097364001,07N-04W-03 BAC 1,35.1150671,-97.6114251,1.6,1,1978-01-08
USGS-350657096583501,07N-03E-03 BAA 1,35.11590836,-96.9766889,11.7,1,1978-01-03
USGS-350659097125301,07N-01E-05 AAB 1,35.11646077,-97.2150266,0.7,1,1978-01-03
USGS-350701097141801,08N-01E-31 CDD 1,35.11715,-97.2390639,0.5,1,1978-01-04
USGS-350701097200201,07N-01W-05 BBB 1,35.11633889,-97.3353778,1.7,1,1978-12-03
USGS-350701097400601,07N-04W-06 BBB 1,35.11645545,-97.6703158,2.7,1,1978-01-09
USGS-350703097425002,08N-05W-34 DCC 2,35.11756616,-97.714206,1.9,1,1978-01-09
USGS-350707097175501,08N-01W-34 CCC 1,35.1186818,-97.2989173,0.9,1,1978-01-03
USGS-350710096463201,08N-05E-33 DAD 1,35.11952196,-96.7758528,1.1,1,1978-01-04
USGS-350727097335401,08N-04W-36 DAA 1,35.12423399,-97.5653128,2.9,1,1978-01-08
USGS-350756097232001,08N-02W-27 DDD 1,35.13229145,-97.3891973,12.799999999999999,2,1988-04-21
USGS-350824096473001,08N-05E-29 ADA 1,35.14007676,-96.7919643,0.7,1,1978-01-04
USGS-350843096555801,08N-03E-24 DDD 1,35.1453526,-96.9330773,6.4,1,1978-01-03
USGS-350844097014601,08N-03E-19 CDD 1,35.1453472,-97.0299333,0.3,1,1977-12-17
USGS-350845097214501,08N-02W-25 BAA 1,35.14590265,-97.362808,7.65,2,1988-04-27
USGS-350851097103901,08N-01E-22 DDA 1,35.1475717,-97.1778039,0.33999999999999997,2,1989-06-28
USGS-350853096590301,08N-03E-22 CCB 1,35.14812968,-96.9844669,24.1,1,1978-01-03
USGS-350910097340701,08N-04W-24 DBA 1,35.1528445,-97.5689244,5.7,1,1977-12-16
USGS-350911097132201,08N-01E-20 BDD 1,35.15312658,-97.2230827,6.4,1,1977-12-11
USGS-350931097365601,08N-04W-22 BBC 1,35.15867734,-97.6158703,1.3,1,1977-12-16
USGS-350944097092901,08N-01E-13 CCB 1,35.16229385,-97.1583592,0.8,1,1977-12-10
USGS-350944097304402,08N-03W-16 DDD 2,35.16228926,-97.512534,14.4,1,1977-12-16
USGS-350946097242001,08N-02W-15 CCB 1,35.16284617,-97.4058648,10.7,1,1978-02-25
USGS-350949097165401,08N-01W-14 CCB 1,35.16368115,-97.281973,0.6,1,1977-12-03
USGS-350957097402201,08N-05W-13 DAC 1,35.16589894,-97.6730943,5.6,1,1978-01-08
USGS-350959097011301,08N-03E-18 DAA 1,35.1664621,-97.0205786,3.15,2,1989-06-26
USGS-351010096524201,08N-04E-15 BCB 1,35.16929167,-96.8785889,29.3,1,1978-01-03
USGS-351012097200801,08N-01W-18 ADD 1,35.1686722,-97.3358556,3.8,1,1977-12-03
USGS-351027097131401,08N-01E-08 DCC 1,35.17423728,-97.2208606,0.315,2,1988-06-22
USGS-351106097155201,08N-01W-12 BCB 1,35.18506984,-97.2647506,5.95,2,1987-10-02
USGS-351106097155202,08N-01W-12 BCB 2,35.18506984,-97.2647506,3.1999999999999997,2,1987-09-11
USGS-351118097114901,08N-01E-09 AAB 1,35.1884039,-97.1972491,0.05,1,1988-07-11
USGS-351129097151701,08N-01W-01 DCC 1,35.18951434,-97.2544726,0.2,1,1977-12-03
USGS-351140097081402,08N-02E-06 CAB 2,35.1945156,-97.1375257,11.7,1,1977-12-11
USGS-351142096580101,08N-03E-03 DAA 1        NOTS 5,35.19507316,-96.9672445,17.5,10,1988-07-06
USGS-351146097100602,08N-01E-02 BCC 2,35.19618188,-97.1686375,16.8,1,1977-12-11
USGS-351153097324801,08N-03W-06 ADD 1,35.1981216,-97.54698,3.1,1,1977-12-16
USGS-351200097021202,08N-02E-01 AAD 2,35.2000722,-97.036968,1.9,1,1977-12-11
USGS-351203096562801,08N-03E-01 BAD 2,35.20090665,-96.9414109,26.0,1,1978-01-03
USGS-351207097141702,08N-01E-06 ABB 2,35.20201428,-97.2383612,13.7,1,1977-12-11
USGS-351207097431601,08N-05W-03 BBB 1,35.20200896,-97.7214295,2.2,1,1978-01-08
USGS-351209096533201,08N-04E-04 BBA 1,35.2024861,-96.8922639,9.8,1,1978-01-03
USGS-351209097071701,08N-02E-05 BBA 1,35.20257117,-97.121692,2.8499999999999996,2,1989-06-26
USGS-351212097045601,09N-02E-34 CDC 1,35.2034049,-97.0825245,2.225,2,1987-09-03
USGS-351214096492402,09N-05E-31 CCC 2,35.20396355,-96.8236316,2.8,1,1978-01-03
USGS-351216097201201,08N-01W-06 AAA 1,35.20320556,-97.3374528,0.6,1,1977-12-03
USGS-351216097240801,09N-02W-34 CCD 3,35.20451206,-97.402532,29.8,1,1978-02-25
USGS-351219097262301,09N-02W-32 CCC 1,35.20534487,-97.4400329,33.949999999999996,2,1988-04-25
USGS-351222097370401,08N-04W-04 AAA 1,35.2061764,-97.6180933,5.8,1,1977-12-16
USGS-351230097401002,09N-04W-31 CBC 2,35.20839816,-97.6697614,1.2,1,1978-01-09
USGS-351236097262801,09N-02W-31 DAA 1,35.21006698,-97.4414219,18.450000000000003,2,1988-04-25
USGS-351241097255401,09N-02W-32 ACC 2,35.21145597,-97.4319773,12.2,1,1977-10-14
USGS-351244097303601,09N-03W-34 BCC 1,35.21228829,-97.5103126,1.185,2,1989-06-12
USGS-351255096583701,09N-03E-34 BAC 1,35.21506667,-96.9773417,13.2,1,1978-01-03
USGS-351256096451401,09N-05E-34 AAD 2,35.2156307,-96.7541863,3.4,1,1978-01-04
USGS-351308097301601,09N-03W-27 CDD 1,35.21895487,-97.504757,1.4,1,1977-12-16
USGS-351314097254701,09N-02W-29 DCA 1,35.22062248,-97.4300329,32.25,2,1987-07-31
USGS-351315097254201,09N-02W-29 DCA 6        NOTS 7A,35.22090027,-97.428644,5.0,14,1989-09-20
USGS-351315097254301,09N-02W-29 DCA 5        NOTS 7,35.22090027,-97.4289218,9.05,2,1989-02-17
USGS-351409097231801,09N-02W-22 DDA 1,35.2359005,-97.3886432,4.95,2,1987-07-29
USGS-351411096590001,09N-03E-21 DAD 1,35.2364608,-96.9836337,1.76,2,1988-06-14
USGS-351414097293901,09N-03W-23 CBC 1,35.23728796,-97.4944793,53.15,2,1987-08-03
USGS-351415097144701,09N-01E-19 CBC 1,35.237569,-97.2466951,3.3,1,1977-12-19
USGS-351426096555101,09N-03E-24 ADD 1,35.2406333,-96.9315389,2.5,1,1978-01-03
USGS-351433097004401,09N-03E-20 BDB 1,35.24257144,-97.012523,5.05,2,1988-06-14
USGS-351438097315101,09N-03W-20 AAD 1,35.24395416,-97.531147,48.8,1,1977-12-16
USGS-351439097401601,09N-05W-24 AAD 1,35.2442308,-97.6714286,0.3,1,1978-01-09
USGS-351444096593102,09N-03E-21 BAA 2,35.24562715,-96.9922449,1.0,1,1978-01-03
USGS-351444097194401,09N-01W-20 BAB 1,35.2456233,-97.3291973,0.4,1,1977-12-03
USGS-351447097082601,09N-02E-19 BBB 1,35.2456722,-97.1405083,2.8,1,1977-12-11
USGS-351447097372302,09N-04W-21 ABA 2,35.24645337,-97.6233718,7.8,1,1977-12-07
USGS-351447097434001,09N-05W-21 AAB 1,35.2464525,-97.7280968,3.2,1,1978-01-09
USGS-351449097345701,09N-04W-23 AAA 1,35.24700924,-97.5828152,21.4,1,1977-12-07
USGS-351450097020502,09N-03E-18 CCC 2,35.2472933,-97.0350236,6.0,1,1977-12-11
USGS-351452096523202,09N-04E-15 CCC 2,35.24785066,-96.8758546,4.4,1,1978-01-03
USGS-351452097240201,09N-02W-15 CDC 1,35.24832778,-97.4010944,8.8,1,1978-02-25
USGS-351454096493201,09N-04E-13 DDD 2,35.24840678,-96.825854,0.8,1,1978-01-04
USGS-351455096563801,09N-03E-13 CCA 1,35.24868318,-96.9441888,6.0,4,1988-04-28
USGS-351455097274701,09N-03W-13 DDC 2,35.248677,-97.4633676,11.4,1,1978-01-29
USGS-351501097325301,09N-03W-18 DDA 1,35.25034279,-97.5483698,0.39,1,1989-06-09
USGS-351611097042001,09N-02E-10 ADD 1,35.2697924,-97.0725248,0.525,2,1987-09-08
USGS-351613097183501,09N-01W-09 BDD 1,35.2703452,-97.3100305,0.305,2,1989-06-23
USGS-351617097072801,09N-02E-07 ADA 1,35.27145846,-97.1247482,1.65,2,1988-06-07
USGS-351624097082401,09N-02E-07 BBB 1,35.2734027,-97.1403042,0.6,2,1988-06-07
USGS-351632097090901,09N-01E-01 CDD 1,35.2756247,-97.1528045,1.29,2,1989-06-23
USGS-351638097175301,09N-01W-03 CCC 1,35.27728966,-97.2983636,0.07,1,1988-06-23
USGS-351648097285101,09N-03W-11 AAC 1,35.27423177,-97.4811462,6.45,2,1987-07-31
USGS-351651097185901,09N-01W-04 CBC 1,35.28090044,-97.3166975,0.07,1,1988-07-11
USGS-351658097211701,09N-02W-01 DAA 1,35.28284434,-97.3550319,0.5,1,1978-01-15
USGS-351717097242001,09N-02W-03 BBC 1,35.28856944,-97.4054306,1.5,1,1978-01-29
USGS-351721096554701,09N-04E-06 BBB 1,35.28923805,-96.9300223,18.6,1,1978-01-03
USGS-351722097432701,09N-05W-04 AAA 1,35.28950678,-97.724486,2.8,1,1978-01-06
USGS-351723097093501,10N-01E-35 DDD 2,35.28979099,-97.160027,1.7,1,1978-01-14
USGS-351723097400002,09N-04W-06 BBA 2,35.2897851,-97.6669845,12.7,1,1978-01-06
USGS-351724097154301,09N-01W-01 BBA 1,35.2900333,-97.2623222,2.7,1,1978-01-15
USGS-351724097180202,09N-01W-04 AAA 2,35.2900671,-97.3008639,0.2,1,1978-01-15
USGS-351724097273001,09N-02W-06 BBB 1,35.2902833,-97.4588667,9.2,1,1978-01-29
USGS-351727096530601,10N-04E-33 DCC 1,35.2909052,-96.8852995,12.1,1,1978-01-04
USGS-351727097020102,10N-03E-31 CCC 2,35.29090348,-97.033913,97.6,1,1977-12-17
USGS-351728097323401,10N-03W-32 CCD 1,35.29117516,-97.5430925,3.8,1,1978-01-29
USGS-351729097221301,10N-02W-36 CCC 1,35.29145504,-97.3705879,1.76,2,1987-10-15
USGS-351729097221302,10N-02W-36 CCC 2,35.29145504,-97.3705879,5.8999999999999995,2,1987-10-22
USGS-351740096494001,10N-04E-36 DAC 1,35.2945169,-96.8280764,0.3,1,1978-01-03
USGS-351740097304501,10N-03W-33 DAD 1,35.2945087,-97.512814,22.4,1,1978-01-29
USGS-351750096585501,10N-03E-34 CBB 1,35.2972928,-96.9822454,4.6,1,1978-01-03
USGS-351753096523801,10N-04E-33 ADD 1,35.29595278,-96.8783194,5.2,1,1978-01-04
USGS-351817097155201,10N-01W-36 BBB 1,35.3047894,-97.264752,0.305,2,1987-10-07
USGS-351823097215701,10N-02W-25 CDC 1,35.30645475,-97.3661436,0.48000000000000004,2,1988-07-12
USGS-351832097345101,10N-04W-25 CBC 1,35.3089521,-97.5811492,0.135,2,1989-06-06
USGS-351905097211301,10N-02W-25 AAA 1,35.3181213,-97.3539212,0.4,1,1978-01-14
USGS-351907097333001,10N-03W-30 BAB 1,35.3186743,-97.5586488,5.1,2,1989-06-09
USGS-351912097193601,10N-01W-20 CDD 1,35.32006604,-97.326976,0.335,2,1988-06-01
USGS-351923097144901,10N-01E-19 CBC 2,35.32312255,-97.2472517,2.5,1,1978-01-14
USGS-351926097293001,10N-03W-22 DAD 1,35.32395269,-97.4947584,11.5,2,1987-08-04
USGS-351951096583401,10N-03E-22 BAD 1,35.33090328,-96.9764124,2.7,1,1978-01-03
USGS-351955096582501,10N-03E-22 ABB 1,35.3320144,-96.9739124,0.45,1,1989-06-21
USGS-351957096471901,10N-05E-21 BBB 1,35.33257217,-96.7889092,8.4,1,1978-01-03
USGS-351959096523901,10N-04E-16 DDD 1,35.33311667,-96.8781139,8.1,1,1978-01-03
USGS-351959097272001,10N-02W-19 BBA 1,35.33311964,-97.4558686,32.4,1,1978-01-29
USGS-352000097020902,10N-02E-24 AAA 2,35.3334025,-97.0361359,16.9,1,1977-12-17
USGS-352000097304502,10N-03W-21 AAA 2,35.3333967,-97.5128145,19.1,1,1978-01-29
USGS-352002097244301,10N-02W-21 ABA 1,35.3339535,-97.4122563,2.5,1,1978-01-29
USGS-352004097090201,10N-01E-13 CDD 1,35.33451228,-97.1508608,0.2,1,1978-01-14
USGS-352007097331801,10N-03W-18 DCC 1,35.3353406,-97.5553156,6.5,1,1978-01-29
USGS-352026097180201,10N-01W-16 DAD 1,35.34062144,-97.3008645,0.4,1,1978-01-14
USGS-352043097282001,10N-03W-13 BBD 1,35.34534137,-97.4725359,14.85,2,1988-04-19
USGS-352053097400502,10N-04W-18 BBA 2,35.3481167,-97.668374,4.4,1,1978-01-08
USGS-352107097432901,10N-05W-09 DAD 1,35.35200478,-97.725042,0.5,1,1978-01-08
USGS-352123097282301,10N-03W-12 BCD 1,35.3564522,-97.4733694,4.05,2,1988-04-19
USGS-352142097103501,10N-01E-11 BBB 1        NOTS 4,35.36173356,-97.176695,0.75,10,1988-06-23
USGS-352145097345901,10N-04W-11 AAA 1,35.3625618,-97.5833722,6.449999999999999,2,1987-08-06
USGS-352145097360701,10N-04W-10 AAA 1,35.3624111,-97.6023667,30.1,1,1977-10-28
USGS-352153096492901,10N-04E-01 DDA 2,35.3647933,-96.825021,1.1,1,1977-11-27
USGS-352226097435001,10N-05W-04 ABD 2,35.37394845,-97.7308757,1.2,1,1977-10-21
USGS-352229097052001,10N-02E-03 BBC 2,35.37478987,-97.0891932,0.4,1,1977-11-26
USGS-352235097082401,10N-02E-06 BBB 1,35.37645588,-97.1403055,1.0,1,1977-11-10
USGS-352235097275001,10N-03W-01 ABA 2,35.37645187,-97.4642028,1.1,1,1977-12-03
USGS-352235097404301,10N-05W-01 ABB 1,35.37644906,-97.6789301,0.5,1,1977-10-21
USGS-352236096551001,11N-04E-31 DCC 1,35.37673634,-96.9197452,1.5150000000000001,2,1987-08-27
USGS-352237097181901,10N-01W-04 ABA 1,35.3770094,-97.3055873,0.2,1,1977-11-10
USGS-352237097204501,10N-01W-06 BAA 1,35.37700889,-97.346144,0.3,1,1977-11-10
USGS-352239096450201,11N-05E-35 CDD 1,35.3775717,-96.7508529,0.4,1,1977-11-27
USGS-352239097245301,11N-02W-33 CDD 1,35.37756357,-97.4150348,0.8,1,1977-11-11
USGS-352242097080101,11N-02E-31 CDD 1,35.37840036,-97.1339165,0.5,1,1977-11-10
USGS-352300097311401,11N-03W-33 DBB 2,35.3833954,-97.520871,4.1,1,1977-10-15
USGS-352304096551401,11N-04E-31 ACC 1,35.38451394,-96.9208564,1.8,1,1977-01-04
USGS-352310097381001,11N-04W-32 ADD 1,35.38617157,-97.6364292,27.2,1,1977-11-11
USGS-352326097044801,11N-02E-34 ABB 1,35.39062296,-97.0803043,0.645,2,1988-06-02
USGS-352327097040101,11N-02E-35 BAB 1,35.3906231,-97.0672485,0.425,2,1988-06-02
USGS-352331097384901,11N-04W-29 CDC 1,35.39200459,-97.6472629,4.4,2,1989-06-30
USGS-352351096544001,11N-04E-29 CBB 1,35.39756934,-96.9114119,20.3,2,1988-07-14
USGS-352410097031401,11N-02E-25 BBC 1,35.4028452,-97.0541928,1.055,2,1989-06-20
USGS-352415097381301,11N-04W-29 AAA 1,35.4042266,-97.6372628,2.625,2,1989-07-20
USGS-352418096530101,11N-04E-28 ABB 1,35.4050695,-96.8839113,3.185,2,1989-07-25
USGS-352433097262401,11N-02W-20 CCB 1,35.40922919,-97.4403137,0.435,2,1988-11-18
USGS-352434097261102,11N-02W-20 CDB 2,35.409507,-97.4367025,0.6,1,1977-10-15
USGS-352448096502901,11N-04E-24 BCC 1,35.4134032,-96.8416882,10.9,1,1977-11-26
USGS-352457097020601,11N-03E-19 BCB 1,35.41590074,-97.0353037,11.7,1,1977-11-26
USGS-352501096554901,11N-03E-24 AAD 2,35.41701314,-96.9305791,7.9,1,1977-11-27
USGS-352505097241301,11N-02W-22 BBC 1,35.4181183,-97.4039239,1.1,1,1977-11-04
USGS-352509097310101,11N-03W-21 ABA 1,35.41922797,-97.5172603,1.98,2,1988-11-09
USGS-352513097114201,11N-01E-21 AAA 1,35.41962778,-97.19525,0.5,1,1977-11-10
USGS-352513097181301,11N-01W-21 AAB 1,35.4203417,-97.3039212,0.2,1,1977-11-11
USGS-352513097395101,11N-04W-19 BAA 1,35.42033685,-97.6644858,43.7,1,1977-10-21
USGS-352515097370801,11N-04W-16 DDD 1,35.42089307,-97.619207,13.75,2,1988-04-11
USGS-352518097082801,11N-02E-18 CCC 1,35.4217326,-97.1414173,0.3,1,1977-11-10
USGS-352518097270601,11N-02W-18 CDD 1,35.42172876,-97.4519808,0.955,2,1987-08-10
USGS-352519097222501,11N-02W-14 DDC 1,35.42200749,-97.3739231,9.85,2,1988-04-26
USGS-352520096591501,11N-03E-16 DCD 1,35.42229009,-96.9878027,2.6,1,1977-11-27
USGS-352520097280601,11N-03W-13 CDD 1,35.4222841,-97.468648,7.3,2,1988-11-10
USGS-352520097430401,11N-05W-15 CDA 1,35.42283596,-97.7178203,4.7,1,1977-10-21
USGS-352527096523401,11N-04E-15 CCB 1,35.42357778,-96.8764583,1.1,1,1978-01-04
USGS-352527097380501,11N-04W-16 CCB 1,35.42422607,-97.6350407,4.75,2,1987-09-01
USGS-352531097262101,11N-02W-17 CBC 1,35.42533994,-97.4394805,1.015,4,1990-09-05
USGS-352535097303301,11N-03W-15 CBA 1,35.42645014,-97.5094824,1.29,2,1988-11-30
USGS-352541097330301,11N-03W-18 ADC 1,35.4281161,-97.55115,9.1,2,1988-11-14
USGS-352543096585601,11N-03E-15 BCC 1,35.4286789,-96.9825249,0.205,2,1988-06-15
USGS-352543097145101,11N-01W-13 ADD 1,35.42867554,-97.2478086,0.2,1,1977-11-10
USGS-352550097055401,11N-02E-16 BDA 1,35.4306218,-97.0986386,3.9,4,1988-04-18
USGS-352551097354801,11N-04W-14 BCA 1,35.4308931,-97.5969844,1.6,1,1977-10-15
USGS-352605097354801,11N-04W-14 BBA 1,35.4347819,-97.5969845,4.45,2,1988-11-15
USGS-352605097375701,11N-04W-16 BAA 1,35.43450367,-97.6275407,29.15,2,1987-08-06
USGS-352622097103401,11N-01E-11 CBC 1,35.4395095,-97.1764183,0.04,1,1988-07-08
USGS-352631097313101,11N-03W-09 CBA 1,35.44200508,-97.5255941,1.95,2,1988-11-14
USGS-352639097083401,11N-01E-12 ADA 1,35.44423207,-97.1430843,0.12000000000000001,2,1988-06-22
USGS-352646097225501,11N-02W-11 BBC 3,35.44617349,-97.382257,0.6,1,1977-10-26
USGS-352652097050501,11N-02E-10 BBA 1,35.44784384,-97.0850275,0.335,2,1989-06-19
USGS-352658097433401,11N-05W-09 AAA 1,35.44950165,-97.7264318,5.1,1,1977-10-21
USGS-352700097335401,11N-03W-06 CCC 2,35.4500598,-97.5653173,9.8,1,1977-10-15
USGS-352705097175401,11N-01W-03 CDD 1,35.45172999,-97.2930879,0.05,1,1988-05-16
USGS-352718096492401,11N-05E-06 CBC 1,35.45395818,-96.8233546,0.8,1,1977-11-26
USGS-352724097370701,11N-04W-04 DAA 1,35.45644764,-97.6194852,0.4,1,1977-12-03
USGS-352727096585501,11N-03E-03 BCC 1,35.45756719,-96.9822475,10.1,1,1978-01-04
USGS-352735097252701,11N-02W-05 ADD 1,35.45978377,-97.4244806,1.1,1,1977-10-15
USGS-352738097191001,11N-01W-05 AAD 1,35.46061834,-97.3197555,0.03,1,1987-09-17
USGS-352740097275301,11N-03W-01 ABD 1,35.46117214,-97.4650373,0.625,2,1988-11-16
USGS-352743097021102,11N-02E-01 AAA 2,35.4620108,-97.0366932,35.8,1,1977-11-26
USGS-352748097180502,11N-01W-04 AAA 2,35.46339627,-97.3016994,0.3,1,1977-11-11
USGS-352748097315201,11N-03W-05 AAA 2,35.46339337,-97.5314279,1.6,1,1977-12-03
USGS-352749097142701,11N-01E-06 BAB 1,35.46367478,-97.2411423,0.3,1,1977-11-10
USGS-352749097192301,11N-01W-05 ABA 1,35.46367378,-97.3233667,0.65,4,1988-04-26
USGS-352749097314101,11N-03W-04 BBB 1,35.46367119,-97.5283723,0.53,2,1988-11-10
USGS-352750096454501,11N-05E-03 BAA 1,35.46284766,-96.7627976,6.8,1,1977-11-26
USGS-352750097263601,11N-02W-06 AAA 1,35.4639501,-97.4436479,0.875,2,1988-11-18
USGS-352753096523401,12N-04E-34 CCC 1,35.4647906,-96.8764116,16.6,1,1978-01-04
USGS-352753097113001,12N-01E-34 CCD 2,35.4647865,-97.1919745,0.4,1,1977-11-10
USGS-352753097391801,12N-04W-31 DDD 3,35.4652611,-97.6562111,41.2,1,1977-10-21
USGS-352755097210901,12N-01W-31 CCC 1,35.46481667,-97.3525444,0.3,1,1977-11-11
USGS-352755097332002,12N-03W-31 DCC 1,35.46533735,-97.5558729,3.51,2,1988-11-09
USGS-352757097200801,12N-01W-31 DDA 1,35.4658958,-97.3358671,0.05,1,1988-06-30
USGS-352805097290101,12N-03W-35 DBC 1,35.4681162,-97.4839268,2.74,2,1989-07-28
USGS-352807096554501,12N-04E-31 CBC 1,35.46867874,-96.9294685,6.1,1,1977-11-27
USGS-352810097092901,12N-01E-36 CBB 1,35.46950906,-97.1583627,0.625,2,1989-06-21
USGS-352816096554701,12N-03E-36 ADD 1,35.47117868,-96.930024,4.85,2,1988-07-14
USGS-352830097100301,12N-01E-35 ABC 1,35.47506436,-97.1678074,3.825,2,1987-08-24
USGS-352844097254001,12N-02W-29 DDC 1,35.47894995,-97.4280921,1.89,2,1989-06-13
USGS-352845097390101,12N-04W-29 CCD 1,35.47922424,-97.6505972,0.245,2,1989-06-05
USGS-352848097223501,12N-02W-26 DCC 1,35.48006165,-97.3767018,0.5,1,1977-10-26
USGS-352851097093801,12N-01E-26 DAC 1,35.48284204,-97.1616963,5.699999999999999,2,1988-04-18
USGS-352854097072301,12N-02E-29 CBC 1,35.48173147,-97.123362,0.645,2,1989-06-19
USGS-352859097363501,12N-04W-27 DBC 1,35.4831137,-97.6100409,0.49,2,1988-11-22
USGS-352904097334201,12N-03W-30 CBA 1,35.4845034,-97.5619843,4.0,2,1988-11-07
USGS-352905097310201,12N-03W-28 DBA 1,35.48478199,-97.517539,1.3900000000000001,2,1988-11-15
USGS-352910097272501,12N-02W-30 BCC 1,35.48617166,-97.4572597,1.99,2,1988-11-04
USGS-352927097335801,12N-04W-25 AAD 1,35.49089208,-97.566429,4.3,2,1988-11-07
USGS-352928097264701,12N-02W-30 ABD 1,35.49117167,-97.4467039,1.5,1,1977-10-15
USGS-352941097193501,12N-01W-20 DCC 1,35.4947841,-97.3267006,0.39,1,1989-06-13
USGS-352959096523701,12N-04E-21 AAD 2,35.49978988,-96.8772451,1.4,1,1978-01-04
USGS-353008097310701,12N-03W-21 ACC 1,35.5022815,-97.5189282,0.885,2,1988-12-02
USGS-353010097242901,12N-02W-22 BCB 1,35.50283849,-97.4083696,0.9,1,1977-10-21
USGS-353010097324601,12N-03W-20 BCB 1,35.50283656,-97.5464287,3.1,2,1988-11-04
USGS-353011097340901,12N-04W-24 ADB 1,35.5031139,-97.5694847,29.5,4,1990-09-05
USGS-353013097373301,12N-04W-21 ACB 1,35.5036684,-97.6261525,14.0,2,1987-08-05
USGS-353019096585001,12N-03E-22 BBB 1,35.50534398,-96.9808591,14.9,1,1978-01-04
USGS-353022096462601,12N-05E-21 AAB 1,35.50618,-96.7741868,0.3,1,1978-01-05
USGS-353023097015401,12N-03E-19 BBA 1,35.50645438,-97.0319715,2.0,1,1977-11-26
USGS-353023097082301,12N-02E-19 BBB 1,35.50645289,-97.1400294,0.4,1,1977-11-19
USGS-353024097272501,12N-02W-19 BBB 1,35.50672666,-97.45726,1.205,2,1988-11-08
USGS-353025097165901,12N-01W-22 AAA 1,35.5070065,-97.2833662,0.42000000000000004,2,1989-06-15
USGS-353026097274801,12N-03W-24 AAB 1,35.5072821,-97.463649,1.83,2,1988-11-08
USGS-353027097114101,12N-01E-21 AAA 2,35.5067299,-97.1953084,5.1,1,1977-11-19
USGS-353027097143501,12N-01E-19 BBA 2,35.50738889,-97.2432722,4.6,1,1977-11-19
USGS-353027097273001,12N-02W-19 BBB 2,35.50728056,-97.4581611,3.1,1,1977-10-21
USGS-353030096554901,12N-03E-13 DDD 1,35.5077833,-96.9299111,17.7,1,1978-01-04
USGS-353032097175602,12N-01W-15 CCC 2,35.5089507,-97.2992,0.3,1,1977-11-15
USGS-353035096492801,12N-04E-13 DDD 1,35.5097904,-96.8247438,6.9,1,1978-01-04
USGS-353040097000901,12N-03E-17 DAC 1,35.5111769,-97.0028042,0.525,2,1987-09-15
USGS-353041097384301,12N-04W-17 CDA 1,35.51144556,-97.646153,0.76,2,1989-06-06
USGS-353042097313801,12N-03W-16 CBD 1,35.51172547,-97.5275395,35.15,4,1990-09-05
USGS-353046097432401,12N-05W-15 CBC 1,35.512833,-97.7236546,12.1,1,1977-10-22
USGS-353051097322001,12N-03W-17 CAA 1,35.51422517,-97.5392065,17.65,4,1990-09-05
USGS-353055097352201,12N-04W-14 ACD 1,35.51533534,-97.589763,0.08,1,1988-11-23
USGS-353101097283701,12N-03W-14 ADD 1,35.5170038,-97.4772606,3.0949999999999998,2,1988-11-17
USGS-353109097322401,12N-03W-17 BAD 1,35.51922497,-97.5403177,4.699999999999999,2,1988-11-03
USGS-353115097345501,12N-04W-13 BBB 1,35.5208908,-97.582263,27.3,2,1988-11-07
USGS-353119097094101,12N-01E-11 DDC 1,35.52200776,-97.1616968,0.28,1,1989-06-15
USGS-353131097325401,12N-03W-07 DDA 1,35.5253357,-97.5486512,17.35,4,1990-09-05
USGS-353133097371701,12N-04W-09 DAC 1,35.52588996,-97.6217082,6.8,1,1977-11-11
USGS-353136097295101,12N-03W-10 DAC 1,35.52672545,-97.4978169,1.2650000000000001,2,1988-11-23
USGS-353139097293001,12N-03W-11 CBD 1,35.5275588,-97.4919834,0.48500000000000004,2,1988-11-02
USGS-353141097293001,12N-03W-14 BBA 1,35.52061465,-97.4908722,1.015,2,1988-11-08
USGS-353145097263801,12N-02W-07 DAC 1,35.52644836,-97.4442042,0.45999999999999996,2,1988-11-17
USGS-353155097294601,12N-03W-10 ADA 1,35.53200305,-97.496428,2.8,2,1988-11-01
USGS-353207096583301,12N-03E-10 BAB 1,35.5353435,-96.976137,4.95,2,1989-07-25
USGS-353210097282401,12N-03W-12 BBA 1,35.53616986,-97.4736496,1.645,2,1988-11-01
USGS-353214097261101,12N-02W-05 CDC 1,35.5372814,-97.4367041,0.5,1,1977-10-16
USGS-353219097295801,12N-03W-03 DCD 1,35.5386694,-97.4997615,3.5,2,1988-11-01
USGS-353221097432401,12N-05W-03 CCB 1,35.53922106,-97.7236549,7.9,1,1977-10-22
USGS-353223097320501,12N-03W-05 DCA 1,35.53977989,-97.53504,6.300000000000001,4,1988-04-12
USGS-353227097251101,12N-02W-04 CBD 1,35.5408926,-97.420037,0.655,2,1988-06-27
USGS-353228097234201,12N-02W-03 DBC 1,35.5411707,-97.3953141,1.1,1,1977-10-21
USGS-353229097285301,12N-03W-02 DBD 1,35.54144735,-97.4817054,1.59,2,1988-11-02
USGS-353236097072801,12N-02E-06 ADD 1,35.54339668,-97.1247517,0.07,1,1988-05-24
USGS-353243097304101,12N-03W-03 BCC 1,35.54533565,-97.5117062,6.5,2,1988-12-02
USGS-353244097255801,12N-02W-05 BDD 1,35.5456145,-97.433093,0.555,2,1988-06-27
USGS-353251097144801,12N-01E-06 BBC 1,35.54756136,-97.2469767,0.4,1,1977-11-19
USGS-353254096560501,12N-03E-01 ABD 1,35.54839945,-96.9350249,10.1,1,1978-01-04
USGS-353257096585501,12N-03E-03 BBC 1,35.54743056,-96.9820278,57.0,1,1978-01-04
USGS-353302096522201,13N-04E-34 CCC 1,35.55098056,-96.8746083,9.3,1,1978-01-04
USGS-353303096491601,13N-05E-31 CCC 1,35.55090107,-96.8214107,10.1,1,1978-01-05
USGS-353303096544501,13N-04E-31 DDD 1,35.5508997,-96.9128021,4.67,2,1988-07-14
USGS-353303097404102,12N-05W-01 ABB 2,35.5508881,-97.6783764,1.4,1,1977-10-23
USGS-353304097022001,13N-02E-36 DCD 1,35.55093056,-97.0405083,1.2,1,1977-11-26
USGS-353304097083201,13N-01E-36 DDD 2,35.551174,-97.14253,1.1,1,1977-11-14
USGS-353307097273402,13N-02W-31 CCC 2,35.5520028,-97.4597605,1.7,1,1977-10-22
USGS-353308097181101,13N-01W-33 DDC 1,35.55228269,-97.3033672,0.4,1,1977-11-12
USGS-353309096455701,13N-05E-34 CCB 1,35.55284627,-96.7686315,16.9,1,1978-01-05
USGS-353310097264601,13N-02W-31 DDC 1,35.5528363,-97.4464268,0.325,2,1988-11-21
USGS-353324097173701,13N-01W-34 CAB 1,35.5567271,-97.2939226,0.71,4,1988-05-09
USGS-353328097144101,13N-01E-31 CBA 1,35.55783888,-97.2450324,0.97,2,1989-06-16
USGS-353351096574601,13N-03E-35 BBB 1,35.5642321,-96.9630814,121.0,2,1988-06-15
USGS-353403097210901,13N-01W-30 CBC 1,35.57061477,-97.3533688,0.58,2,1989-06-14
USGS-353411097374501,13N-04W-28 CAD 1,35.5697772,-97.6294867,50.550000000000004,2,1987-09-02
USGS-353428097231501,13N-02W-26 BCC 1,35.57450305,-97.3878143,0.8,1,1977-10-16
USGS-353431097303801,13N-03W-27 BCA 1,35.57533458,-97.5108732,59.4,1,1977-10-15
USGS-353435097145101,13N-01W-25 ADA 1,35.57597778,-97.2482833,1.1,1,1977-11-19
USGS-353440096455501,13N-05E-27 BBA 1,35.57784605,-96.765576,1.8,1,1978-01-05
USGS-353440097105501,13N-01E-27 ABA 2,35.57783936,-97.1822534,1.3,1,1977-11-15
USGS-353513097222201,13N-02W-23 DDA 1,35.58339185,-97.3736473,0.64,2,1989-06-14
USGS-353518097583901,13N-07W-19 ADD 1,35.5883834,-97.9778284,1.3,1,1994-02-01
USGS-353527097175901,13N-01W-22 BCB 1,35.59089268,-97.3000343,1.3,1,1977-11-12
USGS-353532097285601,13N-03W-23 ABD 1,35.59227885,-97.4825393,2.42,2,1988-04-14
USGS-353533097211501,13N-02W-24 AAD 2,35.5920472,-97.3543861,0.2,1,1977-11-10
USGS-353535096522001,13N-04E-22 BBA 1,35.59312195,-96.8725236,17.6,1,1978-01-05
USGS-353536096585001,13N-03E-21 AAA 2,35.5935833,-96.9818139,13.7,1,1978-01-04
USGS-353537097390701,13N-04W-20 BBB 2,35.59366494,-97.6522652,24.0,1,1977-11-04
USGS-353539096554401,13N-03E-13 DDD 2,35.5942321,-96.9291919,2.4,1,1978-01-04
USGS-353539096554501,13N-03E-13 DDD 1,35.5942321,-96.9294696,2.8,2,1988-06-16
USGS-353539097243901,13N-02W-21 AAB 1,35.59422428,-97.4111485,0.04,1,1988-07-12
USGS-353540097415302,13N-05W-23 ABB 2,35.59449749,-97.6983773,42.2,1,1977-11-04
USGS-353553097274202,13N-03W-13 DDA 2,35.59811228,-97.4619832,1.1,1,1977-10-22
USGS-353600097264001,12N-02W-18 DDC 1,35.5083934,-97.444204,0.43,2,1988-11-21
USGS-353606097370901,13N-04W-15 CBB 1,35.60172076,-97.6194869,20.2,1,1977-11-11
USGS-353613096483501,13N-05E-18 ACB 1,35.60367834,-96.8127998,3.4,1,1978-01-05
USGS-353631097093201,13N-01E-11 DDD 1,35.6086723,-97.1591976,1.8,1,1977-11-14
USGS-353631097232301,13N-02W-15 AAA 1,35.60866856,-97.3900369,0.595,2,1988-06-01
USGS-353651097252701,13N-02W-09 CBC 1,35.6142234,-97.4244824,0.8,1,1977-10-15
USGS-353728097370901,13N-04W-03 CCC 1,35.62449776,-97.6194871,52.2,1,1977-10-15
USGS-353741097315701,13N-03W-05 DAD 1,35.6281101,-97.5328186,13.0,1,1977-10-15
USGS-353746097114301,13N-01E-04 DAA 1,35.62950445,-97.1955876,14.1,1,1977-11-23
USGS-353753097273501,13N-02W-06 BCC 1,35.63144447,-97.460039,1.04,2,1988-04-06
USGS-353805096553801,13N-03E-01 AAD 1,35.63534259,-96.9289144,15.8,1,1978-01-07
USGS-353812096455302,13N-05E-03 BBB 2,35.63673428,-96.7677989,0.5,1,1978-01-06
USGS-353812097140201,13N-01E-06 AAB 1,35.63672575,-97.2341997,0.6,1,1977-11-26
USGS-353815096521701,14N-04E-34 CCD 3,35.63756578,-96.8716906,8.7,1,1978-01-07
USGS-353815097045402,14N-02E-34 CDC 2,35.63756197,-97.0819739,10.8,1,1977-11-27
USGS-353815097172502,13N-01W-03 ABB 2,35.6375581,-97.29059,1.4,1,1977-11-19
USGS-353815097371701,13N-04W-04 AAA 1,35.63755284,-97.6217095,18.3,1,1977-11-05
USGS-353816096585901,14N-03E-33 DDD 1,35.63784159,-96.9833604,30.4,1,1978-01-07
USGS-353819097254901,14N-02W-32 DCD 1,35.6386669,-97.4305939,3.2,2,1987-08-17
USGS-353819097270701,14N-02W-31 CDD 1,35.63866656,-97.4522612,1.015,2,1988-04-07
USGS-353819097305101,14N-03W-33 DDD 1,35.63866556,-97.514485,3.69,2,1987-08-14
USGS-353829097222101,14N-02W-35 DDA 1,35.64144554,-97.3728146,13.3,1,1977-11-19
USGS-353835097020201,14N-02E-36 DAA 1,35.6428405,-97.035584,16.8,1,1977-11-27
USGS-353837097402301,14N-04W-31 CBC 1,35.64366295,-97.6733774,5.55,2,1989-07-20
USGS-353840096531101,14N-04E-33 CAB 1,35.64450986,-96.8866911,0.05,1,1989-07-24
USGS-353841097360501,12N-04W-15 AAD 1,35.52033494,-97.6019856,0.83,2,1988-11-22
USGS-353859097285801,14N-03W-35 ABA 2,35.64977677,-97.4830954,146.0,1,1977-10-27
USGS-353859097381901,14N-04W-32 AAD 1,35.64977439,-97.6389323,19.6,1,1977-10-29
USGS-353907097345901,14N-04W-36 BBB 1,35.65199737,-97.5833755,82.8,1,1977-10-15
USGS-353909097100101,14N-01E-26 CDD 1,35.65255994,-97.168365,0.05,1,1988-06-21
USGS-353909097304501,14N-03W-34 BBA 1,35.652554,-97.5108739,3.25,2,1988-04-11
USGS-353915097403901,14N-05W-25 DDC 1,35.65421809,-97.677822,0.265,2,1987-08-26
USGS-353931097103301,14N-01E-26 CBB 1,35.65867074,-97.176143,0.315,2,1988-07-08
USGS-353938097031101,14N-02E-26 ADD 1,35.6606176,-97.0533624,39.3,4,1990-09-04
USGS-353938097444001,14N-05W-29 ADD 1,35.66060577,-97.744768,5.9,1,1977-10-29
USGS-353941097253401,14N-02W-29 ADD 1,35.66144398,-97.4264274,1.1,1,1977-10-15
USGS-353947097111501,14N-01E-27 BDA 1,35.66311484,-97.18781,11.149999999999999,2,1987-08-25
USGS-353952097423601,14N-05W-27 AAD 1,35.66449505,-97.7103229,10.3,1,1977-10-29
USGS-353958097185001,14N-01W-28 BBA 1,35.66616796,-97.3142022,22.400000000000002,2,1989-06-27
USGS-354001097330501,14N-03W-30 AAB 1,35.6669973,-97.5517083,32.4,1,1977-10-15
USGS-354007097395401,14N-04W-19 CDD 1,35.66866225,-97.665322,5.95,2,1987-08-31
USGS-354008097190901,14N-01W-20 DDD 1,35.66894556,-97.3194801,44.4,2,1988-05-11
USGS-354012097231001,14N-02W-23 CCA 1        NOTS 3,35.67005549,-97.3864264,0.9,8,1988-05-24
USGS-354014097231401,14N-02W-23 CCB 1,35.6708111,-97.3871806,53.9,1,1977-10-28
USGS-354041097143901,14N-01E-19 BBA 1,35.67811328,-97.2444782,8.4,1,1977-12-02
USGS-354043097020101,14N-03E-19 BBC 1,35.67867318,-97.0339176,1.9,1,1977-11-27
USGS-354048096525001,14N-04E-21 ABA 1,35.680065,-96.8808579,0.2,1,1978-01-06
USGS-354048096550801,14N-04E-19 ABB 1,35.68006428,-96.9191923,3.5,1,1978-01-06
USGS-354048096584601,14N-03E-22 BBB 1,35.6800631,-96.9797496,8.8,1,1978-01-06
USGS-354048097052601,14N-02E-21 AAB 1,35.68006086,-97.0908635,71.1,1,1977-11-26
USGS-354052096460101,14N-05E-16 DDD 1,35.68145598,-96.7700215,2.1,1,1978-01-05
USGS-354052097113901,14N-01E-16 DDD 1,35.6817253,-97.1950326,0.7,1,1977-11-23
USGS-354052097211001,14N-01W-19 BBB 1,35.6811668,-97.3530923,1.3,1,1977-11-19
USGS-354105097332401,14N-03W-18 DCC 1,35.68338555,-97.5569864,7.8,2,1987-09-25
USGS-354112097180401,14N-01W-16 DAD 1,35.6867231,-97.3014243,3.4,1,1977-11-19
USGS-354128097392401,14N-04W-18 ADA 1,35.6911616,-97.6569887,3.1,1,1977-11-05
USGS-354141097294401,14N-03W-14 BBB 2,35.6947749,-97.495874,5.6,1,1977-10-28
USGS-354143096564301,14N-03E-13 BBB 1,35.6953413,-96.9455821,21.45,2,1988-07-12
USGS-354144097093201,14N-01E-11 DAA 1,35.6956146,-97.1591986,0.2,1,1977-11-26
USGS-354203097114301,14N-01E-09 DAD 1,35.70089147,-97.1955884,0.06,1,1988-06-21
USGS-354208097330201,14N-03W-07 DAA 2        NOTS 6,35.70227386,-97.5508753,6.0,27,1988-12-07
USGS-354238097442801,14N-05W-09 BBA 1,35.71060425,-97.7414354,5.7,1,1977-10-29
USGS-354241097423701,14N-05W-03 DDD 1,35.71143799,-97.7106013,27.8,1,1977-10-29
USGS-354247097311501,14N-03W-04 DCB 1,35.7131072,-97.5211526,1.3,1,1977-10-15
USGS-354305097340701,14N-04W-01 DAA 1,35.71810639,-97.5689315,1.9,1,1977-10-15
USGS-354319097174501,14N-01W-03 BAC 2,35.7219999,-97.2961468,3.4,1,1977-11-23
USGS-354323096524201,14N-04E-04 AAB 2,35.72311999,-96.878636,3.7,1,1978-01-06
USGS-354325096454901,14N-05E-03 BBA 1,35.7236778,-96.7661329,3.1,1,1978-01-06
USGS-354325096484501,14N-05E-06 BAA 1,35.7239546,-96.8153009,5.9,1,1978-01-06
USGS-354325097051001,14N-02E-03 BBB 1,35.72373056,-97.0872,23.1,1,1977-11-27
USGS-354326097113101,14N-01E-03 BBB 1,35.7239465,-97.1922553,2.5,1,1977-11-26
USGS-354329096551601,15N-04E-31 CDD 1,35.72478576,-96.921415,11.4,1,1978-01-06
USGS-354330097324402,14N-03W-05 BBA 2,35.7250509,-97.5458755,1.7,1,1977-10-15
USGS-354331096594701,15N-03E-33 CCD 2,35.72533977,-96.9966949,0.4,1,1978-01-06
USGS-354332097295301,15N-03W-34 DDC 1,35.7256071,-97.4983744,0.705,2,1988-04-06
USGS-354333097145901,15N-01W-36 DDC 1,35.72588958,-97.2500345,8.5,1,1977-11-26
USGS-354333097214201,15N-02W-36 DCC 1,35.72588746,-97.3619819,0.5,1,1977-11-23
USGS-354405097350701,15N-04W-35 ADA 1,35.73477225,-97.5855987,17.2,1,1977-10-15
USGS-354408097232201,15N-02W-34 ADA 1,35.7356088,-97.3897605,0.6,1,1977-10-15
USGS-354412097280601,15N-03W-36 ABC 1,35.7362722,-97.4693056,1.2,1,1977-10-15
USGS-354418097013501,15N-03E-31 BAA 2        NOTS 2,35.7383944,-97.0266958,21.0,4,1988-05-11
USGS-354419097013501,15N-03E-31 BAA 1,35.73867217,-97.0266958,79.9,1,1977-11-27
USGS-354447097042001,15N-02E-27 ADC 1,35.7464487,-97.0725303,86.0,3,1990-05-08
USGS-354456097092701,15N-01E-25 BCB 1,35.75033056,-97.1575722,1.1,1,1978-02-26
USGS-354506097263601,15N-02W-30 AAD 1,35.75171835,-97.443651,0.655,2,1988-04-13
USGS-354512096454101,15N-05E-22 CDC 1,35.75367755,-96.7644664,18.5,1,1978-02-24
USGS-354514097222101,15N-02W-26 AAA 1,35.7539419,-97.3728158,1.2650000000000001,2,1988-04-13
USGS-354517097434101,15N-05W-21 DDD 2,35.7547697,-97.7283801,27.3,1,1977-11-13
USGS-354519097190901,15N-01W-20 DDD 1,35.7553318,-97.319481,0.6,1,1977-12-02
USGS-354520097113301,15N-01E-22 CCB 1,35.7556123,-97.1928112,4.0,1,1978-02-04
USGS-354534097403001,15N-05W-24 DDC 1,35.7594925,-97.6753234,3.7,1,1977-11-13
USGS-354545097304901,15N-03W-22 BCC 2,35.76255,-97.5139307,1.0,1,1977-11-12
USGS-354557096554201,15N-04E-19 BCB 1,35.76589604,-96.9286378,3.0,1,1978-02-15
USGS-354558097351501,15N-04W-23 AAC 1,35.76616007,-97.5878214,33.6,1,1977-11-12
USGS-354603096584501,15N-03E-22 BBA 1,35.76756156,-96.9794726,2.6,1,1978-02-15
USGS-354605097185901,15N-01W-21 BBA 1,35.7681093,-97.3167033,2.885,2,1988-05-18
USGS-354605097250001,15N-02W-21 BAA 1,35.76746944,-97.4173528,2.9,1,1977-11-06
USGS-354606097045701,15N-02E-15 CDC 2,35.76839244,-97.0828085,16.8,1,1978-02-23
USGS-354606097315601,15N-03W-20 AAA 1,35.7683829,-97.5325423,0.54,2,1988-05-26
USGS-354607097002101,15N-03E-17 DCD 1,35.76867205,-97.0061399,10.7,1,1978-02-23
USGS-354611097275601,15N-03W-13 DCD 1,35.7694472,-97.4661444,0.8,1,1977-11-06
USGS-354620097315201,15N-03W-16 CCB 1,35.7722717,-97.5314312,0.65,2,1988-06-29
USGS-354631097215501,15N-02W-13 CAB 1,35.7753303,-97.3655936,0.245,2,1987-09-21
USGS-354633097030801,15N-02E-14 ADD 1,35.775893,-97.05253,45.1,2,1987-08-21
USGS-354637097030801,15N-02E-14 ADA 1,35.77700409,-97.05253,72.0,4,1990-02-05
USGS-354653096523101,15N-04E-15 BBB 1,35.7814525,-96.875581,23.7,1,1978-02-04
USGS-354654097030801,15N-02E-14 AAA 1,35.7817262,-97.05253,50.4,4,1990-09-04
USGS-354659097144201,15N-01E-07 CCD 1,35.7831104,-97.2453127,7.7,1,1978-02-26
USGS-354705097371701,15N-04W-09 DDD 2,35.78477019,-97.6217113,1.7,1,1977-11-13
USGS-354706097051001,15N-02E-10 CCB 1,35.78505865,-97.0864198,12.75,2,1988-06-29
USGS-354725097030501,15N-02E-12 BCC 1,35.79033715,-97.0516968,0.91,2,1987-09-23
USGS-354729097340101,15N-04W-12 DAA 2,35.7914373,-97.5672657,15.6,1,1977-11-12
USGS-354745097180001,15N-01W-10 BBB 1,35.79588666,-97.3003143,1.6,1,1977-12-04
USGS-354754097372001,15N-04W-09 AAB 2,35.79838088,-97.6225449,2.4,1,1977-11-13
USGS-354755097392001,15N-04W-05 CCC 1,35.79865826,-97.655879,2.64,2,1988-06-29
USGS-354758097295201,15N-03W-03 DDD 1,35.7994934,-97.4980974,21.1,2,1988-05-12
USGS-354808096460901,15N-05E-04 DAB 1,35.80228797,-96.7722451,1.6,1,1978-02-23
USGS-354817097281101,15N-03W-01 CAA 1,35.80477164,-97.4700412,0.47500000000000003,2,1987-08-19
USGS-354826096532401,15N-04E-04 BCB 1,35.80728504,-96.8933595,1.3,1,1978-02-04
USGS-354836096594001,15N-03E-04 BBA 1,35.8111472,-96.996775,13.1,1,1978-02-15
USGS-354841097113301,16N-01E-34 CCC 2,35.8114443,-97.1928116,2.5,1,1978-02-04
USGS-354841097242801,15N-02W-04 AAA 1,35.81221389,-97.4082944,1.0,1,1977-11-06
USGS-354844097004501,15N-03E-05 BAC 1,35.80867107,-97.0122514,6.95,2,1988-04-12
USGS-354848097274801,16N-03W-36 DDC 1,35.8133826,-97.4636522,0.4,1,1977-11-06
USGS-354848097433801,16N-05W-33 DDD 1,35.81337925,-97.7275477,4.1,1,1977-11-13
USGS-354913097325601,16N-03W-32 BCC 2,35.82032547,-97.54921,3.9,1,1977-11-12
USGS-354914097010901,16N-03E-31 ADA 1,35.82100278,-97.0191556,8.2,3,1988-06-28
USGS-354917096501301,16N-04E-36 BCB 1,35.82200834,-96.8394694,44.8,1,1978-02-20
USGS-354933096555901,16N-03E-36 AAB 2,35.82589487,-96.9333606,1.3,1,1978-02-04
USGS-354938097211501,16N-02W-25 DDD 2,35.82727349,-97.3544827,2.0,1,1977-12-04
USGS-354959097175901,16N-01W-27 CBB 1,35.83310788,-97.3000368,3.915,2,1988-07-13
USGS-355005097133401,16N-01E-29 BCD 1,35.8347762,-97.2264237,7.5,2,1989-07-07
USGS-355021097084501,16N-01E-25 ABA 2,35.8392226,-97.1461439,1.1,1,1978-02-04
USGS-355025096500101,16N-04E-24 CCD 1,35.840897,-96.837525,0.7,1,1978-02-16
USGS-355026097303601,16N-03W-27 BBA 1,35.840603,-97.5103205,0.9,1,1977-11-12
USGS-355027096582801,16N-03E-22 CDC 1,35.841,-96.977,0.9,1,1978-02-04
USGS-355029097274201,16N-03W-25 AAA 2,35.84143728,-97.4619858,1.0,1,1977-11-06
USGS-355039097041401,16N-02E-22 DAA 1,35.8470021,-97.0708642,22.7,2,1988-06-28
USGS-355045097145301,16N-01W-24 DAD 1,35.84587778,-97.2474083,60.1,1,1978-02-04
USGS-355047097114701,16N-01E-21 DAC 1,35.84644337,-97.1967008,13.6,1,1978-02-26
USGS-355048096523601,16N-04E-21 DAA 2,35.84672927,-96.8769706,1.3,1,1978-02-04
USGS-355052097284301,16N-03W-23 DAA 1,35.84782557,-97.4789308,0.59,2,1988-05-25
USGS-355058097233001,16N-02W-22 ADD 1,35.8494942,-97.391984,4.0,2,1988-05-17
USGS-355113096563501,16N-03E-24 BDA 1,35.8536719,-96.9433611,1.8,1,1978-02-04
USGS-355118097242001,16N-02W-22 BBB 1,35.85556389,-97.4065778,6.6,1,1977-11-06
USGS-355118097250001,16N-02W-21 BAA 3        NOTS 1A,35.855049,-97.4169847,49.0,7,1988-04-21
USGS-355119097360701,16N-04W-23 BBC 2,35.8553238,-97.6022674,2.9,1,1977-11-13
USGS-355120097233001,16N-02W-22 AAB 1,35.8556051,-97.391984,0.08,1,1988-07-13
USGS-355141097201401,16N-01W-18 DDA 1,35.85866187,-97.337538,3.015,2,1988-07-07
USGS-355141097211501,16N-02W-13 DAA 2,35.86143917,-97.354483,1.2,1,1977-12-04
USGS-355159097010201,16N-03E-17 BBC 1,35.86618889,-97.0178194,8.0,1,1978-02-23
USGS-355205097443901,16N-05W-16 BBC 2,35.8680998,-97.7444935,4.8,1,1977-11-13
USGS-355206097090101,16N-01E-13 BAA 1,35.86838847,-97.1505887,0.435,2,1988-05-23
USGS-355206097330101,16N-03W-18 AAD 2,35.86837945,-97.5505996,1.3,1,1977-11-12
USGS-355207097082901,16N-01E-13 AAA 2,35.86866647,-97.1416995,0.9,1,1978-02-04
USGS-355211097054101,16N-02E-09 DCC 1,35.86977876,-97.0950317,12.3,1,1978-02-23
USGS-355214096574801,16N-03E-11 CCC 1,35.8706155,-96.9636395,1.42,4,1990-09-04
USGS-355217097175701,16N-01W-10 CCC 1,35.87065,-97.2995528,43.4,1,1977-12-04
USGS-355258097030601,16N-02E-12 BBB 1,35.88283515,-97.051975,9.5,1,1978-02-25
USGS-355311097141601,16N-01E-06 CCB 2,35.8864413,-97.238091,11.2,1,1978-02-04
USGS-355314097273501,16N-02W-06 CCB 1,35.8866361,-97.4600389,1.1,1,1977-11-13
USGS-355321097270301,16N-02W-06 DBC 1,35.88921377,-97.4511527,0.59,2,1988-05-25
USGS-355323097444301,16N-05W-05 DAD 2,35.8897659,-97.745605,14.1,1,1977-11-20
USGS-355326096554901,16N-03E-01 DAA 1,35.890616,-96.9305833,1.8849999999999998,2,1988-05-31
USGS-355329097005801,16N-03E-06 ADD 1,35.891447,-97.0164186,0.8,1,1978-02-25
USGS-355335097304401,16N-03W-03 BCC 1,35.8931012,-97.5125434,1.1,1,1977-11-13
USGS-355337097212901,16N-02W-01 ADC 2,35.89366036,-97.3583723,9.6,1,1977-12-03
USGS-355349097180101,16N-01W-03 BBC 1,35.896995,-97.3005929,15.0,1,1977-12-03
USGS-355353097113701,16N-01E-03 BBB 1,35.89810885,-97.1939233,4.5,1,1978-02-25
USGS-355353097373901,16N-04W-04 ABB 1,35.89810004,-97.6278242,3.3,1,1977-11-20
USGS-355354097075401,16N-02E-06 ABB 1,35.89811048,-97.132255,0.2,1,1978-02-25
USGS-355355096524501,17N-04E-33 DCD 1,35.89867285,-96.8794711,1.8,1,1977-11-25
USGS-355356096492801,17N-04E-36 DCD 1,35.89895214,-96.8247477,4.5,1,1977-11-26
USGS-355356096564301,17N-03E-35 DDD 1,35.89894879,-96.9455837,1.2,1,1977-11-25
USGS-355357096585101,17N-03E-33 DDD 1,35.89921667,-96.9811389,0.2,1,1977-11-25
USGS-355407097242201,17N-02W-34 CCB 1,35.90198889,-97.4071083,177.0,1,1977-11-13
USGS-355407097353401,17N-04W-35 DCA 1,35.9019891,-97.5931012,3.5,1,1977-11-13
USGS-355436096460701,17N-05E-33 AAA 1,35.91006468,-96.7689133,0.2,1,1977-11-26
USGS-355443097060801,17N-02E-33 BBA 1,35.91199984,-97.1025321,5.8,1,1978-02-25
USGS-355444097071301,17N-02E-32 BBB 1,35.9122771,-97.1205882,1.92,2,1988-06-20
USGS-355446096583601,17N-03E-34 BBA 1,35.91283654,-96.9769734,0.48500000000000004,2,1988-06-16
USGS-355529097143401,17N-01E-30 BCA 1,35.92477355,-97.2430915,8.8,1,1978-02-04
USGS-355540096552501,17N-04E-19 CCD 1,35.92801389,-96.9243944,3.1,1,1977-11-25
USGS-355540097113301,17N-01E-22 CCC 1,35.92783038,-97.1928124,2.0,1,1978-02-25
USGS-355544097082301,17N-02E-19 CCC 1,35.92894289,-97.1400332,1.4,3,1988-06-20
USGS-355559097211401,17N-02W-24 DAD 1,35.93310377,-97.3542059,16.4,1,1977-12-03
USGS-355612094480201,well SP-2,35.9370083,-94.8013917,1.0,1,1993-07-29
USGS-355613096584901,17N-03E-22 CBC 1,35.9370026,-96.9805847,40.4,1,1977-11-25
USGS-355614097183001,17N-01W-21 ACB 1,35.9372715,-97.308649,6.65,2,1988-07-07
USGS-355622097402301,17N-04W-19 BBC 1,35.93948734,-97.6733816,0.7,1,1977-11-11
USGS-355627097332901,17N-03W-19 ABB 2,35.94087705,-97.5583786,3.7,1,1977-11-13
USGS-355628097175701,17N-01W-22 BBB 1,35.9411605,-97.2994822,9.2,1,1977-12-03
USGS-355631096490401,17N-05E-19 BBA 1,35.9420073,-96.8180815,1.6,1,1977-11-26
USGS-355633097010901,17N-03E-18 DDC 1,35.94258056,-97.0177889,4.0,1,1978-02-25
USGS-355634097294401,17N-03W-14 CCC 2,35.94282198,-97.4958769,2.2,1,1977-11-18
USGS-355640097250401,17N-02W-16 CDA 1,35.94449064,-97.4180968,10.7,1,1977-11-13
USGS-355647096522901,17N-04E-16 DAD 1,35.94645,-96.8750271,0.6,1,1977-11-26
USGS-355655097372001,17N-04W-16 DAA 1,35.9486541,-97.622547,5.1,1,1977-11-13
USGS-355656097051801,17N-02E-16 DAA 1,35.9486583,-97.0883556,0.4,1,1978-02-25
USGS-355727096582201,17N-03E-10 CDD 1,35.957558,-96.9730847,5.6499999999999995,2,1989-06-27
USGS-355816097083401,17N-01E-01 DDC 2,35.97116404,-97.1430892,0.5,1,1978-02-26
USGS-355818097280301,17N-03W-01 DCD 1,35.97171066,-97.4678208,0.9,1,1977-11-18
USGS-355854096522201,17N-04E-03 BCB 2,35.9817273,-96.873083,2.6,1,1977-11-26
USGS-355902096492601,17N-04E-01 AAB 1,35.9853472,-96.8253917,0.4,1,1977-12-02
USGS-355902097392601,17N-04W-06 AAA 1,35.9839306,-97.6575485,1.0,1,1977-12-04
USGS-355903097051201,17N-02E-04 AAA 2,35.98422087,-97.0869766,1.0,1,1978-02-26
USGS-355905096590701,17N-03E-04 ABA 2,35.9847793,-96.9855851,3.6,1,1977-11-25
USGS-355905097195501,17N-01W-05 BBA 2,35.98476955,-97.3322613,1.1,1,1977-12-03
USGS-355907097142301,17N-01E-06 BAA 1,35.98532766,-97.2400363,6.2,1,1978-02-25
USGS-355908097371301,18N-04W-34 CCC 2,35.98559745,-97.620603,12.9,1,1977-11-13
USGS-355909097175601,18N-01W-34 CCC 1,35.98580556,-97.2985306,5.2,1,1977-12-03
USGS-355909097341001,17N-04W-01 AAA 2,35.9858755,-97.5697684,0.3,1,1977-11-13
USGS-355915097305401,18N-03W-33 DDA 1,35.98754248,-97.5153224,6.3,1,1977-11-18
USGS-355916096553201,18N-04E-31 CCB 2,35.98783668,-96.9258618,1.2,1,1977-11-25
USGS-355931094340001,18N-26E-31 DAD 1,35.99202734,-94.5668876,0.01,1,1993-10-27
USGS-355937097241501,18N-02W-34 BCC 2,35.99365616,-97.4044858,11.6,1,1977-11-18
USGS-362427094493001,22N-23E-11 BBB 1,36.4075812,-94.8252302,0.01,1,1993-10-28
USGS-365627094522101,well OZC-3,36.94090216,-94.8743982,0.02,1,1994-03-04
USGS-434220121132101,21S/13E-31CDB  (SANDIA WELL),43.70539929,-121.2236313,1.0,1,1994-10-05
USGS-441155123152801,16S/05W-12BAC,44.19841389,-123.243511,0.01,1,1993-07-19
USGS-441229123102801,16S/04W-04ACD,44.2080861,-123.175475,0.02,1,1993-07-21
USGS-441556123092001,15S/04W-15DBB,44.26550135,-123.1574725,0.41,1,1993-07-19
USGS-442629123105701,13S/04W-16BDD,44.4412111,-123.1834417,0.1,1,1993-07-19
USGS-443109122552301,12S/2W-22BBB,44.5191194,-122.9240806,0.01,1,1993-08-03
USGS-444055123035401,10S/03W-21CDB,44.6817611,-123.0672139,0.03,1,1993-07-27
USGS-450209123030101,06S/03W-21AAD,45.04080556,-123.0511667,0.01,1,1993-07-06
USGS-450808122440101,05S/01E-18CAA,45.1355222,-122.7355222,0.02,1,1993-07-26
USGS-450921122361201,05S/02E-07AAC,45.1558722,-122.604375,0.01,1,1993-07-07
USGS-452623122470801,01S/01W-34DAA,45.4400194,-122.78965,0.03,1,1993-06-24
USGS-452649122210601,01S/04E-31AAA,45.44688056,-122.3528472,0.02,1,1993-07-12
USGS-453055122272901,01S/03E-05ADB,45.5152833,-122.4594528,0.02,1,1993-06-21
USGS-394343076361301,YO  1207,39.72930556,-76.60375,0.01,1,1994-07-11
USGS-394416077393401,Fr 537,39.73787189,-77.6591593,0.23,1,1993-06-02
USGS-394426075533501,CH  4931,39.74041667,-75.8925,0.01,1,1994-07-21
USGS-394515076470101,YO  1197,39.75416667,-76.7830556,0.01,1,1994-07-18
USGS-394546077202101,Ad 701,39.7626583,-77.3393306,3.9,2,1994-08-03
USGS-394550076100001,LN  2053,39.76388889,-76.16638889,0.01,1,1994-07-12
USGS-394606076002001,CH  4932,39.76888889,-76.00513889,0.01,1,1994-07-18
USGS-394614077150401,Ad 699,39.77368056,-77.2512417,0.14,1,1994-06-29
USGS-394637076260501,YO  1208,39.77680556,-76.4345833,0.01,1,1994-07-11
USGS-394721076390101,YO  1206,39.78902778,-76.6504167,0.01,1,1994-06-29
USGS-394745076524801,YO  1198,39.7875,-76.8820833,0.01,1,1994-06-28
USGS-394759075560301,CH  4933,39.7998611,-75.9336111,0.01,1,1994-07-14
USGS-394816076463001,YO  1199,39.80430556,-76.7752972,0.01,1,1994-07-21
USGS-394818077170201,Ad 698,39.8051083,-77.2836861,2.6,2,1994-06-14
USGS-394822077420801,Fr 807,39.8062041,-77.7019374,0.24,1,1993-06-23
USGS-394856077093601,Ad 700,39.8155611,-77.1603806,1.32,2,1994-07-25
USGS-394920075463301,CH  5561,39.822332,-75.7754949,3.26,1,1997-09-04
USGS-394920078294501,BD   650,39.8223077,-78.4955719,0.11,1,1995-06-22
USGS-394958075480201,CH  5471,39.83288707,-75.80021839,4.0,1,1996-08-22
USGS-395003076110001,LN  2052,39.83444444,-76.1820833,0.01,1,1994-07-12
USGS-395009075470801,CH  5478,39.83605385,-75.7849679,10.0,1,1996-09-05
USGS-395017076313501,YO  1205,39.83875,-76.52625,0.01,1,1994-07-20
USGS-395049076583001,YO  1155,39.84704335,-76.9747015,0.9,1,1986-12-11
USGS-395058076501801,YO   371,39.84954449,-76.8380296,0.4,1,1986-12-23
USGS-395100075503101,CH  2766,39.85010845,-75.8416093,0.2,1,1987-09-03
USGS-395103076565101,YO  1152,39.8509324,-76.94720039,0.4,1,1986-12-10
USGS-395118078143201,Fu 229,39.85508729,-78.2419554,5.8,2,1995-06-22
USGS-395123076565601,YO  1180,39.8564878,-76.9485892,0.09,1,1988-08-10
USGS-395204076262101,YO  1209,39.86791667,-76.4391667,0.01,1,1994-07-20
USGS-395210076560401,YO  1200,39.86875,-76.93777778,0.01,1,1994-07-18
USGS-395230076014801,LN  2054,39.87541667,-76.0298611,0.01,1,1994-07-18
USGS-395235076473701,YO  1182,39.8764887,-76.7933049,0.01,1,1988-08-10
USGS-395236076465501,YO  1151,39.8767666,-76.78163778,0.2,1,1986-12-10
USGS-395236076543901,YO   351,39.8767655,-76.9105318,0.01,1,1988-08-10
USGS-395245076540901,YO  1153,39.8792655,-76.9021981,0.8,1,1986-12-10
USGS-395251075581501,CH  3120,39.88093947,-75.9705035,0.5,1,1987-08-31
USGS-395251076542801,YO  1156,39.8809321,-76.907476,0.8,1,1986-12-11
USGS-395317076550901,YO  1181,39.88815409,-76.9188653,0.02,1,1988-08-10
USGS-395320076334001,YO  1204,39.8884722,-76.5620833,0.01,1,1994-06-29
USGS-395335075563501,CH  4934,39.8934722,-75.9441667,0.01,1,1994-07-19
USGS-395349076204401,LN  2049,39.89805556,-76.3445833,0.01,1,1994-07-14
USGS-395404076404401,YO  1201,39.9008333,-76.6784722,0.01,1,1994-07-13
USGS-395419076464301,YO  1159,39.9053771,-76.7783035,0.3,1,1986-12-23
USGS-395440076150301,LN  2051,39.91,-76.2506944,0.01,1,1994-07-14
USGS-395503078002501,Fu 230,39.9159226,-78.0075019,0.71,2,1995-06-19
USGS-395516076445201,YO  1160,39.92121035,-76.7474685,0.2,1,1986-12-23
USGS-395607076045601,LN  1692,39.93538084,-76.081897,0.4,1,1986-12-30
USGS-395617076081001,LN  1724,39.93815767,-76.1357874,0.06,1,1988-08-05
USGS-395618076014701,LN  1731,39.93843718,-76.0293955,0.58,1,1988-08-13
USGS-395637076084301,LN  1727,39.94371294,-76.1449545,0.02,1,1988-08-08
USGS-395638076080601,LN  1689,39.94399088,-76.13467639,0.8,1,1986-12-08
USGS-395642076080501,LN  1719,39.94510197,-76.1343986,0.07,1,1988-08-03
USGS-395652077372001,Fr 808,39.94786885,-77.6219345,0.37,1,1993-07-12
USGS-395703075585001,CH  1074,39.95093765,-75.9802277,0.5,1,1986-08-13
USGS-395713075555601,CH  2840,39.95371609,-75.931893,0.26,1,1988-08-10
USGS-395717076345401,YO   650,39.95482118,-76.5813547,0.01,1,1988-08-11
USGS-395718076064401,LN  1717,39.9551021,-76.1118981,0.31,1,1988-08-03
USGS-395728075570701,CH   417,39.95788236,-75.951616,0.2,1,1986-11-24
USGS-395732076060901,LN  1688,39.95899106,-76.1021757,0.2,1,1986-12-04
USGS-395737075535701,CH   989,39.9603831,-75.8988368,0.01,1,1988-08-10
USGS-395750075530201,CH  2828,39.96399436,-75.8835587,2.4,1,1987-07-29
USGS-395752076045001,LN  2050,39.96444444,-76.0805556,1.095,2,1994-07-20
USGS-395753076071201,LN  1718,39.96482397,-76.1196763,0.01,1,1988-08-03
USGS-395808075530301,CH   992,39.96899425,-75.8838366,0.1,1,1987-07-28
USGS-395809076073201,LN  1730,39.9692682,-76.125232,0.15,1,1988-08-13
USGS-395812076340001,YO  1203,39.9698611,-76.5656944,0.07,1,1994-07-12
USGS-395817075531301,CH  1095,39.97149415,-75.8866145,0.2,1,1987-07-28
USGS-395824076041301,LN  1723,39.97343568,-76.0699529,0.03,1,1988-08-04
USGS-395833076371001,YO  1154,39.9759317,-76.6191326,0.4,1,1986-12-11
USGS-395834076042601,LN  1722,39.9762133,-76.0735641,0.04,1,1988-08-04
USGS-395841076210001,LN  2013,39.97825,-76.34977778,3.0,1,1993-07-19
USGS-395907075592301,LN  1714,39.9853811,-75.9893954,0.06,1,1988-08-25
USGS-395910076014601,LN  1693,39.9862138,-76.02911869,0.4,1,1986-12-30
USGS-395914075553801,CH  3301,39.9873265,-75.9268938,0.01,1,1988-06-16
USGS-395917075592301,LN  1734,39.9881588,-75.98939548,0.06,1,1988-08-25
USGS-395918075500201,CH   945,39.98843907,-75.8335581,0.1,1,1986-11-13
USGS-395920075575501,CH  3325,39.9889925,-75.9649504,0.1,1,1988-08-16
USGS-395920075584501,LN  1695,39.9889923,-75.9788397,0.3,1,1986-12-30
USGS-395922075583601,LN  1726,39.9895479,-75.9763396,0.11,1,1988-08-05
USGS-395925075583501,LN  1725,39.9903812,-75.9760619,0.74,1,1988-08-05
USGS-395926076332301,YO  1183,39.99065377,-76.5560765,0.01,1,1988-08-11
USGS-395927075593101,LN  1716,39.9909365,-75.9916178,0.02,1,1988-08-25
USGS-395936075582301,LN  1697,39.99343675,-75.9727285,0.3,1,1987-07-13
USGS-395937075581701,LN  1698,39.99371455,-75.9710618,0.2,1,1987-07-13
USGS-395938076333101,YO  1161,39.993987,-76.5582987,0.2,1,1986-12-24
USGS-395939075583001,LN  1685,39.99427,-75.974673,0.5,1,1986-12-03
USGS-395946077344101,FR   812,39.9962222,-77.5777222,0.01,1,1995-07-26
USGS-395952076074901,LN  2023,39.99752778,-76.1303056,13.0,1,1993-07-20
USGS-395957075503901,CH   412,39.999272,-75.8438365,0.7,1,1986-09-09
USGS-400005075541501,CH  3326,40.00149319,-75.9038379,1.0,1,1988-08-16
USGS-400007076320001,YO  1150,40.00204246,-76.5330207,0.2,1,1986-12-09
USGS-400008075401001,CH  2348,40.00232956,-75.6691054,0.8,1,1988-06-24
USGS-400010075565001,CH  3330,40.0028813,-75.94689449,0.03,1,1988-08-23
USGS-400016075521101,CH  1376,40.00454914,-75.8693923,0.1,1,1987-09-04
USGS-400020076391201,YO  1165,40.00565316,-76.6530214,0.1,1,1987-07-22
USGS-400023076391901,YO  1148,40.00648646,-76.65496588,0.8500000000000001,2,1987-07-22
USGS-400023076391902,YO  1172,40.00648646,-76.65496588,0.06,1,1988-08-11
USGS-400025076401001,YO  1186,40.00704196,-76.6691326,0.43,1,1988-09-07
USGS-400025076401501,YO  1157,40.00704196,-76.6705215,0.37,1,1986-12-22
USGS-400026076413401,YO  1176,40.00731967,-76.69246609,0.01,1,1988-08-09
USGS-400033076344901,YO  1196,40.009,-76.5798333,7.0,1,1993-07-12
USGS-400037075550201,CH  3214,40.01038145,-75.9168931,0.1,1,1987-10-22
USGS-400039076412401,YO  1166,40.01093069,-76.6896884,0.2,1,1987-07-23
USGS-400046075444001,CH  2115,40.01288396,-75.7441099,0.2,1,1986-11-10
USGS-400052076233701,LN  2010,40.01441667,-76.3935833,1.0,1,1993-07-13
USGS-400053076392401,YO  1177,40.01481957,-76.6563549,0.01,1,1988-08-09
USGS-400105075534801,CH  3328,40.01815916,-75.8963363,0.32,1,1988-08-26
USGS-400106076363301,YO  1184,40.0184307,-76.6088547,0.5,1,1988-09-07
USGS-400117077343901,FR   813,40.0213611,-77.5773056,0.41000000000000003,2,1995-07-13
USGS-400118075383201,CH  2161,40.0217733,-75.64187868,0.56,1,1988-06-27
USGS-400120075414401,CH  2113,40.02232835,-75.695216,0.2,1,1986-11-10
USGS-400137076085201,LN  2025,40.02694444,-76.1477222,3.0,1,1993-07-21
USGS-400148075430101,CH  3117,40.0301055,-75.7166056,1.7,1,1987-08-31
USGS-400152076390801,YO   792,40.03120804,-76.65191068,0.2,1,1986-12-22
USGS-400153075353502,CH  2740,40.03149564,-75.5927071,0.28,1,1988-06-27
USGS-400155076343201,YO  1149,40.0320416,-76.57524359,0.8,1,1986-12-09
USGS-400202076354701,YO  1179,40.03398596,-76.596077,0.67,1,1988-08-09
USGS-400206075533601,CH  3122,40.0351028,-75.8930014,0.1,1,1987-09-04
USGS-400207075533701,CH  3131,40.03538059,-75.8932792,0.1,1,1987-09-04
USGS-400207076372401,YO  1185,40.0353747,-76.62302169,0.03,1,1988-09-07
USGS-400221075530401,CH  3076,40.0392694,-75.8841118,0.1,1,1987-07-16
USGS-400224075405501,CH  1213,40.04010538,-75.68160169,0.1,1,1987-07-02
USGS-400224075432701,CH  3125,40.0401049,-75.723827,0.1,1,1987-09-01
USGS-400227075522901,CH  3123,40.0409361,-75.8743891,0.6,1,1987-09-02
USGS-400230076410201,YO  1202,40.04138889,-76.6830556,0.255,2,1994-07-12
USGS-400232075410701,CH  3127,40.04232746,-75.684935,0.1,1,1987-09-01
USGS-400232075525701,CH  3337,40.04232485,-75.882167,0.04,1,1988-09-08
USGS-400233076370801,YO  1178,40.04259677,-76.6185773,0.01,1,1988-08-09
USGS-400236075544001,CH  3189,40.0434355,-75.9107791,0.03,1,1988-08-30
USGS-400238075320301,CH  1985,40.04399584,-75.5338124,1.2,1,1986-09-08
USGS-400238075535301,CH  3213,40.0439912,-75.897723,0.1,1,1987-10-21
USGS-400238075535601,CH  3315,40.0439912,-75.8985564,0.04,1,1988-09-01
USGS-400243075534301,CH  3219,40.04538008,-75.894945,0.02,1,1988-08-23
USGS-400245076322501,YO  1175,40.0459303,-76.53996578,0.01,1,1988-08-08
USGS-400251075531201,CH  3329,40.0476023,-75.8863334,0.04,1,1988-08-22
USGS-400259076072501,LN  2024,40.05030556,-76.1234167,2.0,1,1993-07-20
USGS-400300075523701,CH  1367,40.0501023,-75.8766106,0.4,1,1987-08-05
USGS-400301075545101,CH  2410,40.05037958,-75.9138343,0.1,1,1986-11-20
USGS-400301076275901,LN  1691,40.0503749,-76.4660755,0.9,1,1986-12-12
USGS-400313076305201,LN  1690,40.05370805,-76.51413239,0.5,1,1986-12-08
USGS-400315075523001,CH  3124,40.0542688,-75.8746657,0.1,1,1987-09-02
USGS-400317078233501,BD   325,40.05452778,-78.3928611,0.575,2,1994-07-25
USGS-400320075355301,CH  2847,40.05566128,-75.5977047,0.1,1,1987-09-05
USGS-400329075362201,CH  1616,40.05816107,-75.6057606,0.6,2,1987-10-23
USGS-400330075303601,CH  2634,40.0584401,-75.5096424,0.16,1,1988-08-15
USGS-400330077313001,CU   675,40.0583611,-77.52525,0.46,2,1995-07-26
USGS-400332075361501,CH  3215,40.05899439,-75.60381588,0.1,1,1987-10-23
USGS-400332075361801,CH  3335,40.05899438,-75.60464928,0.21,1,1988-09-06
USGS-400334076280101,LN  1728,40.05954138,-76.4666311,0.03,1,1988-08-08
USGS-400338075352701,CH  1617,40.06066117,-75.59048138,0.2,1,1987-06-03
USGS-400338075514401,CH  1296,40.0606575,-75.8618867,0.2,1,1987-09-02
USGS-400340075501201,CH  2418,40.0612134,-75.83633,0.1,1,1986-11-22
USGS-400348075351501,CH  3339,40.06343889,-75.58714748,0.1,1,1988-09-09
USGS-400359075514601,CH  1286,40.06649057,-75.8624418,0.2,1,1986-12-01
USGS-400404075284501,CH   202,40.06788479,-75.4788059,2.0,1,1996-09-10
USGS-400416076001801,LN  1732,40.07121079,-76.00467,0.13,1,1988-08-15
USGS-400417075341101,CH  1618,40.07149439,-75.5693675,0.2,1,1987-05-22
USGS-400419075342001,CH  3091,40.07204988,-75.5718676,6.6,1,1987-08-12
USGS-400421075340001,CH  3338,40.0726055,-75.5663116,0.14,1,1988-09-08
USGS-400432076005301,LN  1686,40.0756549,-76.0143924,0.3,1,1986-12-03
USGS-400432076011901,LN  2055,40.07555556,-76.0211111,0.01,1,1994-07-19
USGS-400435076012701,LN  1735,40.0764881,-76.02383708,0.04,1,1988-08-17
USGS-400443076010101,LN  1694,40.0787103,-76.01661449,0.3,1,1986-12-30
USGS-400452076331601,LN  2009,40.0813333,-76.5540556,4.0,1,1993-07-13
USGS-400457075300201,CH  3333,40.08260618,-75.5001946,0.17,1,1988-09-06
USGS-400504075290401,CH   333,40.08455086,-75.4840823,0.3,1,1986-11-15
USGS-400507075290701,CH  3113,40.08538415,-75.4849156,1.1,1,1987-08-28
USGS-400507075292401,CH  3331,40.08538407,-75.4896381,0.07,1,1988-08-23
USGS-400510075292501,CH  3334,40.08621737,-75.4899159,0.01,1,1988-09-06
USGS-400514077274501,CU   908,40.08702778,-77.4630833,0.255,2,1995-06-27
USGS-400534076010901,LN  1687,40.09287638,-76.018836,0.2,1,1986-12-04
USGS-400535075284701,CH   505,40.0931618,-75.479359,0.2,1,1987-05-08
USGS-400544075584501,LN  1715,40.09565446,-75.978834,0.04,1,1988-08-27
USGS-400547075582001,LN  1713,40.0964878,-75.9718892,0.02,1,1988-09-01
USGS-400549075584101,LN  1696,40.0970433,-75.9777228,0.1,1,1987-07-08
USGS-400554075581501,LN  1739,40.0984322,-75.9705001,0.08,1,1988-09-01
USGS-400604077293001,CU   909,40.10063889,-77.49052778,0.01,1,1995-07-06
USGS-400605075575501,LN  1740,40.10148768,-75.964944,0.01,1,1988-09-02
USGS-400605076335801,LN  SP14,40.10148448,-76.5658,0.32,1,1997-08-18
USGS-400606075574801,LN  1741,40.10176547,-75.96299949,0.11,1,1988-09-02
USGS-400614075415401,CH   693,40.1039908,-75.6979839,0.3,1,1987-05-29
USGS-400621075574701,LN  1684,40.10593195,-75.9627214,0.1,1,1986-11-21
USGS-400623076242302,LN  2007,40.1063333,-76.4063611,3.0,1,1993-07-19
USGS-400629076365201,LN  2005,40.10819444,-76.6145833,1.0,1,1993-07-20
USGS-400638075251701,MG  1400,40.11066239,-75.42102078,6.0,2,1994-08-22
USGS-400641075252801,MG  1163,40.11149564,-75.4240764,6.0,1,1994-09-01
USGS-400643075251901,MG  1403,40.1120512,-75.4215763,9.0,1,1994-08-25
USGS-400645075252501,MG  1162,40.1126067,-75.423243,2.0,1,1994-08-30
USGS-400647075171701,MG  1004,40.11316487,-75.2876803,0.4,1,1987-01-13
USGS-400649077255201,CU   927,40.11377778,-77.4309444,0.01,1,1995-08-09
USGS-400650075252001,MG  1161,40.1139956,-75.42185388,2.0,1,1994-09-01
USGS-400651075250801,MG  1368,40.11427345,-75.4185204,1.0,1,1994-08-29
USGS-400654075554601,LN  1737,40.11509854,-75.9291077,0.06,1,1988-08-17
USGS-400655076203401,LN  2015,40.115,-76.3434444,4.0,1,1993-07-21
USGS-400658075554601,LN  1736,40.1162096,-75.9291076,0.02,1,1988-08-17
USGS-400659075252501,MG  1404,40.1164955,-75.4232426,1.0,1,1994-09-14
USGS-400701075135301,MG  1002,40.1170544,-75.23101089,0.4,1,1987-01-08
USGS-400703075150801,MG  1003,40.11760989,-75.251845,0.4,1,1987-01-09
USGS-400703075253601,MG  1405,40.1176065,-75.4262983,1.0,1,1994-09-08
USGS-400708075550601,CH  1265,40.11898736,-75.9179956,0.2,1,1986-11-21
USGS-400711076113801,LN  2019,40.11980556,-76.1931944,10.0,1,1993-07-15
USGS-400713075255801,MG  1412,40.1203841,-75.4324094,3.0,1,1994-09-15
USGS-400738077085201,CU   924,40.1275,-77.1481944,0.20500000000000002,2,1995-06-26
USGS-400740075523001,CH   418,40.1278762,-75.87465889,0.3,1,1986-12-05
USGS-400744077242901,CU  SP22,40.12897745,-77.407763,0.3,1,1997-08-19
USGS-400745075112001,MG  1001,40.1292764,-75.1885091,0.2,1,1986-12-29
USGS-400746077262201,CU   910,40.13063889,-77.4386667,0.01,1,1995-07-06
USGS-400754077195201,CU   913,40.1323333,-77.3308611,0.255,2,1995-07-05
USGS-400755075103301,MG   399,40.13205416,-75.175453,0.1,1,1987-07-01
USGS-400800075343201,CH  1593,40.13343638,-75.5751942,1.4,1,1986-09-04
USGS-400814075003401,BK   396,40.1373321,-75.0090584,0.22,1,1986-12-21
USGS-400835077134401,CU   917,40.1428333,-77.229,0.31,2,1995-07-05
USGS-400835077171701,CU   916,40.13988889,-77.2900556,0.20500000000000002,2,1995-07-05
USGS-400837075510701,CH   427,40.14370898,-75.8516003,0.2,1,1986-12-05
USGS-400841074572201,BK  4200,40.144832,-74.95572329,0.2,1,1986-12-21
USGS-400846077455901,Fr 810,40.14758548,-77.78054889,0.28,1,1993-07-12
USGS-400853077230101,CU   912,40.14838889,-77.38375,0.01,1,1995-06-27
USGS-400854075501701,CH   703,40.14843108,-75.83771,0.1,1,1987-06-05
USGS-400905077152101,CU   915,40.15188889,-77.2554167,0.20500000000000002,2,1995-07-17
USGS-400908075053701,MG  1000,40.15233169,-75.09322769,0.1,1,1986-12-19
USGS-400910078231501,BD   649,40.15313889,-78.3875,0.01,1,1994-08-02
USGS-400911075360401,CH  3106,40.15315725,-75.60074919,0.1,1,1987-08-18
USGS-400916074560501,BK  1201,40.1545541,-74.9343336,0.3,1,1986-12-31
USGS-400918075303201,CH  4768,40.15510378,-75.5085208,6.0,1,1995-08-14
USGS-400924074553501,BK  1200,40.1567763,-74.926,0.1,1,1986-12-21
USGS-400927075335801,CH  3092,40.15760235,-75.5657464,11.0,1,1987-08-12
USGS-400928075345501,CH  1564,40.1578797,-75.5815807,8.6,1,1987-08-17
USGS-400930075321201,CH  2465,40.15843635,-75.5363,1.6,1,1987-08-12
USGS-400935075331801,CH  3184,40.15982475,-75.5546343,3.0,1,1996-08-28
USGS-400935075360401,CH  1565,40.15982365,-75.6007484,6.0,1,1986-09-03
USGS-400937077094201,CU   926,40.1605833,-77.1601944,0.01,1,1995-07-18
USGS-400941077185901,CU  SP17,40.1614771,-77.3160951,0.43,1,1997-08-22
USGS-400942077041201,CU   919,40.16152778,-77.0699167,0.20500000000000002,2,1995-07-11
USGS-400943077005001,CU  SP30,40.16203558,-77.0135882,0.41,1,1997-08-18
USGS-400946077015601,CU   922,40.16344444,-77.0323056,0.36,2,1995-07-11
USGS-400947075335001,CH  3100,40.16315775,-75.5635234,0.6,1,1987-08-13
USGS-400954075354501,CH  1567,40.16544444,-75.5954722,1.4,1,1987-08-13
USGS-401003077155301,CU  SP16,40.1675883,-77.2644277,0.43,1,1997-08-19
USGS-401004075362501,CH  3099,40.1678787,-75.60658119,1.7,1,1987-08-13
USGS-401011077061401,CU   923,40.16919444,-77.10413889,0.255,2,1995-07-10
USGS-401032075394701,CH  1501,40.17565475,-75.6626949,0.2,1,1987-08-20
USGS-401050075402401,CH  3105,40.18065425,-75.6729728,4.3,1,1987-08-18
USGS-401125077195801,CU   911,40.19055556,-77.3329167,0.20500000000000002,2,1995-07-10
USGS-401136077152701,CU   918,40.19277778,-77.2584722,0.01,1,1995-07-20
USGS-401159075463501,BE  1440,40.19981767,-75.7760329,0.2,1,1986-12-22
USGS-401159077095101,CU   904,40.19991667,-77.1638333,0.20500000000000002,2,1995-07-05
USGS-401200075354601,CH  1547,40.2000999,-75.5957434,1.2,1,1986-08-19
USGS-401211077124701,CU   903,40.20305556,-77.2130833,0.01,1,1995-07-13
USGS-401223074494201,BK  1202,40.20649785,-74.8279412,0.35,2,1987-05-07
USGS-401224077014901,CU   905,40.20705556,-77.02952778,0.01,1,1995-07-31
USGS-401242077055001,CU   921,40.21230556,-77.0974722,0.01,1,1995-07-12
USGS-401246075381001,CH  3116,40.212876,-75.6357444,1.6,1,1987-08-28
USGS-401248076571701,CU   898,40.21338889,-76.9541667,0.030000000000000002,2,1995-07-26
USGS-401253075395201,CH  3108,40.2148195,-75.6640792,0.2,1,1987-08-21
USGS-401259075405501,CH  1528,40.21648559,-75.68158,0.9,1,1986-09-08
USGS-401303078214401,BD   410,40.21755556,-78.3631111,0.03,1,1994-08-10
USGS-401341076584001,CU   902,40.2278333,-76.9774722,0.31,2,1995-07-18
USGS-401345076555801,CU   899,40.22930556,-76.9324722,0.01,1,1995-07-17
USGS-401359076553301,CU   901,40.2333611,-76.9258611,0.01,1,1995-07-27
USGS-401400077023701,CU   920,40.2332222,-77.0426667,0.01,1,1995-07-17
USGS-401440076531901,CU   906,40.2447222,-76.88827778,0.01,1,1995-07-18
USGS-401445076440801,DA   841,40.24613889,-76.73502778,0.20500000000000002,2,1995-07-11
USGS-401525078213801,BD   653,40.25691667,-78.3597778,0.04,1,1994-08-01
USGS-401546076543801,CU   285,40.2626111,-76.9105833,0.01,1,1995-07-24
USGS-401602076530301,DA   487,40.2673611,-76.8835556,0.01,1,1995-07-06
USGS-401605076411601,DA   840,40.26841667,-76.6875,0.01,1,1995-07-25
USGS-401617078253401,BD   652,40.2713333,-78.4261944,0.04,1,1994-08-09
USGS-401639076360801,LB  1161,40.2775833,-76.60188889,0.01,1,1995-07-11
USGS-401646076384801,DA   839,40.27975,-76.6468056,0.01,1,1995-07-25
USGS-401713076221901,LB  1167,40.28738889,-76.3715556,0.01,1,1995-07-12
USGS-401732076323901,LB  1163,40.29269444,-76.54138889,0.01,1,1995-06-28
USGS-401738078171801,BA   633,40.2938611,-78.2883611,0.02,1,1994-08-04
USGS-401750076274601,LB  1164,40.2953333,-76.46502778,0.01,1,1995-07-12
USGS-401808076233801,LB  1166,40.30216667,-76.3933056,0.01,1,1995-06-28
USGS-401856076345101,LB  1160,40.31563889,-76.5805556,0.305,2,1995-07-19
USGS-401901078222501,BA   630,40.3167222,-78.3734444,0.04,1,1994-08-09
USGS-401916076292201,LB  1165,40.32077778,-76.4885,0.01,1,1995-07-13
USGS-401920075015801,BK  1288,40.3223288,-75.0323916,0.14,1,1988-09-03
USGS-401945076214101,LB  1162,40.3291111,-76.3611111,0.305,2,1995-07-19
USGS-401948076294501,LB  SP18,40.33009168,-76.4955215,0.35,1,1997-08-22
USGS-402000076295301,LB  1159,40.33313889,-76.49902778,0.41000000000000003,2,1995-07-20
USGS-402002076244801,LB  1157,40.33363889,-76.4132222,0.01,1,1995-07-12
USGS-402029076254801,LB  1158,40.34119444,-76.43002778,0.765,2,1995-07-20
USGS-402033078153501,BA   635,40.34227778,-78.2597778,0.04,1,1994-08-04
USGS-402045076244801,LB  1156,40.3458611,-76.39425,5.625,2,1995-07-24
USGS-402047075384801,BE  1481,40.346485,-75.6462978,4.4,1,1988-07-27
USGS-402048075384501,BE  1487,40.3467628,-75.6454644,0.76,1,1988-08-11
USGS-402051075382501,BE  1439,40.34759628,-75.6399086,53.0,1,1986-08-18
USGS-402259077085401,PE   677,40.38305556,-77.1483333,1.0,1,1993-08-03
USGS-402623078113401,BA   636,40.43977778,-78.1921111,0.04,1,1994-08-01
USGS-402652076524001,DA   833,40.44777778,-76.8775,2.0,1,1993-08-03
USGS-402819077104701,PE   681,40.4722222,-77.1793056,1.0,1,1993-08-04
USGS-403029078114101,BA   637,40.50827778,-78.19538889,0.02,1,1994-08-10
USGS-403131076514401,DA   834,40.5272222,-76.85638889,1.0,1,1993-08-02
USGS-403148077492901,MF   402,40.52969444,-77.82425,0.23,2,1994-07-27
USGS-403438078154901,BA   631,40.57666667,-78.264,0.46,2,1994-08-10
USGS-403604078094601,HU   421,40.5947222,-78.1573611,0.8049999999999999,2,1994-08-08
USGS-403613076475801,DA   835,40.6034722,-76.7995833,4.0,1,1993-08-03
USGS-403702077413101,MF   403,40.61788889,-77.6926667,0.05,1,1994-07-28
USGS-403706077432801,MF   401,40.62005556,-77.72225,0.23,2,1994-07-27
USGS-403719075314401,LE  1288,40.4981532,-75.528518,0.08,1,1985-06-19
USGS-403913076275501,SC   614,40.6536111,-76.46527778,3.0,1,1993-07-26
USGS-403955077373301,MF   404,40.66552778,-77.6253611,0.29,2,1994-08-16
USGS-404116078113901,HU   407,40.6878401,-78.19362289,0.04,1,1994-08-08
USGS-404142078012101,HU   422,40.69519444,-78.0223333,0.01,1,1994-08-04
USGS-404228077565801,PSU AG SPRING,40.70784119,-77.9491694,0.12,1,1997-08-21
USGS-404233076353207,E4-30,40.7092523,-76.59190588,0.073,1,1998-06-16
USGS-404328077325501,MF   405,40.72505556,-77.5484444,0.05,1,1994-07-27
USGS-404435077182801,SN   249,40.74305556,-77.3075,1.0,1,1993-08-04
USGS-404446078045101,CE   546,40.74575,-78.0815,0.255,2,1994-08-04
USGS-404450078004101,CE   669,40.74705556,-78.0117778,0.04,1,1994-08-09
USGS-405105077492101,CE  SP18,40.8514502,-77.82222349,0.18,1,1997-08-21
USGS-405111077364201,CE   670,40.85313889,-77.6118056,0.01,1,1994-08-03
USGS-405229077380801,CE   671,40.8747222,-77.6355556,0.04,1,1994-08-02
USGS-405253077301501,CE   672,40.881,-77.50427778,0.03,1,1994-08-11
USGS-405300077473701,CE  SP12,40.88339456,-77.7933345,0.25,1,1997-08-21
USGS-405327077271201,CE   673,40.89125,-77.45302778,0.02,1,1994-08-03
USGS-405449079193901,AR   107,40.9134722,-79.32775,2.23,1,1997-08-27
USGS-405537077301301,CE   674,40.9269722,-77.5029167,6.9,2,1994-08-02
USGS-405847077253201,CN   SP9,40.97979028,-77.4252634,0.16,1,1997-08-20
USGS-410205079061101,JE   422   (LUSMIbur17),41.0350833,-79.1032222,2.72,1,1997-08-26
USGS-330848081362606,BW- 404,33.1468172,-81.6070546,16.0,1,1989-02-17
USGS-331037081184301,BW- 349,33.17876466,-81.3145509,1.5,1,1988-12-03
USGS-331209081344001,BW- 243,33.2023708,-81.5776096,4.6,1,1988-11-16
USGS-331209081344003,BW- 328,33.2023708,-81.5776096,3.0,1,1988-11-16
USGS-331209081344004,BW- 329,33.2023708,-81.5776096,4.0,1,1988-11-16
USGS-331238081392601,BW- 379,33.21070375,-81.6570557,1.3,1,1988-11-20
USGS-331238081392708,BW- 428,33.21070375,-81.6573335,5.0,1,1988-11-20
USGS-331239081392702,BW- 423,33.2109815,-81.6573335,2.7,1,1988-11-20
USGS-331239081392704,BW- 425,33.2109815,-81.6573335,3.0,1,1988-11-20
USGS-331239081392706,BW- 426,33.2109815,-81.6573335,2.4,1,1988-11-20
USGS-331251081453202,AK- 873,33.21431454,-81.7587244,7.5,1,1989-03-19
USGS-331255081372701,BW- 246,33.21264817,-81.6239995,2.6,1,1988-11-19
USGS-331255081372702,BW- 330,33.21348147,-81.6242773,3.2,1,1988-11-17
USGS-331255081372703,BW- 331,33.21431478,-81.6234439,1.8,1,1988-11-19
USGS-331330081373301,BW- 288,33.2251477,-81.6256662,5.0,1,1988-11-19
USGS-331446081365807,BW- 395,33.24625808,-81.6159438,2.7,1,1988-12-07
USGS-331511081402105,BW- 313,33.2532022,-81.67233378,2.3,1,1988-12-18
USGS-331630081342402,BW- 398,33.2751465,-81.57316489,1.4,1,1989-01-07
USGS-331709081380508,BW- 434,33.28597936,-81.63455489,1.2,1,1989-02-20
USGS-331709081380603,BW- 431,33.28597935,-81.6348327,1.2,1,1989-02-20
USGS-331712081431901,AK- 865,33.28681217,-81.7217788,1.4,1,1988-11-28
USGS-331712081431902,AK- 887,33.28681217,-81.7217788,1.6,1,1989-02-19
USGS-331712081431904,AK- 889,33.28681217,-81.7217788,1.0,1,1989-02-19
USGS-331712081431905,AK- 860,33.28681217,-81.7217788,1.6,1,1989-02-19
USGS-331914081242801,BW- 358,33.32126,-81.40705109,4.0,1,1988-12-02
USGS-332015081423101,AK- 892,33.33764408,-81.7084446,2.4,1,1989-03-19
USGS-332238081382601,AK- 643,33.37736618,-81.64038739,1.9,1,1989-02-04
USGS-332238081382703,AK- 859,33.37736617,-81.6406652,1.1,1,1989-02-04
USGS-332616081462001,AK- 817,33.43791779,-81.770389,2.4,1,1988-11-30
USGS-333230081290501,AK- 826,33.54236825,-81.4856612,5.4,1,1988-12-01
USGS-342624081113501,FA- 391,34.44014417,-81.19286909,5.84,1,1998-07-29
USGS-06408500,"SPRING CR NEAR HERMOSA,SD",43.9416695,-103.1591456,3.5,1,1996-09-09
USGS-06425100,"ELK CREEK NR RAPID CITY,SD",44.2402646,-103.1512907,3.8,1,1996-09-05
USGS-06430532,"CROW CREEK NEAR BEULAH, WY",44.5705398,-104.0057655,2.8,1,1996-08-30
USGS-423119096353801,89N49W14DBCB 2,42.52194029,-96.5942,2.5,1,1979-11-07
USGS-423242096362501,89N49W10AABA,42.5449959,-96.6072559,2.3,1,1979-11-07
USGS-423300096331801,89N48W 6DCB,42.5499953,-96.5553102,1.3,1,1979-11-07
USGS-423312096284301,89N48W 2CAAA,42.55332778,-96.4789195,0.7,1,1979-11-07
USGS-423542096344801,90N49W24CACB,42.59499547,-96.5803109,20.0,1,1979-11-07
USGS-423549096401201,90N49W19DBAB,42.59694115,-96.6703133,1.8,1,1979-11-07
USGS-423610096320601,92N51W 3ADAC,42.76944208,-96.8686533,19.0,1,1979-11-07
USGS-423842096394601,91N49W 5BBCC,42.6449966,-96.6630911,1.5,1,1979-11-07
USGS-423921096331801,91N48W31ACCC 2,42.6558282,-96.5553101,31.0,1,1979-11-13
USGS-423921096361801,91N49W35BCCC 2,42.655829,-96.6053116,17.0,1,1979-11-13
USGS-424040096470901,91N50W12DDDA,42.67777589,-96.7861505,4.6,1,1979-11-26
USGS-424113096411301,91N49W19BCCA           CTY ELK POINT,42.68694147,-96.6872588,0.07500000000000001,2,1980-05-06
USGS-424127096440901,91N50W22BAAA,42.6908312,-96.7361493,4.1,1,1979-11-26
USGS-424142096371901,91N49W15CCAC,42.6949959,-96.6222567,38.0,1,1979-11-13
USGS-424218096394601,91N49W17BBBC,42.7049966,-96.6630914,1.0,1,1979-11-26
USGS-424225096462601,91N50W 8DCCB2,42.7069426,-96.774206,6.0,1,1979-11-26
USGS-424427096393601,92N49W32CBAC,42.7408299,-96.6603137,0.8,1,1979-11-13
USGS-424503096512801,92N51W27CDBD,42.7508314,-96.8580973,0.7,1,1979-11-26
USGS-424510096545701,92N51W12CCCC,42.7527757,-96.9161542,8.7,1,1979-11-28
USGS-424543096465801,92N50W29CCC,42.76194239,-96.7830956,0.2,1,1979-11-26
USGS-424713096592001,92N52W16ACDC,42.78694155,-96.9892118,1.0,1,1979-11-02
USGS-424720096444201,92N50W15BCBB,42.78888608,-96.7453172,0.5,1,1979-11-13
USGS-424725097591601,92N60W18BBDC,42.79027816,-97.9881258,2.1,1,1979-10-18
USGS-424740097065301,92N53W 9CDCC,42.79444167,-97.1150489,0.7,1,1979-11-02
USGS-424743097023201,92N53W12DDDA,42.7952748,-97.0425467,0.8,1,1979-10-24
USGS-424810096392501,92N49W 8BDBD,42.80277299,-96.6572586,45.0,1,1979-11-13
USGS-424810096552601,92N52W12ADAB,42.80277459,-96.9242105,1.0,1,1979-11-28
USGS-424814096353801,92N49W11ABCC,42.8038829,-96.5942007,4.0,1,1979-11-28
USGS-424818096470201,92N50W 8BBBC,42.8049968,-96.7842073,1.9,1,1979-11-19
USGS-424825097093201,92N53W 7BBBB,42.80694159,-97.159217,0.5,1,1979-11-02
USGS-424828098022401,92N61W 3CDC,42.80777748,-98.0403496,0.2,1,1979-10-02
USGS-424902096504901,92N51W 3ADDB,42.8172187,-96.8472644,1.5,1,1979-11-06
USGS-424904097115601,92N54W 3ACAA,42.8177749,-97.1992182,0.2,1,1979-11-02
USGS-425015098060601,93N61W31BAAB,42.8374986,-98.1020184,1.0,1,1979-10-02
USGS-425040097054801,93N53W27BCD,42.84444078,-97.0969931,2.2,1,1979-10-24
USGS-425045097544601,93N60W27ADBA,42.84583255,-97.9131244,0.9,1,1979-10-18
USGS-425049096471301,93N50W30AADC,42.84694019,-96.7872634,5.3,1,1979-11-19
USGS-425056096333901,93N48W30BBAD,42.8488813,-96.5611442,2.0,1,1979-11-28
USGS-425058096590801,93N52W28AADC,42.84944025,-96.985879,1.4,1,1979-11-02
USGS-425100096450001,93N50W28AABA,42.84999565,-96.7503181,0.3,1,1979-11-13
USGS-425101096513901,93N51W22CCDD,42.85027349,-96.8611539,3.0,1,1979-11-26
USGS-425102097022801,93N52W19CCCC,42.8505515,-97.041436,1.1,1,1979-10-24
USGS-425103096395701,93N49W19DDD,42.8508275,-96.6661482,1.7,1,1979-11-27
USGS-425103097583901,93N60W19DDCC,42.8508324,-97.977848,0.4,1,1979-10-18
USGS-425125097093201,93N53W19CBB,42.85694088,-97.1592172,0.5,1,1979-10-24
USGS-425136097534501,93N60W23ADAC,42.8599989,-97.8961796,0.1,1,1959-09-28
USGS-425143097140201,93N54W21BCAA,42.86194118,-97.2342193,0.7,1,1979-10-29
USGS-425154096554201,93N52W13DDCC,42.8649954,-96.9286556,1.1,1,1979-11-06
USGS-425247096583001,93N52W10CDDC,42.87971738,-96.9753234,0.5,2,1979-11-02
USGS-425248097065701,93N53W16BABB,42.87999585,-97.1161606,0.7,1,1979-10-24
USGS-425258097401201,93N58W11CBDC,42.88277636,-97.6703426,0.6,1,1979-11-08
USGS-425308097092201,93N53W 7CBAC,42.88555156,-97.1564395,0.8,1,1979-10-29
USGS-425309097250101,93N56W11ADDD,42.88583108,-97.4172823,2.5,1,1979-11-15
USGS-425320098173401,93N63W 9ABDD,42.88888568,-98.2931348,2.8,1,1979-10-16
USGS-425327097510001,93N59W 8BBCA,42.8908317,-97.8503455,0.8,1,1979-10-22
USGS-425331097582601,93N60W 7AABD,42.8919426,-97.974237,0.4,1,1979-10-18
USGS-425334097433801,93N58W 8BAAB,42.89277627,-97.7275654,0.6,1,1979-11-07
USGS-425334097543201,93N60W11BBBB,42.89277605,-97.9092357,4.7,1,1979-10-22
USGS-425336097201101,93N55W 9AAAD,42.8933304,-97.3367234,0.2,1,1979-11-15
USGS-425338096382001,93N49W 4CDCC,42.89388159,-96.639203,0.3,1,1979-11-27
USGS-425339097351301,93N57W 9BABA,42.894165,-97.5872864,16.0,1,1979-11-07
USGS-425340097473701,93N59W 2CCC,42.89444287,-97.7939554,1.1,1,1979-10-22
USGS-425342097162601,94N55W25CCDD,42.8949966,-97.2742209,0.6,1,1979-11-15
USGS-425345096322401,93N50W 2AACB,42.8958244,-96.5403103,3.3,1,1979-11-27
USGS-425345096545001,93N51W 6CDAD,42.895828,-96.9142111,0.5,1,1979-11-19
USGS-425349096360701,93N49W 2CCAA,42.89693649,-96.6022572,0.6,1,1979-11-28
USGS-425352097275701,93N56W 4CADD,42.89777578,-97.4661732,0.9,1,1979-11-15
USGS-425356098170402,93N63W 3CBDD2,42.89888547,-98.2848013,0.08,1,1979-09-04
USGS-425358097333601,93N57W 3DBDD,42.8994427,-97.5603418,0.4,1,1979-11-07
USGS-425400098100401,93N62W 3CBBB,42.89999695,-98.1681316,0.6,1,1979-11-06
USGS-425418097132201,93N54W 4ADBB,42.90499617,-97.223108,1.0,1,1979-10-29
USGS-425425096423201,93N50W 2AACB2,42.9069379,-96.709206,26.0,1,1979-11-27
USGS-425425097023401,93N53W 1AAAC,42.90693937,-97.0431032,1.1,1,1979-11-02
USGS-425440097212501,93N55W 4BBC2,42.9111082,-97.3572799,0.06,1,1979-07-03
USGS-425504096590501,94N52W33ADAC,42.91777215,-96.9850462,0.8,1,1979-11-02
USGS-425519098122801,94N62W30DDDA,42.9219407,-98.2081328,59.0,1,1979-11-06
USGS-425522097060701,94N53W33AAAB,42.9227728,-97.1022716,0.6,1,1979-10-24
USGS-425533096411301,94N50W25DDAC,42.925826,-96.6872609,0.5,1,1979-11-27
USGS-425555097474501,94N59W27ADBC,42.9319422,-97.7961779,0.6,1,1979-10-22
USGS-425558097283301,94N56W29ADAA,42.93277558,-97.4761737,0.3,1,1979-11-14
USGS-425606098062801,94N61W30BCBA,42.9349966,-98.1081299,1.5,1,1979-10-30
USGS-425609096325601,94N48W30AAAA,42.93582369,-96.5491997,8.0,1,1979-11-14
USGS-425609096361801,94N49W26BBBB,42.9358245,-96.6053131,18.0,1,1979-11-27
USGS-425609097134801,94N54W28BAAB,42.9358292,-97.2303306,0.8,1,1979-10-29
USGS-425609097394601,94N58W26ABBB,42.93583119,-97.6631206,0.4,1,1979-11-06
USGS-425609097551201,94N60W27ABBB,42.9358307,-97.9203473,2.8,1,1979-10-22
USGS-425612096544901,94N51W30ABBB,42.93666045,-96.9139338,1.9,1,1979-11-19
USGS-425612097211301,94N55W28BBCA,42.93666349,-97.3539465,2.1,1,1979-11-14
USGS-425612097245601,94N56W25BBBC,42.93666397,-97.4158935,1.3,1,1979-11-14
USGS-425613096472001,94N50W30ABAD,42.93693788,-96.7892088,0.2,1,1979-11-26
USGS-425616096440901,94N50W27CAAB,42.93777087,-96.7361519,0.6,1,1979-11-27
USGS-425616097011501,93N53W19CBB2,42.9377719,-97.0211584,0.2,1,1979-10-24
USGS-425616098022401,94N61W22CADA,42.9377747,-98.0403502,0.3,1,1979-10-30
USGS-425624097430301,94N58W20DDAB,42.93999776,-97.7178434,28.0,1,1979-11-06
USGS-425624097580801,94N60W20CBCC,42.93999717,-97.9692372,0.5,1,1979-10-18
USGS-425631097164401,94N55W24CADA,42.9419406,-97.2792212,1.8,1,1979-11-15
USGS-425631097354901,94N57W20DACA,42.94194228,-97.5972867,0.8,1,1979-11-08
USGS-425633098260601,94N64W20DBDC,42.9425,-98.435,6.0,1,1979-10-15
USGS-425638097090001,94N53W19CAAA,42.943884,-97.1503285,0.6,1,1979-10-29
USGS-425639097512201,94N59W19DAAB,42.94416405,-97.856457,0.7,1,1979-10-22
USGS-425649097322401,94N57W23ADAA,42.94694229,-97.5403418,0.4,1,1979-11-08
USGS-425701096511201,94N51W22ABBD,42.95027107,-96.8536548,0.9,1,1979-11-06
USGS-425812097142001,94N54W 8DDAA,42.96999555,-97.2392198,1.0,1,1979-10-29
USGS-425819096432601,94N50W11CBCB,42.97193647,-96.7242073,0.2,1,1979-11-27
USGS-425823098275701,94N64W 7CBBC,42.9730514,-98.4661928,10.0,1,1979-10-15
USGS-425830097432601,94N58W 8CDAD,42.9749972,-97.7242326,0.8,1,1979-11-06
USGS-425840096500901,94N51W11BDAB,42.9777703,-96.8361547,26.0,1,1979-11-19
USGS-425840097165101,94N55W12AAC,42.9777736,-97.2811658,2.3,1,1979-11-15
USGS-425840097394301,94N58W11ABCA,42.97777508,-97.6622875,0.7,1,1979-11-06
USGS-425845096482901,94N51W12AAAC,42.97915909,-96.8083764,0.2,1,1979-11-19
USGS-425849097504701,94N59W 8BAAB,42.9802745,-97.8467349,1.0,1,1979-10-23
USGS-425851097021301,94N52W 7CCAA,42.9808268,-97.0372703,0.9,1,1979-11-02
USGS-425852096585601,94N52W 3CCCC,42.98110415,-96.9825468,3.7,1,1979-11-02
USGS-425853097043101,94N53W 2CDCC,42.9813827,-97.0756046,0.9,1,1979-11-02
USGS-425855096385201,94N49W 5DDDC,42.98193516,-96.648093,11.0,1,1979-11-27
USGS-425855097585501,94N60W 6CDDB,42.98194067,-97.9822933,0.8,1,1979-10-18
USGS-425858097245101,94N56W 1CCCD,42.98277468,-97.4145046,2.6,1,1979-11-13
USGS-425859098205301,94N63W 6CCCB,42.9830508,-98.3484132,0.3,1,1979-10-16
USGS-425902097473801,94N59W 3DADC,42.9838857,-97.7942338,2.0,1,1979-10-24
USGS-425904097542101,94N60W 2CDAB,42.98444089,-97.9061806,0.9,1,1979-10-22
USGS-425906097093601,94N54W 1DADD,42.9849946,-97.1603289,0.5,1,1979-10-29
USGS-425906097315101,94N57W 1CBDD,42.9849975,-97.5311752,0.3,1,1979-11-08
USGS-425909096352001,94N49W 2DADB,42.98582315,-96.5892017,0.5,1,1979-11-14
USGS-425920097202401,94N55W 4ADC,42.9888851,-97.3403349,1.1,1,1979-11-15
USGS-425924096322401,94N48W 5BBAA,42.98998906,-96.5403108,10.0,1,1979-11-14
USGS-425927098060001,94N61W 6BACD,42.9908288,-98.100352,0.2,1,1979-10-24
USGS-425928096533901,94N51W 5ACBB,42.99110358,-96.8944894,0.4,1,1979-11-28
USGS-430003103400801,12S 4E17DDCB,43.00218994,-103.6727042,1.7,1,1979-06-07
USGS-430010103560901,12S 2E18CCAC,43.002746,-103.9363186,66.0,1,1979-06-07
USGS-430014103542101,12S 2E17CADA,43.00385695,-103.9063182,94.0,1,1979-06-04
USGS-430025103132601,12S 8E18BCAC,43.00691757,-103.224362,0.2,1,1979-05-18
USGS-430025103494401,12S 2E13BACD,43.00691207,-103.8293728,20.0,1,1979-06-07
USGS-430027102311801,35N44W17DBCA (OST Shallow North well),43.0074859,-102.5221056,7.0,2,1989-02-22
USGS-430039097063501,95N53W33ABBB,43.01082685,-97.1100502,0.1,1,1981-04-01
USGS-430050103255101,12S 6E 8DCDB,43.0138592,-103.4313112,2.9,1,1979-05-17
USGS-430056102261501,35N44W13AADB,43.0155432,-102.437936,2.05,2,1997-06-26
USGS-430120102341601,35N45W12CCCA,43.0188737,-102.5718303,38.5,2,1996-09-09
USGS-430122102342801,35N45W11DAAC,43.0227625,-102.5762751,10.2,2,1997-07-08
USGS-430125102324001,35N44W 7ACCC R,43.02470768,-102.5437737,6.45,2,1996-08-21
USGS-430125102324002,35N44W 7CAAA R,43.02331876,-102.5448849,6.55,2,1996-08-20
USGS-430129102333101,35N45W12ACCA R,43.0258184,-102.5615523,4.5,2,1996-09-05
USGS-430140102324101,35N44W 7ACBB R,43.0277632,-102.5457184,11.65,2,1996-08-29
USGS-430141102343701,35N45W12BDDB R,43.0260961,-102.5648858,11.65,2,1995-12-07
USGS-430157102333801,35N45W 1DCDA R,43.0324851,-102.559608,7.8,2,1996-08-22
USGS-430202103234901,12S 6E 3CABA,43.03386,-103.3974215,39.0,1,1979-05-17
USGS-430213103255801,12S 6E 5ACAC,43.0369152,-103.4332554,16.0,1,1979-05-17
USGS-430223102084901,35N41W 4ACDD,43.03916045,-102.1473733,4.55,2,1996-09-26
USGS-430224103394601,12S 4E 5AACA,43.03996865,-103.6632583,4.0,1,1979-05-21
USGS-430227103432601,12S 3E 2ABAC,43.04080147,-103.72437,11.0,1,1979-06-07
USGS-430231103203801,11S 7E31CCCC,43.04191637,-103.3443649,12.0,1,1979-05-15
USGS-430234103095401,11S 8E34CCDC,43.04275306,-103.1654719,59.0,1,1979-05-18
USGS-430247102273201,36N44W35DDCD,43.04637609,-102.4593266,3.35,2,1997-07-23
USGS-430328103162201,11S 7E27DCAD,43.0577508,-103.2732526,17.0,1,1979-05-17
USGS-430422103451401,11S 3E22CDCC,43.0727464,-103.754369,5.4,1,1979-06-07
USGS-430437103490101,11S 3E19CBCB,43.0769134,-103.8174258,4.5,1,1979-06-07
USGS-430439102350701,36N45W23CDBD R,43.07720697,-102.5862772,8.35,2,1996-09-03
USGS-430439102350702,36N45W23DCBC,43.0780403,-102.5851661,9.65,2,1996-09-03
USGS-430441098555801,95N68W 6BCDD,43.07805265,-98.9331457,10.5,1,1980-04-25
USGS-430451103384901,11S 4E21ACAA,43.080803,-103.6474235,11.0,1,1979-05-21
USGS-430455103012201,11S 9E23BACD,43.0819235,-103.0232468,13.0,1,1979-05-17
USGS-430458103035401,11S 9E21BBDA,43.08275588,-103.0654701,8.7,1,1979-05-17
USGS-430513103155401,11S 7E14CCBC,43.0869181,-103.265475,1.0,1,1979-05-19
USGS-430531102354101,36N45W15DDAB,43.0927624,-102.5957226,9.6,2,1997-07-08
USGS-430534103195501,11S 7E18ACDD,43.0927508,-103.3324202,5.8,1,1979-05-17
USGS-430607103132601,11S 8E 7CCAA,43.10191915,-103.2243632,32.0,1,1979-05-18
USGS-430703102383101,36N45W 5DCCA R,43.11998399,-102.6407255,7.1,2,1996-09-25
USGS-430706102382802,36N45W 5DCAC R,43.12053956,-102.6401699,8.45,2,1996-09-19
USGS-430708103363201,11S 4E 2DBDB,43.1188597,-103.6093665,0.2,1,1979-06-04
USGS-430709102382801,36N45W 5DCCB R,43.1213729,-102.6390588,10.3,2,1996-09-18
USGS-430726102391202,36N45W 6DAA R,43.12387269,-102.6537817,7.05,2,1996-09-12
USGS-430738102055901,36N41W 1BBCB,43.1272158,-102.1004302,3.9,2,1997-07-17
USGS-430742102394301,36N45W 6DAAC R,43.1241504,-102.6565597,9.7,2,1996-09-17
USGS-430748103242501,10S 6E33DDDB,43.12997296,-103.4074208,6.2,1,1979-05-17
USGS-430813103335701,10S 5E31ADCA,43.136916,-103.5663103,26.0,1,1979-05-21
USGS-430826098190601,96N63W 8CDA,43.140548,-98.3186898,0.03,1,1979-08-04
USGS-430831103031401,10S 9E33AABC,43.141923,-103.0543604,6.1,1,1979-05-16
USGS-430842103380201,10S 4E27CDBD,43.1449712,-103.6343657,95.0,1,1979-05-21
USGS-430849103155401,10S 7E26DBCD,43.14691926,-103.2654755,19.0,1,1979-05-17
USGS-430900103123901,10S 8E30ADDC,43.1499757,-103.211308,9.5,1,1979-05-18
USGS-430903103201301,10S 7E30BDBB,43.15080746,-103.3374203,17.0,1,1979-05-17
USGS-430907103004601,10S 9E26ADBA,43.15192377,-103.0132487,21.0,1,1979-05-17
USGS-430914103492601,10S 2E25ABCA,43.15385945,-103.8243678,8.4,1,1979-06-12
USGS-430928102225102,37N43W26CADD R,43.1485995,-102.3757156,5.9,2,1995-11-30
USGS-430929102225301,37N43W26CDAA R,43.14804395,-102.3757156,4.5,2,1995-11-30
USGS-431022103582201,10S 1E22CCCC,43.1727487,-103.9732611,4.8,1,1979-06-11
USGS-431102103223001,10S 6E14BADD,43.18386326,-103.3754759,16.0,1,1979-05-17
USGS-431106103504901,10S 2E14AAAD,43.18497118,-103.8474231,8.8,1,1979-06-11
USGS-431113103185701,10S 7E 8CDDD,43.18691949,-103.3163092,1.2,1,1979-05-19
USGS-431113103310401,10S 5E15BBAA,43.18691746,-103.5182536,70.0,1,1979-05-19
USGS-431116103065001,10S 8E17DCAD,43.18775557,-103.1143626,25.0,1,1979-05-17
USGS-431116103104801,10S 8E 9CDDB,43.18775457,-103.1804747,34.0,1,1979-05-17
USGS-431120103152501,10S 7E11CDAD,43.18886457,-103.2574203,11.0,1,1979-05-17
USGS-431124103431501,10S 3E11DDAC,43.18997156,-103.7213084,0.2,1,1979-05-20
USGS-431127103001801,10S 9E12CBDA,43.19081277,-103.005472,6.3,1,1979-05-16
USGS-431200103342201,10S 5E 7BAAC,43.19997289,-103.573253,29.0,1,1979-05-19
USGS-431218103512501,10S 2E 3DADD,43.20497155,-103.8574229,10.0,1,1979-06-12
USGS-431232103513501,10S 2E 3DDA,43.2055271,-103.8602008,20.3,1,1979-06-29
USGS-431239103060701,10S 9E 6BDBB,43.21081147,-103.1024185,12.0,1,1979-05-16
USGS-431242103451001,10S 3E15BA,43.18580457,-103.753253,0.07,1,1979-08-30
USGS-431243103230201,10S 6E 2BBBB,43.21191929,-103.3843646,4.2,1,1979-06-05
USGS-431250103002801,10S 9E 1BBBB,43.21386827,-103.0082506,24.0,1,1979-05-16
USGS-431304103091801,009S08E34DCAC,43.21775528,-103.1554749,9.3,1,1979-05-19
USGS-431344103123601,009S08E31AAAC,43.22886587,-103.2104758,2.1,1,1979-05-17
USGS-431351102280601,38N44W25DDCD,43.22970907,-102.4687769,11.6,2,1997-07-09
USGS-431355103161501,009S07E27DDCB,43.2319208,-103.2713095,9.5,1,1979-05-19
USGS-431405102282901,38N44W25DBDC R,43.234709,-102.472666,18.05,2,1995-12-06
USGS-431409103253001,009S06E29DADA,43.23580825,-103.4254753,115.0,1,1979-05-19
USGS-431415101010601,38N31W29BCCB R,43.23750408,-101.0187596,0.8200000000000001,2,1995-09-21
USGS-431420097344702,97N57W 9AADB2,43.23887979,-97.5800664,1.0,1,1980-12-12
USGS-431420103302101,009S05E27ADCA,43.23886309,-103.5063081,29.0,1,1979-05-19
USGS-431427099311301,97N73W 7ABAB,43.24083427,-99.520664,2.1,1,1980-09-09
USGS-431427100561201,38N31W25BBAC,43.24055996,-100.9340355,1.23,2,1995-09-21
USGS-431427103205601,009S06E25AACD,43.24080909,-103.3493646,40.0,1,1979-05-30
USGS-431440102202801,38N42W30ADBD R,43.23998857,-102.3307166,14.2,2,1995-11-29
USGS-431442102201601,38N42W30ABBB R,43.24443289,-102.3384948,20.05,2,1996-09-24
USGS-431445103352401,009S04E24DCCA,43.24580708,-103.5904739,8.5,1,1979-05-20
USGS-431455100554801,38N31W24DADB,43.2486154,-100.9304242,3.17,2,1995-09-19
USGS-431501101005701,38N31W20CBAA,43.25028176,-101.0162594,0.715,2,1995-09-21
USGS-431505100560901,38N31W24ACCA,43.25139318,-100.9362576,2.605,2,1995-09-21
USGS-431505100565801,38N31W23ACCB R,43.25139316,-100.9495913,1.9449999999999998,2,1995-09-18
USGS-431508100562101,38N31W24BDAD R,43.25222649,-100.9393133,1.585,2,1995-09-19
USGS-431515100553901,38N30W19BCBA R,43.25389315,-100.927924,2.915,2,1995-09-19
USGS-431517100562301,38N31W24BDAC2 R,43.25472645,-100.9401466,76000.0,1,1995-09-20
USGS-431520100593601,38N31W16DBAA,43.2652818,-100.9857032,2.455,2,1995-09-21
USGS-431526100563201,38N31W23AAB2,43.2572264,-100.9426466,21.0,1,1992-11-30
USGS-431526100563202,38N31W23AAAB2 R,43.2572264,-100.94348,3.9899999999999998,2,1995-09-18
USGS-431526100563203,38N31W23AAAB3 R,43.2572264,-100.94348,4.8100000000000005,2,1995-09-18
USGS-431526102202601,38N42W30ABAC R,43.24443295,-102.3337724,7.15,2,1995-11-29
USGS-431532103392501,009S04E21BBAA,43.2588624,-103.6574177,18.0,1,1979-05-31
USGS-431536100543101,38N30W18DDAD,43.26,-100.9088889,3.48,2,1995-09-20
USGS-431536103301001,009S05E15DDDA,43.25997469,-103.5032523,26.0,1,1979-05-30
USGS-431540100545801,38N30W18DCBD,43.26055556,-100.9158333,11.7,2,1995-09-20
USGS-431545100541501,38N30W17CBDD,43.26194859,-100.9032011,5.63,2,1995-09-20
USGS-431601103192601,009S07E17BCCC,43.2669211,-103.3243647,6.1,1,1979-05-09
USGS-431620100560601,38N30W18BAAA R,43.27222619,-100.918757,2.8649999999999998,2,1995-09-21
USGS-431620100581301,38N31W10DCCC R,43.27222615,-100.9707028,1.9949999999999999,2,1995-09-22
USGS-431625101551201,38N39W15AABD R,43.2736061,-101.9137629,4.6,2,1995-11-08
USGS-431632103511501,009S02E11CCDC,43.2755282,-103.8546437,0.06,1,1979-08-31
USGS-431633103263401,009S06E08CCBD,43.275809,-103.4432526,33.0,1,1979-05-30
USGS-431651103530901,009S02E09DBBB,43.2808059,-103.8863118,0.2,1,1979-06-12
USGS-431703101560801,38N39W10CBCC R,43.2777726,-101.9304298,3.9,2,1995-11-08
USGS-431713103150301,009S07E11AABC,43.2869225,-103.2513097,3.4,1,1979-05-09
USGS-431724103224401,009S06E02CDBD,43.28997676,-103.3793642,9.9,1,1979-06-05
USGS-431753103492601,009S02E01ACDB,43.2980285,-103.8243646,5.1,1,1957-10-01
USGS-431814103125001,008S08E31CDDB,43.3038678,-103.2143648,12.0,1,1979-05-16
USGS-431818103405101,008S04E31DDCB,43.304974,-103.6813062,48.0,1,1979-05-31
USGS-431825103414201,008S04E31CCBA,43.30691834,-103.6954728,1.5,1,1979-08-06
USGS-431836103363901,008S04E35BDCD,43.3099748,-103.6113067,29.0,1,1979-08-15
USGS-431843103361801,008S04E35ACDB,43.3119193,-103.6054734,13.0,1,1979-05-30
USGS-431904103441301,008S03E27DDDD,43.31775139,-103.7374169,1.0,1,1979-05-31
USGS-431904103473801,008S03E29CCCC,43.31775108,-103.7943633,18.0,1,1979-06-07
USGS-431904104023101,008S01E31ABBB,43.31775015,-104.0424305,0.4,1,1979-08-08
USGS-431907102223501,39N43W36BCCC R,43.31859988,-102.3768306,12.95,2,1995-11-28
USGS-431915103523001,008S02E28DDAA,43.32080635,-103.875478,0.2,1,1979-06-13
USGS-431919103035001,008S09E29DADA,43.32192527,-103.0643633,10.0,1,1979-05-16
USGS-431937103261301,008S06E29BCAB,43.3269215,-103.437419,18.0,1,1979-05-30
USGS-431945099052001,98N70W11C,43.32916496,-99.0892594,0.1,1,1979-08-04
USGS-431948103154601,008S07E27AAAC,43.32997928,-103.2632539,3.1,1,1979-05-09
USGS-431958103504201,008S02E23CDDD,43.332751,-103.8454767,0.4,1,1979-08-08
USGS-431958103515001,008S02E22DCCC,43.33275095,-103.8643665,0.2,1,1979-08-09
USGS-432006103121401,008S08E19DADC,43.33497999,-103.2043647,29.0,1,1979-05-16
USGS-432006103330501,8S 5E20CDAB,43.3349759,-103.5518625,5.7,1,1957-11-01
USGS-432009103192601,008S07E19DADC,43.33581204,-103.3243644,15.0,1,1979-05-09
USGS-432009103301001,008S05E22DACC,43.33580985,-103.5032517,28.0,1,1979-05-30
USGS-432028103331601,008S05E20BDCB (Cool Spring),43.34106258,-103.5549999,3.4,1,1996-09-12
USGS-432034103392801,008S04E20AADD,43.3427526,-103.6582507,51.0,1,1979-06-13
USGS-432107103422101,008S03E13DBCB,43.3519188,-103.706306,109.0,1,1979-08-11
USGS-432110103224001,008S06E14BCDC,43.3527563,-103.3782528,0.2,1,1979-05-09
USGS-432113103224801,008S06E14ADCD,43.3544231,-103.3710306,0.38,1,1979-08-29
USGS-432114103494401,008S02E13BDCC,43.3538624,-103.8293649,17.0,1,1979-06-07
USGS-432125103521501,008S02E15BCAC,43.3569178,-103.8713113,0.4,1,1979-08-08
USGS-432125103543201,008S02E17BDBB,43.35691765,-103.9093686,0.2,1,1979-08-07
USGS-432127103325601,008S05E17ACBB,43.35747645,-103.5493624,5.5,1,1994-05-11
USGS-432128103421401,008S03E13ACAB,43.35775227,-103.7043615,45.0,1,1979-08-03
USGS-432128103422101,008S03E13ACBB,43.35775225,-103.706306,0.7,1,1979-08-03
USGS-432128103531601,008S02E16BACD,43.35775109,-103.8882565,0.4,1,1979-08-09
USGS-432136103321001,008S05E16BBAD,43.35997667,-103.5365847,6.4,1,1994-05-12
USGS-432139103582201,008S01E14BBBA,43.36080629,-103.9732604,0.2,1,1979-06-13
USGS-432146103521201,008S02E10CCDA,43.3627512,-103.8704779,0.5,1,1979-08-08
USGS-432208103522201,008S02E10BCCB,43.36886237,-103.8732558,2.1,1,1979-08-08
USGS-432212103543201,008S02E08BCDA,43.3699733,-103.9093686,0.3,1,1979-08-09
USGS-432214103234301,007S06E34CBDB,43.39525719,-103.3990857,0.55,1,1979-08-31
USGS-432218096591301,99N52W28AACA,43.3716478,-96.9872748,35.0,1,1980-05-19
USGS-432222103574601,008S01E11ABCB,43.37275088,-103.96326,0.5,1,1979-08-08
USGS-432233103194001,008S07E06DCDC,43.37581317,-103.3282531,54.0,1,1979-05-08
USGS-432233103230901,007S06E03DCDD,43.37581239,-103.3863081,11.0,1,1979-05-20
USGS-432233103423201,008S03E01CDCA,43.375808,-103.7093615,12.0,1,1979-06-04
USGS-432233103542501,008S02E08BABA,43.3758067,-103.907424,0.3,1,1979-08-09
USGS-432240103312601,008S05E04DDBB,43.377755,-103.5243624,11.0,1,1979-05-31
USGS-432240103525501,008S02E04DCAC,43.3777513,-103.8824229,32.0,1,1979-08-13
USGS-432244103140201,008S07E01CADC,43.37887,-103.2343648,12.0,1,1979-05-08
USGS-432244103164801,008S07E03CBCD,43.37886946,-103.2804758,31.0,1,1979-05-08
USGS-432248103530201,008S02E04DBCC,43.3799735,-103.8843675,9.7,1,1979-08-14
USGS-432255103534201,008S02E05DAAA,43.3819179,-103.8954791,0.3,1,1979-08-09
USGS-432302103493701,008S02E01BDDB,43.3838627,-103.8274204,2.1,1,1979-08-10
USGS-432302103502001,008S02E02ADCB,43.38386267,-103.8393654,20.0,1,1979-08-09
USGS-432302103502401,008S02E02ACDA,43.38386266,-103.8404766,23.0,1,1979-08-09
USGS-432306103464401,008S03E05ADBD,43.38497408,-103.7793626,30.0,1,1979-06-04
USGS-432324103595201,008S01E04AABA,43.3905286,-103.9988173,0.5,1,1979-08-08
USGS-432327103521901,007S02E34CCDB,43.390807,-103.8724225,20.0,1,1979-08-09
USGS-432327103534701,007S02E32DDDB2,43.3908069,-103.896868,0.6,1,1979-06-05
USGS-432327103550101,007S02E31DDCD,43.3908068,-103.9174246,0.4,1,1979-08-06
USGS-432327103550401,007S02E31DDCC,43.3908068,-103.918258,0.2,1,1979-08-06
USGS-432334103422801,007S03E36CDAB,43.39275269,-103.7082504,1.0,1,1979-06-12
USGS-432336102240401,39N43W 3BBAA R,43.38943377,-102.4004436,15.4,2,1995-11-28
USGS-432356103570301,007S01E36BCDB,43.39886226,-103.951315,0.2,1,1979-08-07
USGS-432359097062001,99N53W16AACA,43.3997044,-97.1058891,1.0,1,1979-02-05
USGS-432403103505601,007S02E35BDBB,43.4008072,-103.8493659,7.1,1,1979-08-09
USGS-432403103554801,007S02E31BCAA,43.4008068,-103.9304808,0.2,1,1979-06-11
USGS-432407103242501,007S06E33ABAC,43.4019239,-103.4074189,3.3,1,1979-06-12
USGS-432407103562401,007S01E36ABDB,43.4019179,-103.9404813,0.3,1,1979-08-10
USGS-432421103563101,007S01E25DCDC,43.4058068,-103.9424258,0.2,1,1979-08-10
USGS-432425103571001,007S01E25CCBC,43.40691788,-103.9532596,0.4,1,1979-08-07
USGS-432432103564901,007S01E25CDAB,43.40886237,-103.947426,0.8,1,1979-08-10
USGS-432436103545401,007S02E30DADA,43.40997365,-103.9154801,0.4,1,1979-08-14
USGS-432436103563401,007S01E25DBCA,43.4099735,-103.9432592,0.4,1,1979-08-10
USGS-432455099324701,99N74W 1CDCD,43.4152781,-99.5467743,0.15,1,1979-08-05
USGS-432457104015101,007S01E29BBDC,43.4158065,-104.031319,1.1,1,1979-08-08
USGS-432504103163001,007S07E27BAB3,43.4177596,-103.2754757,20.0,1,1979-05-07
USGS-432507102100701,40N41W28AAAA,43.4186045,-102.1704349,7.05,2,1997-07-01
USGS-432508103122801,007S08E09DCDD,43.4188714,-103.2082534,22.0,1,1979-05-08
USGS-432508103272501,007S05E19CCDC,43.41886808,-103.4574183,8.4,1,1979-06-04
USGS-432512103352401,007S04E24CDDB,43.41997715,-103.590473,16.0,1,1979-05-31
USGS-432512103551901,007S02E19DCCD,43.4199737,-103.9224249,2.9,1,1979-08-14
USGS-432513102100501,40N41W22CCCB,43.4202712,-102.1698794,6.5,2,1997-07-01
USGS-432518102102801,40N41W21DDAC,43.42054895,-102.1721017,7.7,2,1997-06-30
USGS-432519103202401,007S07E30BACD,43.42192545,-103.340475,65.0,1,1979-05-06
USGS-432522103410901,007S04E19DBCB,43.4227534,-103.6863059,29.0,1,1979-05-31
USGS-432522103570701,007S01E24CCBA,43.42275135,-103.9524263,0.4,1,1979-08-14
USGS-432522103574301,007S01E23DCBA,43.42275129,-103.9624268,0.8,1,1979-08-14
USGS-432522103574601,007S01E23DBCD,43.42275129,-103.9632602,0.4,1,1979-08-14
USGS-432523102101801,40N41W21DADD,43.4219379,-102.1704349,8.4,2,1997-06-30
USGS-432537103301401,007S05E22ADBC,43.4269231,-103.5043622,4.9,1,1979-05-31
USGS-432538102102001,40N41W21DDDA R,43.4202712,-102.1704349,10.4,2,1995-11-09
USGS-432540103592401,007S01E22BCDA,43.42775118,-103.9904837,0.7,1,1979-08-15
USGS-432544104030701,007S01E19BCBB,43.4288621,-104.0524314,2.0,1,1979-08-08
USGS-432548103414801,007S04E19BCCB FR92A,43.42938889,-103.6975556,2.3,1,1994-03-24
USGS-432548103414802,007S04E19BCCB2 FR94A,43.42938889,-103.6975556,12.0,1,1995-09-11
USGS-432548103572101,007S01E23AADD,43.4299736,-103.9563154,0.8,1,1979-08-14
USGS-432549103215701,007S06E23AACC,43.43025865,-103.3651969,1.9,1,1979-08-31
USGS-432551103084201,007S08E22AACA,43.43081668,-103.145475,29.0,1,1979-05-08
USGS-432602103582602,007S01E23BBBB2,43.4338624,-103.9743718,0.8,1,1979-08-10
USGS-432603103295901,007S05E14CCCC FR95A,43.4340833,-103.4996389,3.5,1,1997-11-18
USGS-432609103595201,007S01E16DDBC,43.43580676,-103.9982619,0.3,1,1979-08-15
USGS-432616104015501,007S01E17BDAD,43.4377511,-104.0324303,0.3,1,1979-08-15
USGS-432619103283501,007S05E13CBDA,43.4385905,-103.4768624,7.1,1,1954-08-21
USGS-432627103573201,007S01E14DBAA,43.440807,-103.9593712,4.3,1,1979-08-14
USGS-432638103541801,007S02E17BDAD,43.44386289,-103.9054797,5.3,1,1979-08-14
USGS-432638103585201,007S01E15ACDA,43.44386247,-103.9815944,8.0,1,1979-07-02
USGS-432642103282901,007S05E13B,43.44497958,-103.4751957,7.5,1,1957-11-01
USGS-432642104030301,007S01E18BBDB,43.44497337,-104.0513203,0.2,1,1979-08-15
USGS-432645103575401,007S01E14ABDD,43.445807,-103.9654826,4.4,1,1979-08-06
USGS-432649103575001,007S01E14BAAD,43.44691815,-103.9643714,3.5,1,1979-08-14
USGS-432703103364601,007S04E11CDBB,43.45081069,-103.6132506,3.9,1,1979-05-31
USGS-432703103493301,007S02E12CDAA,43.45080785,-103.8263093,53.0,1,1979-06-05
USGS-432703103592001,007S01E10CDBC,43.4508069,-103.9893726,0.6,1,1979-06-11
USGS-432703103594201,007S01E09DDAA,43.45080689,-103.995484,0.6,1,1979-08-16
USGS-432710103553001,007S02E07CADA,43.4546962,-103.9254807,0.2,1,1979-08-14
USGS-432710104005401,007S01E08DADA,43.45275129,-104.015485,7.9,1,1979-08-15
USGS-432714103564901,007S01E12CACA,43.45386275,-103.9474262,0.6,1,1979-08-14
USGS-432725103382701,007S04E09AAAD,43.4569214,-103.641306,13.0,1,1979-06-12
USGS-432728103595301,007S01E09ADCA2,43.45775137,-103.9985397,0.7,1,1979-08-05
USGS-432731102261101,40N43W 8CAAC R,43.4527674,-102.436835,36.5,2,1995-12-05
USGS-432732103462601,007S03E09BCBA,43.45886378,-103.7743624,2.4,1,1979-06-05
USGS-432735104000101,007S01E09AAAB,43.46358476,-103.9974286,0.1,1,1957-10-01
USGS-432746103164801,007S07E03CCC,43.4627609,-103.2804755,27.0,1,1979-05-08
USGS-432750104000001,007S01E04DDBC,43.4638625,-104.0004843,0.5,1,1979-08-16
USGS-432754103125001,007S08E06CDAB,43.4649839,-103.2143644,24.0,1,1979-05-07
USGS-432804103553001,007S02E06CADA,43.46775188,-103.9254807,11.0,2,1979-08-14
USGS-432808103294901,007S05E02CBAB,43.4688687,-103.4974175,11.0,1,1979-06-04
USGS-432808103413801,007S04E06CBAB,43.46886507,-103.6943614,6.7,1,1979-06-04
USGS-432813103210601,007S06E01BAAB,43.47637128,-103.3521413,31.0,1,1979-08-30
USGS-432815104011501,007S01E05ACDB,43.47080698,-104.0213188,15.0,1,1979-08-15
USGS-432816103513801,007S02E03ACDD,43.4710856,-103.8610332,60.0,1,1979-08-31
USGS-432826103280101,007S05E01ABDC,43.4738693,-103.4674178,6.5,1,1979-05-09
USGS-432826103581501,007S01E02BBDD,43.47386277,-103.9713163,0.3,1,1979-08-16
USGS-432833103071501,006S08E36CCCD,43.47581817,-103.121308,17.0,1,1979-05-06
USGS-432833103210701,007S06E01BAAD,43.4758157,-103.352419,21.0,1,1979-05-08
USGS-432834103203301,007S07E06BBBC,43.47609367,-103.3415859,7.1,1,1979-08-30
USGS-432837103593401,007S01E03BBBB,43.4769182,-103.9932618,0.4,1,1979-08-16
USGS-432853102365501,41N44W31CBCC,43.4813775,-102.6157323,4.6,2,1994-07-26
USGS-432906099513001,100N76W17ABB,43.484998,-99.8587302,0.1,1,1979-09-06
USGS-432906104025201,006S01E31BDCC,43.4849737,-104.0482647,6.4,1,1979-08-15
USGS-432909104003901,006S01E33BCAC,43.4858071,-104.0113183,2.1,1,1979-08-16
USGS-432932103190801,006S07E29CCDC,43.4922056,-103.3193639,16.3,1,1980-10-02
USGS-432945103323801,006S05E29DBDA,43.49581288,-103.5443616,6.1,1,1979-06-04
USGS-432945104015501,006S01E29CBCD,43.49580715,-104.0324306,1.3,1,1979-08-16
USGS-432952103004601,006S09E26ACCD,43.49776388,-103.0132515,8.1,1,1979-05-07
USGS-432952104030701,006S01E30CBBA,43.49775158,-104.0524316,4.3,1,1979-08-16
USGS-432956104031001,006S01E30CBCA,43.49886269,-104.053265,2.1,1,1979-08-16
USGS-433000103393901,006S04E29ADCA,43.49997728,-103.6613058,5.2,1,1979-06-01
USGS-433000103585101,006S01E27DBAB,43.499974,-103.9813169,13.0,1,1979-08-05
USGS-433000103585501,006S01E27DBBA,43.499974,-103.982428,15.0,1,1979-08-05
USGS-433003103420701,007S03E36CBCC,43.4998098,-103.7006113,4.7,2,1994-05-04
USGS-433009098013801,101N60W33DDAA,43.50248487,-98.0275732,0.05,1,1979-08-28
USGS-433014104010401,006S01E29AACB,43.5038628,-104.0182632,2.0,1,1979-08-12
USGS-433021103273601,006S05E24DDDD,43.50581468,-103.4604732,2.6,1,1979-06-04
USGS-433022102401001,41N45W27BBAA,43.5060998,-102.6699017,7.1,2,1994-07-27
USGS-433035102441701,41N46W24DCBA,43.50971065,-102.7424048,6.4,2,1994-07-27
USGS-433043103103301,006S08E21CABA,43.51192996,-103.1763081,32.0,1,1979-05-04
USGS-433050098435501,101N66W34BBBC,43.5138832,-98.7323067,0.05,1,1979-08-30
USGS-433052102372401,41N45W24ACCA,43.51443347,-102.6237885,1.3599999999999999,2,1994-07-12
USGS-433054104024901,006S01E19BDCA,43.514974,-104.0474315,2.2,1,1979-08-16
USGS-433055103202801,006S07E19BCC,43.5152614,-103.3415855,5.5,1,1982-09-07
USGS-433057103200601,006S07E19BDBB,43.5158171,-103.3354745,10.0,1,1979-05-16
USGS-433101103582601,006S01E23BCBB,43.51691877,-103.9743722,11.0,1,1979-06-11
USGS-433105102391401,41N45W23BBCB,43.51804447,-102.6543454,2.05,2,1994-07-13
USGS-433108103055601,006S09E19BBAA,43.5188749,-103.0993627,2.5,1,1979-05-04
USGS-433108103241001,006S06E21AABD,43.51887155,-103.4032515,9.0,1,1979-06-12
USGS-433112103502701,006S02E23ABAB,43.51997525,-103.8413102,17.0,1,1979-06-06
USGS-433115103251401,006S06E21BBBB CU91A,43.52094444,-103.4211389,2.6,1,1994-03-31
USGS-433115103251402,006S06E21BBBB2 CU91B,43.52094444,-103.4211389,5.4,1,1994-04-05
USGS-433115103251403,006S06E21BBBB3 CU96A,43.52094444,-103.4211389,3.08,1,1997-11-13
USGS-433116098172701,101N62W29ACDA,43.5210985,-98.2911902,0.08,1,1979-08-29
USGS-433119103360001,006S04E14DDAC,43.5219234,-103.6004726,7.3,1,1979-05-31
USGS-433137103013001,006S09E15DAAA,43.52693098,-103.0254728,3.2,1,1979-05-08
USGS-433140104021301,006S01E18DABA,43.527752,-104.037431,9.5,1,1979-08-17
USGS-433144104020901,006S01E18ADDB,43.52886315,-104.0363198,0.2,1,1979-08-17
USGS-433144104021601,006S01E18ADCB2,43.52886315,-104.0382644,0.5,1,1979-08-17
USGS-433144104022701,006S01E18ACDB,43.5288631,-104.04132,6.4,1,1979-08-17
USGS-433151104021601,006S01E18ADBB,43.5308076,-104.0382644,7.5,1,1979-08-17
USGS-433157101593001,41N39W17BADB R,43.5324985,-101.9923733,7.05,2,1995-10-19
USGS-433158104021601,006S01E18AACB,43.53275209,-104.0382644,1.5,1,1979-08-17
USGS-433202103091401,006S08E10CDDD,43.533875,-103.1543629,7.4,1,1979-05-04
USGS-433206103035401,006S09E08DDDD,43.5349865,-103.0654729,25.0,1,1979-05-08
USGS-433206104012601,006S01E17ABBB,43.53497437,-104.0243748,15.0,1,1979-08-17
USGS-433224104021301,006S01E07DACA,43.5399744,-104.037431,10.0,1,1979-08-17
USGS-433226102441601,41N46W12DACD,43.5394331,-102.7382376,8.3,2,1994-07-14
USGS-433231103152501,006S07E11BCDC,43.54193026,-103.2574193,37.0,1,1979-05-09
USGS-433234103494401,006S02E12BDCB,43.54275349,-103.8293654,46.0,1,1979-06-11
USGS-433241096472401,101N50W13CCCC,43.5446978,-96.7903294,8.1,1,1954-08-28
USGS-433244097591301,101N60W14DDAB,43.5455398,-97.9872953,3.1,1,1980-03-17
USGS-433245103134401,006S07E12ABDB,43.54581946,-103.2293634,0.2,1,1979-05-06
USGS-433245103532701,006S02E09BCAB,43.54580867,-103.8913128,4.8,1,1979-06-05
USGS-433252102484201,41N46W 9BBCA,43.5480438,-102.8121297,6.5,2,1994-07-28
USGS-433252103583001,006S01E10AAAD,43.54775256,-103.9754835,34.0,1,1979-06-11
USGS-433303103225801,006S06E03DDCA,43.55081715,-103.3832513,4.0,1,1979-06-04
USGS-433324098035601,101N60W17BCBB2,43.5566516,-98.0659083,0.21,1,1979-08-28
USGS-433328101392801,42N36W31CCDA,43.5641648,-101.6579244,7.7,2,1997-07-22
USGS-433332103362801,006S04E02ACBC,43.55886849,-103.6082504,10.0,1,1979-05-31
USGS-433339103385601,006S04E04BADD,43.56081209,-103.6493616,7.6,1,1979-05-31
USGS-433339103433301,006S03E02ABCC,43.5608104,-103.7263062,2.8,1,1979-06-06
USGS-433347103385101,006S04E04BADA,43.5619232,-103.6496394,12.0,1,1980-08-04
USGS-433350104030301,005S01E31CCCD,43.5638636,-104.0513208,4.5,1,1979-08-17
USGS-433357101392301,42N36W31CCAD,43.5641648,-101.6576467,9.0,2,1997-07-16
USGS-433400101390001,42N36W31CBDB R,43.5680536,-101.6590355,13.05,2,1995-10-18
USGS-433404103095401,005S08E33DADC,43.5677646,-103.1654732,10.0,1,1979-05-04
USGS-433416098002701,101N60W10AAAD,43.57109547,-98.0078518,0.09,1,1979-08-28
USGS-433422101390301,42N37W36ADDA R,43.57416465,-101.662091,8.4,2,1995-10-18
USGS-433440103022701,005S09E27CCDC,43.5777651,-103.0413043,13.0,1,1979-05-08
USGS-433440103465501,005S03E32ABAB,43.5777544,-103.782419,2.1,1,1979-06-06
USGS-433444103300001,005S05E27DDDD,43.57887128,-103.5004722,5.7,1,1979-06-04
USGS-433456101332001,42N36W25CACC,43.58221975,-101.5559794,7.15,2,1997-07-22
USGS-433506103193301,005S07E30DBAA,43.5849857,-103.3263068,26.0,1,1979-05-08
USGS-433506103344001,005S04E25DAAA,43.5860919,-103.5796392,4.5,1,1979-05-31
USGS-433511098322301,101N64W 5BBAB,43.5863802,-98.5400839,0.02,1,1979-08-29
USGS-433517103534201,005S02E28BCCB CU95A,43.58816667,-103.8950833,7.8,1,1997-11-05
USGS-433517103534202,005S02E28BCCB2 CU95B,43.58816667,-103.8950833,13.4,1,1997-11-03
USGS-433524102585401,42N48W25ABCC,43.5902655,-102.9821358,4.55,2,1994-08-03
USGS-433527098205501,102N63W35DACC,43.59082138,-98.34897,0.02,1,1979-08-29
USGS-433545103502701,005S02E23DCAB,43.59580985,-103.8413109,10.0,1,1979-06-05
USGS-433556103564501,005S01E24CAAB,43.59886466,-103.9463158,4.9,1,1979-06-05
USGS-433607103383401,005S04E21ACAD,43.60192417,-103.6432506,4.0,1,1979-06-01
USGS-433623096455102,102N49W30CAC2,43.60636389,-96.7644958,3.0,1,1982-10-05
USGS-433628103173801,005S07E16CDCA,43.60776468,-103.2943622,3.3,1,1979-05-09
USGS-433657103322701,005S05E17ADAC,43.61581567,-103.5413055,2.0,1,1979-06-04
USGS-433700096423402,102N49W22CCCD2,43.61664127,-96.7097719,4.2,1,1978-11-06
USGS-433701103075501,005S08E14ABCC,43.6169324,-103.1324156,36.0,1,1979-05-03
USGS-433715103122801,005S08E18ABAB,43.6208214,-103.2082503,6.1,1,1979-05-06
USGS-433720103192301,005S07E18AAAB,43.62220895,-103.3235284,18.0,1,1982-09-01
USGS-433740098144602,102N62W22AAAD2,43.62776389,-98.2464689,0.14,1,1979-08-29
USGS-433740102532001,43N47W27CACD,43.6694335,-102.9065748,0.28,1,1997-06-25
USGS-433743097591101,102N60W24BBCC,43.62859495,-97.9867413,0.36,1,1979-08-28
USGS-433813103201601,005S07E06CCDB,43.63693128,-103.3382503,5.2,1,1979-05-07
USGS-433822102164601,42N42W 2DACA,43.63943657,-102.2798847,4.6,2,1994-08-02
USGS-433831102563801,005S10E04CBBB,43.64193307,-102.9443547,59.0,1,1979-05-07
USGS-433831103053101,005S09E06DBBA,43.64193295,-103.092414,11.0,1,1979-05-03
USGS-433831103475201,005S03E06DAAC,43.64192209,-103.7982537,2.2,1,1979-06-11
USGS-433834103320601,005S05E04BCDD,43.64276086,-103.535472,1.4,1,1979-06-05
USGS-433835102565401,005S10E05DAAA,43.64304418,-102.9487993,34.5,2,1995-10-13
USGS-433844097043101,102N52W 9DCDD,43.64553347,-97.0756134,22.4,1,1978-12-28
USGS-433849103442701,005S03E03ADBB,43.64692279,-103.741307,7.8,1,1979-06-07
USGS-433852103384901,005S04E04ABCB,43.64775834,-103.6474174,39.0,1,1979-06-07
USGS-433858103202001,005S07E06ACAA,43.64720957,-103.3254724,18.0,1,1982-09-07
USGS-433913103033701,004S09E32DDA,43.6535998,-103.0607463,10.5,2,1996-07-19
USGS-433921103163001,004S07E34CBAC,43.65582186,-103.2754725,23.0,1,1979-05-07
USGS-433928103113801,004S08E32BCDC (3),43.65776675,-103.1943602,0.3,1,1979-05-02
USGS-433932103011901,004S09E34ADBD,43.6588776,-103.022412,52.0,1,1979-05-07
USGS-433932103084201,004S08E34ACDB,43.6588778,-103.1454702,8.9,1,1979-05-02
USGS-433944103521801,4S 2E34BCAB,43.66219959,-103.8721462,1.5,1,1995-09-14
USGS-433955103100802,004S08E33BAAA2,43.66526688,-103.1693594,8.5,2,1996-07-19
USGS-434045103502301,4S 2E26AABC,43.67914459,-103.8402004,7.0,1,1995-09-14
USGS-434109102213201,43N42W19DABB,43.6858254,-102.3593329,17.0,1,1979-04-23
USGS-434111103183801,004S07E20CAA,43.6863775,-103.3110274,19.0,1,1982-09-01
USGS-434113102115201,004S16E21AADA,43.68693705,-102.1982152,92.0,1,1979-04-17
USGS-434113103363201,004S04E23BDDC,43.6869267,-103.6093615,1.8,1,1979-06-04
USGS-434156102511801,004S11E18CBAD,43.6988784,-102.8554614,33.0,1,1979-04-27
USGS-434200103410201,004S04E18DBBD,43.6999807,-103.6843624,7.0,1,1979-06-07
USGS-434207102035701,004S17E15ABBC,43.7019379,-102.0662667,113.0,1,1979-04-17
USGS-434210103394601,004S04E17ACDA,43.70275907,-103.663251,10.0,1,1979-06-07
USGS-434218103463701,004S03E17ADAB,43.7049789,-103.77742,10.0,1,1979-06-11
USGS-434228103065001,004S08E13BBAA,43.70776766,-103.1143569,40.0,1,1979-05-02
USGS-434232102073001,004S17E07DBCD,43.7088818,-102.1254353,55.0,1,1979-04-17
USGS-434236103201601,004S06E12DDAD,43.7099887,-103.3382492,4.1,1,1979-05-07
USGS-434236103303201,004S05E10CDBB,43.70998528,-103.5093603,2.7,1,1979-06-05
USGS-434243103581901,004S01E11CBCD,43.7119217,-103.9724289,4.4,1,1979-06-11
USGS-434244096301701,103N47W17DDDA,43.7121948,-96.5050432,18.5,1,1982-04-20
USGS-434246103130801,004S07E12DADA,43.71276818,-103.2193594,28.0,1,1979-05-02
USGS-434254103150301,004S07E11CABA,43.71499058,-103.2513046,44.0,1,1979-05-07
USGS-434257096292802,103N47W20AAAD2,43.7158057,-96.4914315,5.8,1,1978-03-20
USGS-434257103282601,004S05E12BCDC,43.71581949,-103.4743602,0.3,1,1979-06-04
USGS-434259098290901,103N64W15DCDD,43.7163793,-98.4861967,12.0,1,1980-01-14
USGS-434301102234201,004S14E12BBCB,43.7169367,-102.3954458,37.0,1,1979-04-23
USGS-434318098241101,103N63W16CCBB,43.7216554,-98.4034176,0.03,1,1979-08-29
USGS-434326103555101,004S02E06CCDC,43.7238667,-103.931316,1.7,1,1979-06-08
USGS-434330102542501,004S10E03DCBD,43.72498978,-102.9074065,18.0,1,1979-04-27
USGS-434340097230901,103N55W13BCBA,43.7277565,-97.3861752,1.7,1,1978-10-07
USGS-434350103201901,004S06E01DAAA(CU93A),43.73077778,-103.3389444,3.0,1,1995-09-06
USGS-434350103201902,004S06E01DAAA2(CU93B),43.73080556,-103.3389444,3.9,1,1995-08-31
USGS-434351103200901,004S07E06BCCB,43.7308226,-103.3363044,3.7,1,1979-05-07
USGS-434351103461501,004S03E04BCDA,43.73081277,-103.7713088,1.6,1,1979-06-11
USGS-434357098454201,103N66W17BAAD,43.73249618,-98.7620339,0.1,1,1979-08-30
USGS-434407103461401,004S03E04BBDB,43.73553505,-103.7743646,3.9,1,1982-09-07
USGS-434409098354001,103N65W11CDAC,43.73582608,-98.5948096,0.06,1,1979-08-30
USGS-434420103391401,003S04E33CCDB,43.7388711,-103.6543622,5.4,1,1979-06-07
USGS-434424103154601,003S07E34DCAA,43.739991,-103.2632486,22.0,1,1979-05-07
USGS-434445103344801,003S04E36ADCA,43.7458176,-103.5804722,0.6,1,1979-06-04
USGS-434503103183601,003S07E32BABA,43.7508236,-103.3104707,4.6,1,1979-06-07
USGS-434514102261601,003S14E28DAAC,43.75388147,-102.4382256,0.5,1,1979-04-19
USGS-434521102461201,003S11E26CADB,43.7558233,-102.7704581,0.8,1,1979-04-27
USGS-434521103380601,003S04E27CBCD,43.7558163,-103.635473,7.0,1,1979-06-06
USGS-434528103002801,003S09E26CAAD,43.75776787,-103.008241,12.0,1,1979-05-02
USGS-434554103121701,003S08E19CDAC,43.76499109,-103.2051908,0.12,1,1982-09-03
USGS-434555098051201,104N61W36DDAA,43.76526187,-98.0870236,0.03,1,1979-07-26
USGS-434556103123801,003S08E30BAAC,43.76554667,-103.2110243,0.04,1,1982-09-02
USGS-434557103123201,003S08E30BAAB,43.7658244,-103.2093576,0.3,1,1979-05-03
USGS-434600103123501,003S08E30BAAC (2),43.76665777,-103.2101909,0.31,1,1982-09-02
USGS-434601103074401,003S08E23CDDC,43.7669351,-103.1293552,62.0,1,1979-05-03
USGS-434644102423901,003S12E17CCAD,43.7830457,-102.7112889,51.0,1,1979-04-23
USGS-434644103240001,003S06E21AAAC,43.7788773,-103.4004702,7.5,1,1979-06-07
USGS-434648102365701,003S12E13DDAA,43.77999115,-102.6162865,15.0,1,1979-04-18
USGS-434655103181701,Grace Coolidge Cr at Rittberger Road (3S 7E17DCDD),43.78193457,-103.3051917,1.3,1,1996-09-10
USGS-434700104021401,003S 1E18DDDB(CU93C),43.78380556,-104.0376389,0.1,1,1994-03-22
USGS-434700104021402,003S01E18DDDB2(CU93D),43.78380556,-104.0376389,5.65,1,1997-12-17
USGS-434723096555501,104N51W27AAAB,43.78969735,-96.9322781,9.3,1,1979-03-06
USGS-434724102490801,003S11E17ADAB,43.7899897,-102.8193467,30.0,1,1979-04-24
USGS-434742103351301,003S04E12CDDD,43.79498445,-103.5874165,0.5,1,1979-06-07
USGS-434749102144901,003S16E07DBBB (2),43.79693585,-102.2473832,0.8,1,1979-04-17
USGS-434752103130801,003S07E12DDAD,43.7977685,-103.2193565,11.0,1,1979-05-03
USGS-434752103311901,003S05E09DDBC,43.7977639,-103.5224153,1.5,1,1979-06-07
USGS-434755102145201,003S16E07DBBB,43.7986025,-102.2482166,0.06,1,1979-08-22
USGS-434800103022401,003S09E09DADB,43.79998995,-103.0404623,14.0,1,1979-05-02
USGS-434803102271401,003S14E09BCAC,43.80082519,-102.4543363,15.0,1,1979-04-19
USGS-434803102592401,003S09E12CAAC,43.8008231,-102.9904609,0.3,1,1979-04-27
USGS-434803103103501,003S08E09CBC,43.80082387,-103.176855,0.1,1,1982-09-02
USGS-434803103162601,003S07E10CBAC,43.8008238,-103.2743574,2.6,1,1979-06-07
USGS-434807103420001,003S03E12DBAA,43.80192605,-103.7004739,0.4,1,1979-06-06
USGS-434810103103001,003S08E09BCDC,43.80276829,-103.175466,0.4,1,1979-05-03
USGS-434818103053101,003S09E07BDDB,43.8049901,-103.092408,9.2,1,1979-05-04
USGS-434825102030301,003S17E02CDCA,43.80693618,-102.0512663,31.0,1,1979-04-09
USGS-434828102532001,003S10E11BAAC,43.8077674,-102.8893474,13.0,1,1979-04-17
USGS-434830103134301,003S07E01CAAD,43.81610169,-103.2301893,4.7,1,1982-09-08
USGS-434832102283001,003S14E05CCBB,43.80888066,-102.4754482,33.0,1,1979-04-19
USGS-434832103150501,003S07E11ABAD,43.80943517,-103.2454678,6.4,1,1979-08-02
USGS-434832103161701,003S07E10BADB,43.808046,-103.2701904,2.9,1,1982-08-31
USGS-434840100100501,104N78W16,43.81110085,-100.168462,0.02,1,1980-07-10
USGS-434846103481801,003S03E06DCBB,43.81275768,-103.8054772,0.9,1,1979-06-08
USGS-434908103145201,003S07E02ACC,43.8188795,-103.2482453,5.6,1,1982-09-08
USGS-434912102142001,002S16E31DDDC,43.8199911,-102.2393272,0.5,1,1979-04-17
USGS-434915102342601,002S13E33CCCD,43.82082429,-102.5743397,6.1,1,1979-04-18
USGS-434931100225301,002S31E35CACC,43.82526685,-100.3818001,0.02,1,1980-07-01
USGS-434953103585201,2S 1E34DBAC,43.83136738,-103.9815962,9.3,1,1995-07-25
USGS-434958103114901,002S08E32BCBC,43.832768,-103.1974098,10.0,1,1979-05-04
USGS-435009102310801,002S13E26DDCD,43.8358245,-102.5193379,190.0,1,1979-04-18
USGS-435013102530901,002S10E35ABBD,43.83693385,-102.8862906,10.0,1,1979-04-24
USGS-435013103162600,"BATTLE CR BL MINNELUSA OUTCROP NR HERMOSA, SD",43.83693449,-103.274356,1.4,1,1996-09-06
USGS-435018103155801,002S07E34ABBA(CU83A),43.8389722,-103.26675,2.38,1,1997-10-28
USGS-435020102040401,002S17E27CADA,43.83888015,-102.068211,181.0,1,1979-04-09
USGS-435031103005701,002S09E26CCBA,43.841934,-103.016293,10.0,1,1979-05-02
USGS-435031103333201,002S05E30DDAB,43.84192987,-103.55936,0.3,1,1979-06-08
USGS-435038102570701,002S10E29CABC,43.8438783,-102.9524027,0.4,1,1979-04-24
USGS-435045103160801,002S07E27CAAA,43.84582335,-103.2693555,2.8,1,1979-06-11
USGS-435046098330301,104N64W 6ACBA,43.8430471,-98.5511995,0.06,1,1979-08-28
USGS-435052103075801,002S08E26BCAD,43.84776766,-103.1332407,55.0,1,1979-05-03
USGS-435052103375801,002S04E27BCAC,43.84776137,-103.6332503,7.6,1,1978-06-07
USGS-435103102395001,002S12E22DCCA,43.8508231,-102.664341,47.0,1,1979-04-18
USGS-435105098445201,105N66W34CCBB,43.85138397,-98.7481465,0.03,1,1979-08-31
USGS-435110102352701,002S13E20CCAA,43.8527681,-102.5912836,16.0,1,1979-04-18
USGS-435116098235701,105N63W33CDBB,43.85443319,-98.3995308,0.03,1,1979-08-29
USGS-435127103125201,002S08E19CCCC,43.85749,-103.2149093,3.9,1,1982-09-03
USGS-435139103050901,002S09E09ACCD,43.86082296,-103.0862943,2.3,1,1979-05-04
USGS-435142097503901,105N58W31BACC,43.8616464,-97.8445203,0.03,1,1979-07-26
USGS-435147098293501,105N64W34AAAA,43.86304606,-98.4934213,0.08,1,1979-08-29
USGS-435154102414201,002S12E21BBCC,43.86498939,-102.6954523,14.0,1,1979-04-19
USGS-435212103200201,002S07E18CCAD,43.86998896,-103.3357446,7.3,1,1979-06-11
USGS-435227103185301,002S07E17CCAA(PE95A),43.87425,-103.3146389,1.71,1,1997-11-20
USGS-435230102374001,002S12E13BACD,43.87498976,-102.6282282,14.0,1,1979-04-24
USGS-435237103013301,002S09E15ACBD,43.87693379,-103.0262918,10.0,1,1979-05-03
USGS-435244102331401,002S13E10CCCD,43.8788791,-102.5543375,3.8,1,1979-04-23
USGS-435251097301202,105N56W24CDBA2,43.88080957,-97.5036787,2.8,1,1981-04-06
USGS-435251103114901,002S08E17BBBC,43.880823,-103.1974077,6.7,1,1979-05-03
USGS-435309103033601,002S09E08DADC,43.88582268,-103.0604591,7.6,1,1979-05-03
USGS-435309103124501,002S08E07CDB,43.88582299,-103.2129635,2.1,1,1982-09-08
USGS-435313102314001,002S13E11BDDC,43.8869347,-102.5282256,4.1,1,1979-04-22
USGS-435316102261301,002S14E09ADAA,43.88776817,-102.4373893,95.0,1,1979-04-24
USGS-435327103351601,002S04E12BDAD,43.8908183,-103.5882492,9.5,1,1979-06-11
USGS-435331097274201,105N55W20BAA,43.8919205,-97.4620112,0.12,1,1979-08-23
USGS-435334103233401,002S06E10BACC,43.8941549,-103.391856,0.7,1,1979-06-10
USGS-435334103421801,002S03E12BACD,43.8927598,-103.7054739,1.7,1,1979-06-07
USGS-435338103160801,002S07E10BADB,43.8938783,-103.2693535,3.2,1,1979-06-12
USGS-435338103285801,002S05E11ABDA,43.8938762,-103.4832469,0.5,1,1979-06-10
USGS-435352102011201,002S17E01DADB,43.8977683,-102.0204314,9.7,1,1979-04-20
USGS-435356103320601,002S05E04CCAB,43.8988752,-103.5354702,1.5,1,1979-06-12
USGS-435400100090001,105N78W14ADD,43.89998886,-100.1504047,0.03,1,1980-07-09
USGS-435410103075101,002S08E02CABD,43.9027671,-103.1312937,1.5,1,1979-05-03
USGS-435443102420301,001S12E32DDCA,43.91193327,-102.7012841,4.2,1,1979-04-23
USGS-435450102201601,001S15E32DAAA,43.9138788,-102.3382185,70.0,1,1979-04-18
USGS-435515103313001,001S05E33ACBA,43.92082,-103.5254697,4.0,1,1979-06-12
USGS-435526102333901,001S13E28DDBC,43.92387837,-102.5612808,39.0,1,1979-04-23
USGS-435533102144501,001S16E30DBCC,43.92582306,-102.2462707,2.6,1,1979-04-18
USGS-435544102294201,001S14E30BCCC,43.9288786,-102.4954459,1.6,1,1979-04-24
USGS-435548100560401,001N27E30,43.92998937,-100.934861,0.01,1,1980-07-08
USGS-435550097461601,105N58W 3ADDC,43.9305329,-97.7714643,0.03,1,1979-08-23
USGS-435551102444901,001S11E25DBCB,43.9308217,-102.7473955,5.9,1,1979-04-18
USGS-435558103082701,001S08E27DABA,43.9327668,-103.1412927,10.0,1,1979-05-03
USGS-435601097390401,105N57W 2BBCC,43.9335873,-97.651461,0.21,1,1979-08-31
USGS-435607096461501,105N50W01BBBB,43.93524999,-96.7711627,5.7,1,1982-09-01
USGS-435616102083801,001S16E24DCAC,43.9377675,-102.1443234,27.0,1,1979-04-20
USGS-435616103344801,001S04E25AACA,43.9377632,-103.5804709,0.3,1,1979-06-11
USGS-435631103053801,001S09E19CCDA,43.94193336,-103.0943465,20.0,1,1979-04-25
USGS-435638102564501,001S10E20BDCB,43.9438776,-102.9462873,1.7,1,1979-04-25
USGS-435641103195801,001S07E19CCAA,43.94471067,-103.333242,2.5,1,1982-08-30
USGS-435642103233401,001S06E22CACB,43.94498808,-103.3932437,1.5,1,1979-06-10
USGS-435642103433701,001S03E23CADB,43.94498186,-103.7274188,0.6,1,1979-06-11
USGS-435645102262701,001S14E21ADBB,43.94582278,-102.441277,59.0,1,1979-04-22
USGS-435645102515401,001S10E24DBAC,43.9458218,-102.8654525,27.0,1,1979-04-23
USGS-435645103211801,001S06E04CBAB,43.9894323,-103.4182434,0.6,1,1979-06-08
USGS-435658098365001,106N65W34AABA,43.9494366,-98.6142573,0.04,1,1979-09-05
USGS-435709103370801,001S04E24ABCC,43.95248455,-103.6193606,1.1,1,1981-06-17
USGS-435725103134001,001S07E13DCBC,43.9569332,-103.2282386,7.9,1,1979-05-04
USGS-435746103045101,001S09E18ADCA,43.9627665,-103.0812897,0.5,1,1979-04-25
USGS-435750102064301,001S17E17BABC,43.96387836,-102.1123778,20.0,1,1979-04-10
USGS-435830102310401,001S13E11DAAB,43.97498886,-102.518223,24.0,1,1979-05-31
USGS-435830102310402,001S13E11DAAB2,43.97498886,-102.518223,33.0,1,1979-04-25
USGS-435833103381601,001S04E09DAAB,43.97581756,-103.6382498,0.3,1,1979-06-08
USGS-435837103204201,001S06E12ACDC,43.9769326,-103.3454636,1.2,1,1979-06-01
USGS-435837103244601,001S06E09BDCB,43.97693236,-103.4132436,0.8,1,1979-06-10
USGS-435840102250401,001S14E10AAAC,43.9777667,-102.41822,10.0,1,1979-04-22
USGS-435845103163401,001S07E10BCAC,43.97915507,-103.2765724,1.1,1,1954-08-21
USGS-435848102194001,001S15E04CDDC,43.97998895,-102.3282171,9.7,1,1979-04-10
USGS-435848103283301,001S05E12BBCD,43.97998768,-103.476301,2.0,1,1979-06-10
USGS-435850103193001,001S07E07ACA,43.98054377,-103.3254628,3.0,1,1988-12-20
USGS-435851102381601,001S12E11AAAD,43.9808216,-102.638225,10.0,1,1979-04-24
USGS-435855103085201,001S08E10BAAD,43.98193297,-103.1482352,50.0,1,1979-05-04
USGS-435913102572101,001S10E05CBCD,43.98693289,-102.9562856,0.8,1,1979-04-25
USGS-435913103160801,001S07E03CADD,43.98693279,-103.2693497,2.7,1,1979-06-08
USGS-435916103161801,001S07E03CDBD(PE86A),43.98752778,-103.2723889,1.5,1,1996-07-29
USGS-435916103161802,001S07E03CDBD2(PE94A),43.98752778,-103.2723889,1.0,1,1996-07-30
USGS-435927102403301,001S12E03BCCC,43.99082138,-102.6762809,61.0,1,1979-06-05
USGS-435927102403701,001S12E04ADDA,43.99082137,-102.677392,75.0,1,1979-04-24
USGS-435927102450001,001S11E01BDCD,43.9908211,-102.7504489,15.0,1,1979-04-23
USGS-435927102595201,001S09E02DAAA,43.99082188,-102.9982305,18.0,1,1979-05-04
USGS-435927103494801,001S02E01CBAA,43.98886989,-103.8324229,1.1,1,1979-06-08
USGS-435931102082001,001S16E01AAAC,43.99193348,-102.1393227,91.0,1,1979-04-10
USGS-435931102533801,001S10E02BCDB,43.99193266,-102.89434,11.0,1,1979-04-23
USGS-435934102230601,001S14E01ABBB,43.9927665,-102.3854409,0.5,1,1979-04-24
USGS-435934103140901,001S07E01BCBD,43.9927661,-103.2362928,9.4,1,1979-05-04
USGS-435938102502001,001N11E31CDDC,43.9938769,-102.839339,16.0,1,1979-04-25
USGS-435944102145801,001N15E36DCC,44.00165539,-102.2515479,0.05,1,1979-07-19
USGS-435949097492901,106N58W 8CCDA,43.99692206,-97.8250777,0.02,1,1979-08-23
USGS-435956097060504,106N52W 8CAAC4,43.99886247,-97.101727,17.5,1,1982-03-24
USGS-435959097123801,106N53W 8DAAD,43.9996969,-97.2108955,0.5,1,1978-06-07
USGS-435959103181301,001N07E32CADB,43.9997103,-103.3040726,0.29,1,1980-10-21
USGS-440000102150001,001N15E30DADB,43.9999887,-102.2504367,0.3,1,1979-04-10
USGS-440003103151001,001N07E34DABA,44.00082155,-103.2532374,3.8,1,1979-06-22
USGS-440003103185001,001N07E31AAAB,44.0091547,-103.3143507,2.0,1,1988-12-06
USGS-440003103301001,001N05E34DBBB,44.00082095,-103.5032462,0.6,1,1979-08-09
USGS-440007103383401,001N04E33ACCC,44.0019287,-103.6432499,1.1,1,1979-08-08
USGS-440010103422801,001N03E36BDCB,44.00276049,-103.7082516,0.8,1,1979-08-08
USGS-440016103190601,001N07E31ACA,44.0044325,-103.3187953,2.1,2,1981-05-19
USGS-440018103025201,001N09E33ACBA,44.0049884,-103.0482316,4.3,1,1979-06-11
USGS-440019103181801,001N07E32BDBB,44.00526586,-103.3054615,2.0,1,1988-12-01
USGS-440021102164001,001N15E35BADB,44.00582197,-102.2782153,0.9,1,1979-06-04
USGS-440025103000001,001N09E35BADA,44.00693289,-103.0004524,7.1,1,1979-06-11
USGS-440025103190701,001N07E31ABDC,44.0047222,-103.3183333,1.0,1,1988-12-01
USGS-440028096310801,106N47W06CDCB,44.0077496,-96.5192103,0.9,1,1978-06-09
USGS-440028097550801,106N59W 9ABBC,44.0077575,-97.9192467,0.3,1,1978-06-02
USGS-440029097392601,106N57W10ABAA,44.00803065,-97.6575734,0.09,1,1979-08-24
USGS-440031096550601,106N51W 2DCCC,44.00858317,-96.9186673,65.0,1,1978-06-09
USGS-440031097172601,106N54W 3DDDD,44.0085859,-97.2908972,20.0,1,1978-06-07
USGS-440032103075101,001N08E27DDDC,44.00887719,-103.1312895,3.5,1,1979-06-07
USGS-440032103184601,001N07E30DDDC,44.0088769,-103.3132395,1.6,1,1979-06-22
USGS-440032103191201,001N07E31BAAB,44.0088769,-103.320462,1.0,1,1988-12-08
USGS-440033096280801,106N47W04DDD,44.00913827,-96.4692083,1.8,1,1978-06-08
USGS-440049103194401,001N07E30CBDD,44.01359908,-103.3293512,10.0,1,1988-12-13
USGS-440052103181201,001-007-29CADD (PE84A),44.01488889,-103.3028889,2.0,1,1988-11-01
USGS-440054096493701,106N50W03BCCC,44.01497156,-96.8272756,0.3,1,1978-06-12
USGS-440057102281201,001N14E30ADCC,44.0158216,-102.4704433,25.0,1,1979-06-04
USGS-440058097311502,106N56W 2 (2),44.0160851,-97.5211804,1.0,1,1978-03-14
USGS-440101096392901,106N49W01BCC,44.0169158,-96.6583814,0.3,1,1978-06-12
USGS-440115103465101,001N03E29ABDB,44.020815,-103.7813096,0.5,1,1979-07-19
USGS-440119097100101,107N53W35CCCD,44.02191839,-97.167284,5.8,1,1978-06-07
USGS-440126102045801,001N17E21CC,44.02387759,-102.08321,11.0,1,1979-05-30
USGS-440126102174501,001N15E22DCCB,44.02387727,-102.2962714,0.3,1,1979-06-05
USGS-440144102225101,001N14E24CABC,44.02887708,-102.381274,28.0,1,1979-05-30
USGS-440148103040101,001N09E20CBBA,44.0299882,-103.0673988,6.8,1,1979-05-29
USGS-440148103150001,001N07E23CBBA,44.02998806,-103.2504597,5.9,1,1979-06-07
USGS-440202101394001,001N20E24BCAB,44.03387748,-101.661533,0.08,1,1979-08-06
USGS-440209096415801,107N49W33AAA,44.0358044,-96.6997716,0.3,1,1978-06-13
USGS-440209102494401,001N11E19AAAA,44.03582087,-102.8293383,86.0,1,1979-07-17
USGS-440209102521901,001N10E23AABA,44.03582105,-102.8723946,22.0,1,1979-07-17
USGS-440213096573601,107N51W28CDDC,44.03691645,-96.9603355,0.2,1,1978-06-08
USGS-440220103164001,001N07E16DCDC4 (RC well 11),44.0388768,-103.2782384,2.4,1,1991-12-17
USGS-440221097354001,107N56W30DDCD,44.0391409,-97.5947941,0.6,1,1978-06-06
USGS-440224102010801,001N17E13CA,44.03998856,-102.0193193,10.0,1,1979-05-30
USGS-440231102371501,001N12E13CACB,44.0419319,-102.6212793,5.8,1,1979-05-31
USGS-440252102322701,001N13E15BDBB,44.04776537,-102.5412781,23.0,1,1979-05-30
USGS-440300103165801,001N07E16BADB,44.04998787,-103.2832386,3.9,1,1979-05-29
USGS-440303096394301,107N49W24CDCC,44.05080427,-96.6622705,0.4,1,1978-06-12
USGS-440307096541401,107N51W24CCAD,44.051916,-96.9042227,1.3,1,1978-06-09
USGS-440307102564201,001N10E08CCDD,44.0519323,-102.9454514,33.0,1,1979-07-17
USGS-440307103073301,001N08E11CCDC,44.05193247,-103.1262895,44.0,1,1979-06-07
USGS-440307103193001,001N07E18BABB,44.05193219,-103.3254623,1.6,1,1979-05-29
USGS-440308103184601,001N07E18AAAD(PE96A),44.0523611,-103.3131944,1.5,1,1996-11-13
USGS-440310102403701,001N12E09DCCB,44.05276495,-102.6773912,5.7,1,1979-06-04
USGS-440310103000001,001N09E14BAAA,44.05276588,-103.0004524,6.0,1,1979-06-11
USGS-440310103173801,001N07E08DDCD Chapel Lane 1 Minnelusa,44.05344444,-103.2948889,2.3,1,1992-05-20
USGS-440310103173802,001N07E08DDCD2,44.05332115,-103.2949057,2.0,1,1991-12-11
USGS-440312101081101,001N25E08DCCC,44.05332078,-101.1368065,0.08,2,1979-08-23
USGS-440319097424101,107N57W20CCBB,44.0552528,-97.7092423,0.5,1,1978-06-06
USGS-440321098245601,107N63W20DDBD,44.0558222,-98.4159228,0.11,1,1979-08-28
USGS-440325101141301,001N24E09CADD,44.0569321,-101.2373627,0.11,1,1979-08-06
USGS-440329103180501,JACKSON SPRINGS AT PUMPHOUSE,44.0580433,-103.3018504,1.1,1,1998-09-28
USGS-440330103080001,001N08E10DADD,44.0572102,-103.1318452,4.05,2,1980-05-06
USGS-440331097473701,107N58W21DABC,44.05858758,-97.7939668,0.07,1,1979-08-23
USGS-440334103095601,001N08E09CAB2,44.0594324,-103.1660129,5.6,1,1992-10-13
USGS-440338103173301,001N07E08ADDD(PE89B),44.06044444,-103.2930833,0.51,1,1992-05-14
USGS-440339103391401,001N04E08ADD,44.06081759,-103.6543612,10.0,1,1979-08-09
USGS-440342103160701,001N07E10BCDB,44.0616545,-103.269627,2.2,1,1991-05-08
USGS-440346097315301,107N56W22ADAA (2),44.06275114,-97.531737,0.04,1,1979-08-24
USGS-440354097292401,107N56W13DDDD,44.06497308,-97.4903469,0.5,1,1978-06-06
USGS-440400097041601,107N52W16DDDC,44.0666392,-97.0714495,2.1,1,1978-06-08
USGS-440408102040401,001N17E04DD,44.06887698,-102.0682095,0.4,1,1979-05-31
USGS-440427103131701,001N07E01DBBB (Star Village),44.07405556,-103.2216667,2.2,1,1991-02-07
USGS-440430103160201,001N07E03CBAA(PE64B),44.07420999,-103.2685438,2.5,1,1990-03-14
USGS-440433103481801,001N03E06BDAC,44.07581557,-103.8054774,0.3,1,1979-08-02
USGS-440437102131501,001N16E05B,44.07693226,-102.2212693,2.2,1,1979-05-31
USGS-440439096565401,107N51W15BBCC,44.07747158,-96.9486687,1.2,1,1978-06-09
USGS-440441096403601,107N49W14ABBC,44.07802615,-96.6769934,0.04,1,1979-08-01
USGS-440443103161301,001N07E03BBCD,44.07859885,-103.2707383,3.0,1,1990-03-21
USGS-440448102520801,001N10E02AAAD,44.0799872,-102.8693387,27.0,1,1979-07-12
USGS-440451096442001,108N49W08DDDB,44.08080387,-96.7392175,0.5,1,1978-06-13
USGS-440451102455401,002N11E35CCCD,44.08082,-102.7654477,5.0,1,1979-06-11
USGS-440451103383801,001N04E04ABBB,44.08081787,-103.6438053,10.0,1,1979-08-09
USGS-440458103261601,002N06E31DC (3),44.08276498,-103.4382437,0.7,1,1979-06-06
USGS-440509103334601,002N05E31DBCB,44.08581925,-103.5632475,6.7,1,1979-07-19
USGS-440514097134301,107N53W 8CBB,44.08719576,-97.2289529,0.3,1,1978-06-07
USGS-440524102064301,002N17E31AC,44.08998776,-102.1123774,0.2,1,1979-06-05
USGS-440526103173001,002N07E32ADDD,44.09054316,-103.2921279,2.65,2,1990-12-13
USGS-440527103220401,002N06E35BCAB,44.0908207,-103.3682414,1.4,1,1979-06-21
USGS-440530103190101,002N07E31ACAD,44.09415416,-103.3215733,2.0,1,1988-12-13
USGS-440531102173801,002N15E34ABDC,44.0919319,-102.294327,0.9,1,1979-06-01
USGS-440531102264201,002N14E33BBCC,44.09193154,-102.4454425,2.6,1,1979-05-30
USGS-440531102485401,002N11E32ABDC,44.09193127,-102.8154486,24.0,1,1979-07-12
USGS-440531102571001,002N10E31AACC,44.091932,-102.9532293,19.0,1,1979-07-12
USGS-440538102320601,002N13E34ABBD,44.09387575,-102.5354445,1.7,1,1979-05-31
USGS-440538102404001,002N12E33BAAA,44.09387548,-102.6782241,14.0,1,1979-06-04
USGS-440538102404401,002N12E33BAAB,44.09387547,-102.6793353,37.0,1,1979-06-04
USGS-440538103161201,002N07E34BBBC,44.0938765,-103.2704606,2.5,1,1979-05-29
USGS-440542102444201,002N11E36BBAB,44.0949864,-102.7454472,2.5,1,1979-06-04
USGS-440544103180001,002N07E32ABBD City Quarry Minnelusa,44.09544444,-103.3014444,2.0,1,1992-05-12
USGS-440544103180002,002N07E32ABBC2 City Quarry Madison,44.09544444,-103.3014444,0.46,1,1992-05-13
USGS-440556103304301,002N05E27CCBB,44.09887558,-103.5124126,1.2,1,1979-08-09
USGS-440607096351601,107N48W04ADDA,44.1019147,-96.5881018,22.0,1,1978-06-12
USGS-440607103440901,002N03E27DABD,44.1019276,-103.7363079,0.5,1,1979-08-02
USGS-440610102374001,002N12E26ADDC,44.1027643,-102.6282234,3.2,1,1979-06-01
USGS-440610103085201,002N08E27CBBA,44.10276547,-103.1482347,6.9,1,1979-06-07
USGS-440612103152001,002N07E27DABB,44.10332098,-103.2565713,1.3,1,1991-09-06
USGS-440616097313101,107N56W 2BDCC,44.1044171,-97.5256262,0.4,1,1978-06-06
USGS-440625096454301,107N49W06BABC,44.10691478,-96.7622739,7.5,1,1978-06-09
USGS-440628103014401,002N09E28ADAA,44.10776547,-103.0293422,0.3,1,1979-06-07
USGS-440628103111601,002N08E29BBBD,44.1077654,-103.1882359,22.0,1,1979-06-18
USGS-440629103040901,002N09E29BBCC,44.10776546,-103.0690656,5.0,1,1992-10-14
USGS-440632098400401,107N65W 5BBBA,44.10887958,-98.6681484,0.05,1,1979-07-25
USGS-440636096275001,107N47W03BAAB,44.10996995,-96.4642088,0.3,1,1978-06-08
USGS-440642096314001,107N48W01AAAA,44.1119145,-96.5303223,17.0,1,1982-09-21
USGS-440643096395701,108N49W36DBCC,44.1119146,-96.6661598,2.9,1,1978-06-12
USGS-440643102135501,002N16E19DC,44.1119318,-102.2323808,0.3,1,1979-05-31
USGS-440646103035401,002N09E20CCDA,44.1127654,-103.0654544,34.0,1,1979-06-07
USGS-440651096431401,108N49W32DACA,44.11413685,-96.7208838,0.4,1,1978-06-13
USGS-440655100253801,002N31E19DAD,44.11526298,-100.4276334,0.01,1,1980-07-10
USGS-440655103140501,002N07E23DACD (RC well 8),44.11526538,-103.2357373,2.2,1,1991-09-05
USGS-440659103064701,002N08E23DA,44.1163765,-103.1143448,15.4,1,1982-03-17
USGS-440701096575701,108N51W33BCCB,44.11691576,-96.9661695,14.0,1,1978-06-08
USGS-440708103214301,002N06E23BDD,44.11887608,-103.3624079,0.7,1,1979-05-25
USGS-440722103430401,002N03E23AABC,44.1227614,-103.7182519,0.4,1,1979-08-06
USGS-440730102343701,002N13E17CDDD,44.12498629,-102.5773894,26.0,1,1979-06-06
USGS-440730103112001,002N08E17CCCD,44.12498755,-103.189347,3.4,1,1979-06-07
USGS-440734097330601,108N56W28DDDD,44.12608375,-97.5520162,0.325,2,1979-08-24
USGS-440735103030701,002N09E17DDDB,44.12637644,-103.0523985,8.0,1,1980-08-13
USGS-440735103105601,002N08E17CDD,44.1263764,-103.1826802,4.3,1,1980-06-19
USGS-440755102374001,002N12E14ADD,44.13193056,-102.6282232,38.0,1,1979-06-01
USGS-440755102515401,002N10E13BCDB,44.1319311,-102.8654494,21.0,1,1979-07-12
USGS-440755103451801,002N06E16DAAB,44.1319277,-103.7554753,1.8,1,1979-10-13
USGS-440800103131301,002N07E13BDAA,44.1333208,-103.220737,1.3,1,1979-08-01
USGS-440809096435501,108N49W29AABC,44.13580329,-96.7322731,1.2,1,1978-06-13
USGS-440811103222201,002N06E15ADAA(PE95C),44.13641667,-103.3727222,0.87,1,1997-10-22
USGS-440811103222202,002N06E15ADAA2(PE96B),44.13638889,-103.3727222,1.34,1,1997-10-21
USGS-440813102561301,002N10E17ABCB,44.1369315,-102.9373955,23.0,1,1979-06-28
USGS-440816103261801,002N06E18ADAA,44.13582015,-103.4340768,7.0,1,1988-10-30
USGS-440818103180801,002N07E17BAAD(PE84B),44.1388333,-103.30275,2.5,1,1992-05-19
USGS-440820102190401,002N15E09CDDA,44.13887568,-102.3182166,14.0,1,1979-06-05
USGS-440824102281501,002N14E07DCDA,44.13998625,-102.4712765,7.2,1,1979-05-30
USGS-440824103160401,002N07E10CCDC,44.1399874,-103.2682384,3.6,1,1979-06-18
USGS-440824103185701,002N07E07DDCC,44.14082055,-103.3162954,4.6,1,1979-06-18
USGS-440825098145601,108N62W26BBBC,44.14026466,-98.2492553,28.0,1,1979-08-26
USGS-440827103342601,002N04E12DDDA,44.14081895,-103.5743587,0.9,1,1979-07-22
USGS-440832103160901,002N07E10CDCA,44.14359849,-103.2696274,3.7,1,1982-08-25
USGS-440834103013301,002N09E10CBDC,44.1427652,-103.0262866,14.0,1,1979-06-14
USGS-440834103271401,002N05E12DDBB,44.14276447,-103.4543551,1.9,1,1979-06-06
USGS-440845102101501,002N16E10AD,44.1458203,-102.1712679,0.2,1,1979-06-05
USGS-440851103044801,002N09E07CDCC,44.1416541,-103.0865662,6.4,1,1954-08-20
USGS-440900096302801,108N47W19ADAA (3),44.1499694,-96.5080996,0.5,1,1978-06-08
USGS-440907096401201,108N49W14DDDC,44.1519141,-96.6703268,7.8,1,1978-06-13
USGS-440910102434801,002N11E12AAAB,44.15276347,-102.7304462,6.3,1,1979-06-05
USGS-440918103501301,2N 2E 2DDCA,44.154983,-103.8374235,1.2,1,1979-10-13
USGS-440928096542101,108N51W13CBBD,44.1577484,-96.9061678,0.3,1,1978-06-09
USGS-440931103141401,2N 7E 2DBDC,44.15859848,-103.237682,1.9,1,1992-10-08
USGS-440939096590601,108N51W17BCBD,44.16080437,-96.985337,21.0,1,1978-06-09
USGS-440942096341701,108N48W15ADD,44.161636,-96.5717127,0.5,1,1978-06-08
USGS-440946102063201,002N17E06AD,44.16276455,-102.1093217,13.0,1,1979-06-05
USGS-440946102212501,002N15E06BDAA,44.16276409,-102.3573844,4.5,1,1979-06-05
USGS-440949103140401,002N07E02ACAD,44.16359845,-103.2349042,5.6,1,1979-08-01
USGS-440953103140801,002N07E02ADBC,44.16470955,-103.2360153,3.0,1,1980-05-07
USGS-441001097315101,108N56W10DDD,44.1669162,-97.5311828,0.8,1,1978-06-07
USGS-441004097221301,108N55W13AAAA,44.16774968,-97.3706238,0.85,1,1979-08-23
USGS-441009096503301,108N50W09CDC,44.1691368,-96.8428324,0.3,1,1978-06-12
USGS-441030101112201,003N24E35ADC,44.1749859,-101.189863,0.06,1,1979-08-23
USGS-441033101173301,003N23E36DAB,44.17581955,-101.2929194,0.07,1,1979-08-23
USGS-441033103210301,003N06E35ADDA,44.1777646,-103.3524076,4.1,1,1979-06-19
USGS-441037102554001,003N10E33BCBC,44.1769311,-102.9282284,10.0,1,1979-06-28
USGS-441037103110601,003N08E32BDCB,44.17693169,-103.1854582,3.0,1,1979-06-18
USGS-441048103361401,003N04E35BADB,44.17998526,-103.6043595,0.3,1,1979-08-09
USGS-441055102531301,003N10E35BBBB,44.18193075,-102.887394,30.0,1,1979-07-12
USGS-441055103230501,003N06E34BA,44.1819311,-103.3851864,1.9,1,1991-12-18
USGS-441058102014401,003N17E26DD,44.18276429,-102.0293193,8.1,1,1979-06-04
USGS-441102102133301,003N16E30DD,44.18387535,-102.2262696,0.5,1,1979-06-04
USGS-441106102320601,003N13E27DCBA,44.18498538,-102.5354443,11.0,1,1979-06-06
USGS-441109102473801,003N11E28DBDC,44.18581889,-102.794336,3.0,1,1979-07-12
USGS-441109103013701,003N09E27CCBD,44.18582046,-103.0273978,6.1,1,1979-06-14
USGS-441113096313301,108N47W06CCBB (2),44.18691327,-96.5261558,0.5,1,1978-06-08
USGS-441113102155401,003N15E25CBCA,44.1869308,-102.2654374,0.4,1,1979-06-05
USGS-441124102290601,003N14E30BCCB,44.18998538,-102.4854436,8.2,1,1979-05-31
USGS-441127103195801,003N06E25ADDC,44.19082017,-103.3332404,2.8,1,1979-06-21
USGS-441131097052401,108N52W 5AADC,44.1919157,-97.09034,15.0,1,1978-06-08
USGS-441131103375501,003N04E27BCCA,44.19192948,-103.6324159,0.5,1,1979-08-09
USGS-441138096482501,108N50W02BBBB,44.1938586,-96.8072758,8.1,1,1978-06-12
USGS-441142096344001,109N48W34CDCC,44.1960799,-96.5781019,0.4,1,1978-06-08
USGS-441142096373301,109N48W31DDDD,44.19608009,-96.626159,12.0,1,1978-06-13
USGS-441142103173101,003N07E29AADB,44.19498699,-103.2924059,7.3,1,1979-06-19
USGS-441142103315501,003N05E29AADA,44.1949858,-103.5324128,0.4,1,1979-08-07
USGS-441145096542801,108N51W35DDDB,44.1958036,-96.9081125,7.5,1,1978-06-09
USGS-441146097450001,108N58W 2AADA,44.19497446,-97.7511899,0.06,1,1979-08-23
USGS-441158101172201,003N23E24DD,44.1994303,-101.2898639,0.14,1,1979-08-23
USGS-441203096274301,109N47W34CBCA,44.2008018,-96.462265,0.7,1,1978-06-08
USGS-441209101141501,003N24E21CAA,44.2024857,-101.2379191,0.02,1,1979-08-23
USGS-441218097330701,109N56W33ADAA (2),44.20497149,-97.5522951,1.8,1,1978-06-08
USGS-441219103090801,003N08E21DAAD,44.20609816,-103.1515684,3.3,1,1979-07-31
USGS-441232096433001,109N49W33BBBB,44.20885805,-96.7253288,35.0,1,1978-06-13
USGS-441239096520101,109N50W30DDAD,44.2108032,-96.8672779,33.0,1,1978-06-12
USGS-441254096564501,108N51W27CBBC,44.0816382,-96.9461686,22.0,1,1978-06-09
USGS-441301103035401,003N09E17CBDA,44.21693137,-103.0654546,13.0,1,1979-06-14
USGS-441304102292401,003N13E13ADCD,44.21776268,-102.4904437,16.0,1,1979-05-31
USGS-441310103435901,3N 3E14CBBB,44.21942895,-103.7335301,0.77,1,1995-09-13
USGS-441312102494401,003N11E18ADDA,44.2199854,-102.8293366,5.2,1,1979-07-12
USGS-441318103221301,003N06E24CADD,44.20193117,-103.3429629,2.3,1,1980-08-08
USGS-441322103272801,3N 5E13ACAA,44.2227638,-103.4582439,1.0,1,1995-08-08
USGS-441324101132401,003N24E15BBD,44.2233187,-101.2237525,0.04,1,1979-08-22
USGS-441333103403001,003N04E07DDDC,44.2258182,-103.6754727,0.5,1,1979-08-09
USGS-441337103225001,003N06E15ABB(MD84A),44.22655556,-103.38075,0.81,1,1996-09-04
USGS-441337103225002,003N06E15ABB2(MD94A),44.22652778,-103.3806944,4.0,1,1996-09-04
USGS-441344103401201,003N04E08CCAD,44.2288738,-103.6704726,0.5,1,1979-08-09
USGS-441345103210701,003N06E12CCCB,44.22915317,-103.3524077,3.1,1,1982-08-26
USGS-441355102250801,003N14E10CABA,44.23192947,-102.4193306,8.1,1,1979-06-06
USGS-441355103230901,003N06E10CDBB,44.23193077,-103.3862975,2.1,1,1979-06-19
USGS-441400101203501,003N23E10BCAA,44.23331885,-101.3434757,0.06,1,1979-08-21
USGS-441402103161201,003N07E10CBBB,44.23387575,-103.270461,3.3,1,1979-06-19
USGS-441406102435501,003N11E12ADBC,44.23498457,-102.7323896,13.0,1,1979-06-07
USGS-441413102525101,003N10E11BACD,44.2369301,-102.8812824,21.0,1,1979-07-12
USGS-441413103000001,003N09E11BDAB,44.23693118,-103.0004526,7.7,1,1979-06-14
USGS-441416096302801,109N47W19AABD,44.23774567,-96.5081,11.0,1,1978-06-14
USGS-441416103074801,003N08E10AADD,44.2377646,-103.1304567,5.2,1,1979-06-14
USGS-441424102100801,003N16E03DD,44.2399857,-102.1693235,25.0,1,1979-06-04
USGS-441431103315801,003N05E09BAB,44.2410967,-103.527968,1.3,1,1982-09-09
USGS-441434102095701,003N16E03CA,44.24276348,-102.1662678,9.0,1,1979-06-04
USGS-441434103560001,3N 2E 6CCCD,44.2427613,-103.933817,0.67,1,1995-08-03
USGS-441445096275701,109N47W16DAAA,44.2458011,-96.4661544,1.2,1,1978-06-14
USGS-441503096384201,109N48W18BBBC,44.25080165,-96.6453265,17.0,1,1978-06-14
USGS-441503096585801,109N51W17BABC,44.25080356,-96.9831153,4.0,1,1978-06-14
USGS-441507097345501,109N56W17BAAB,44.25191576,-97.5822967,3.0,1,1978-06-08
USGS-441510096431201,109N49W 9CDCD,44.2527464,-96.7203288,8.3,1,1978-06-14
USGS-441510096461501,109N50W13AABA,44.2527467,-96.7711638,1.9,1,1978-06-13
USGS-441510102121801,003N16E04BB,44.2527634,-102.2054357,1.4,1,1979-06-04
USGS-441514102364301,003N12E01ABAA,44.25387329,-102.6123889,2.3,1,1979-06-13
USGS-441514103113101,003N08E06AAAC,44.25387569,-103.1924031,9.2,1,1979-07-25
USGS-441518096495101,109N50W 9DDBB,44.25496926,-96.8311658,19.0,1,1978-06-13
USGS-441520102144401,004N16E31CCDC,44.2555412,-102.2459925,0.04,1,1979-08-20
USGS-441525096350601,109N48W10CBCC,44.25691238,-96.5853247,8.3,1,1978-06-14
USGS-441550102385201,004N12E34ADAC,44.2638734,-102.6482226,17.0,1,1979-06-14
USGS-441557097060701,109N52W 8BABD,44.2658037,-97.1022857,4.9,1,1978-06-13
USGS-441557097101201,109N53W10AAAA,44.2658039,-97.1703432,12.0,1,1978-06-12
USGS-441604097422801,109N57W 5CCAC,44.267751,-97.708134,0.2,1,1978-06-07
USGS-441608096554701,109N51W 3DDCA,44.26885855,-96.9300582,18.0,1,1978-06-14
USGS-441608101183001,004N23E35AA,44.26887398,-101.3087535,0.06,1,1979-08-22
USGS-441608102260201,004N14E28DCCD,44.2688738,-102.434331,10.0,1,1979-06-07
USGS-441612103342201,004N04E25DDDD,44.26998528,-103.574914,1.1,1,1979-10-18
USGS-441615103314401,004N05E28CCDC,44.27081876,-103.529357,0.8,1,1979-10-18
USGS-441622102324501,004N13E27CBCC,44.27276248,-102.5462776,23.0,1,1979-06-13
USGS-441622103422101,004N03E25CDB,44.2727626,-103.7063071,0.7,1,1979-10-14
USGS-441626097122101,109N53W 4CBAB,44.27385945,-97.2061777,6.6,1,1978-06-12
USGS-441640103160401,004N07E27BCCD,44.2777644,-103.2682388,0.3,1,1979-07-19
USGS-441644103380601,004N04E28ADDB,44.2788739,-103.6354715,1.3,1,1979-10-18
USGS-441648097081301,109N53W 1ABBC,44.27997028,-97.1372869,0.5,1,1978-06-12
USGS-441648103481401,004N03E30BDAD,44.27998438,-103.8043666,0.7,1,1979-10-08
USGS-441653099153301,109N70W 4BABD,44.28137636,-99.259548,0.02,1,1979-07-24
USGS-441720102103701,004N16E22CAAA,44.2888747,-102.1773797,19.0,1,1979-06-04
USGS-441720103084901,004N08E22CBDC,44.28887556,-103.1474018,25.0,1,1979-07-25
USGS-441731102292001,004N13E24ADCA,44.2919295,-102.4893326,13.0,1,1979-06-05
USGS-441738096523701,110N50W31ABCB,44.2938579,-96.877279,31.0,1,1978-06-14
USGS-441745096384201,110N48W30CCCC,44.295801,-96.6453271,5.7,1,1978-06-14
USGS-441745096472701,110N50W35AABB,44.29580185,-96.791165,19.0,1,1978-06-13
USGS-441745103164001,004N07E21ABDC,44.2958198,-103.278239,23.0,1,1979-07-19
USGS-441749096562001,110N51W27CDDC,44.29691379,-96.9392255,13.0,1,1978-06-14
USGS-441749097592701,110N60W25CCCB,44.29692438,-97.9911972,0.2,1,1978-05-31
USGS-441749103515701,004N02E22BACB,44.29692848,-103.866314,3.2,1,1979-10-08
USGS-441752102414901,004N12E17DCCC,44.29776275,-102.69739,27.0,1,1979-06-14
USGS-441759103261201,04N06E19AABA Tilford North Minnelusa,44.30002778,-103.4367778,0.78,1,1996-08-27
USGS-441759103261202,04N06E19AABA2 (Tilford South Madison well),44.29991667,-103.4367222,1.4,1,1996-09-03
USGS-441759103261203,004N06E19AABA3 Tilford Middle Minnekahta,44.2999722,-103.43675,1.2,1,1996-09-19
USGS-441803102024901,004N17E15DADD,44.300819,-102.0473759,6.5,1,1979-06-01
USGS-441803103465501,004N03E17DCCA,44.3013733,-103.7832546,1.8,1,1979-10-08
USGS-441807097195101,110N54W29DAAA,44.3019144,-97.3311809,0.2,1,1978-06-14
USGS-441807103235601,004N06E16DCAC,44.3019303,-103.3993534,8.6,1,1979-07-23
USGS-441810096493701,110N50W27CBBB,44.3027464,-96.8272774,4.7,1,1978-06-13
USGS-441812103230501,004N06E16DCB,44.30331917,-103.4018534,10.0,1,1982-08-26
USGS-441818097315501,110N56W27ADAC (2,44.30497008,-97.5322963,0.5,1,1978-06-08
USGS-441820103205801,004N06E13BBBC,44.3138749,-103.3518521,3.2,1,1982-09-09
USGS-441821096422501,110N49W28ADAA,44.3058012,-96.7072736,0.7,1,1978-06-14
USGS-441821103173101,004N07E17DAAB,44.3058197,-103.292406,2.7,1,1979-07-23
USGS-441828102012601,004N17E13BCBC,44.30776347,-102.0243198,6.6,1,1979-06-06
USGS-441832096314401,110N48W25AABD,44.30885568,-96.5292127,1.2,1,1978-06-14
USGS-441834103232501,004N06E25ACAB,44.2819307,-103.3393518,8.4,1,1982-08-30
USGS-441839096354501,110N48W21DCCC,44.3108005,-96.5961592,8.8,1,1978-06-14
USGS-441839097295201,110N56W24DCDC,44.31080285,-97.4981288,2.6,1,1978-06-12
USGS-441839103204901,004N06E14BACC,44.3108194,-103.3474076,11.0,1,1982-08-25
USGS-441843097163701,110N54W23DCCA,44.31191437,-97.2772911,13.0,1,1978-06-14
USGS-441843102313701,004N13E15AAAA,44.3119298,-102.5273887,33.0,1,1979-06-18
USGS-441846097144501,110N53W19CCDB,44.3127477,-97.2461794,5.9,1,1978-06-12
USGS-441857103215001,004N06E11CDBD,44.3158193,-103.3643525,0.3,1,1979-07-23
USGS-441910100203001,004N23E15BD,44.3194292,-101.3420877,0.06,1,1979-08-21
USGS-441912097221901,110N55W24ADAB,44.3199696,-97.3722931,1.2,1,1978-06-14
USGS-441912102282601,004N14E07ACCD,44.3199856,-102.4743323,34.0,1,1979-06-04
USGS-441926103423201,004N03E12BCAB,44.3238735,-103.7093629,1.2,1,1979-10-08
USGS-441930096542501,110N51W13CCCC,44.3249688,-96.9072804,2.9,1,1978-06-13
USGS-441933102243201,004N14E10AABA,44.32581919,-102.4093307,12.0,1,1979-05-30
USGS-441933103062801,004N08E12BBC,44.3258199,-103.108234,8.6,1,1979-07-25
USGS-441940103383801,004N04E04CDDD,44.32776256,-103.6443608,0.6,1,1979-10-14
USGS-442016096324901,110N48W14AAAA,44.3377442,-96.5472693,3.8,1,1978-06-14
USGS-442016097232701,110N55W14AAA,44.33774716,-97.3911827,0.8,1,1978-06-12
USGS-442016103473401,004N03E05BCBC,44.33776206,-103.7932552,2.1,1,1979-10-08
USGS-442024096420301,110N49W10CDCC,44.3399674,-96.7011628,2.6,1,1978-06-14
USGS-442024097062101,110N52W 7DDDD (2),44.33996926,-97.1061756,0.3,1,1978-06-13
USGS-442024102032801,004N17E03BADB,44.33998585,-102.05821,4.5,1,1979-06-01
USGS-442024103545701,004N02E06AACD,44.3399838,-103.9163165,1.2,1,1979-10-18
USGS-442027103235501,004N06E04ABD,44.34081899,-103.3990756,7.0,1,1982-08-26
USGS-442027103501301,004N02E02AABD,44.3408174,-103.8374239,0.9,1,1979-10-08
USGS-442034096493701,110N50W10CCBB,44.3427459,-96.8272779,4.6,1,1978-06-13
USGS-442038103240001,005N06E33CDCD,44.3438745,-103.4004645,1.1,1,1979-07-23
USGS-442038103255501,005N06E31DDCC,44.34387435,-103.4324098,3.4,1,1979-07-23
USGS-442045097100801,110N53W10DAAA,44.34580258,-97.1692331,32.0,1,1978-06-12
USGS-442047103011801,005N09E34CCBD,44.34637556,-103.0221204,0.07,1,1979-07-17
USGS-442049096275701,110N47W 9ADDD (2),44.3469105,-96.466156,1.0,1,1978-06-14
USGS-442052097150001,110N54W12ADDA,44.3477471,-97.2503466,0.3,1,1978-06-12
USGS-442114096562701,110N51W 3CDCC (2),44.3538575,-96.9411707,4.7,1,1978-06-13
USGS-442118096383801,110N48W 6CCCB,44.3549668,-96.6442168,1.7,1,1978-06-14
USGS-442118096454301,110N49W 6CCDD,44.3549676,-96.7622759,18.0,1,1978-06-13
USGS-442118102535601,005N10E34BCAB,44.35498625,-102.8993397,0.2,1,1979-06-29
USGS-442128102074801,005N16E25CDDA,44.35776389,-102.1304346,3.6,1,1979-06-06
USGS-442132103055601,005N08E25CDCB,44.35887545,-103.099345,17.0,1,1979-07-25
USGS-442134100202601,110N79W 4CAAA,44.35942687,-100.3409661,0.04,1,1979-07-25
USGS-442139102390001,005N12E27DBCC,44.3608192,-102.6504461,7.1,1,1979-06-25
USGS-442143102414201,005N12E29CAC,44.3619302,-102.6954467,2.9,1,1979-06-25
USGS-442157097442001,110N58W 1ABAC,44.36580638,-97.7392478,0.2,1,1978-06-08
USGS-442157102112401,005N16E28BDDA,44.36581967,-102.1904365,14.0,1,1979-06-07
USGS-442201102552201,005N10E29ADDD,44.3669308,-102.9232292,6.0,1,1979-06-29
USGS-442215102222201,005N14E25BABB,44.3708198,-102.373219,9.6,1,1979-05-31
USGS-442215103014401,005N09E28ABAB,44.37081999,-103.0293429,21.0,1,1979-07-11
USGS-442219102412401,005N12E29ABBB,44.37193038,-102.6904468,5.5,1,1979-06-25
USGS-442219102514601,005N10E23DDDD,44.3719306,-102.8632279,11.0,1,1979-07-10
USGS-442224103325401,5N 5E20CCCC,44.37331815,-103.5488022,1.0,1,1957-03-22
USGS-442240103301001,005N05E22CBAD,44.37776269,-103.503245,1.2,1,1979-10-08
USGS-442258097534201,111N59W34DDCD,44.3827543,-97.8953628,0.2,1,1978-05-17
USGS-442258103170601,005N07E21BCBB,44.3827638,-103.2854615,1.0,1,1979-07-18
USGS-442300102035301,005N17E21AACC,44.3833193,-102.0651552,0.16,1,1979-08-21
USGS-442302096362801,111N48W29DDCA,44.383855,-96.6081051,2.4,1,1978-06-14
USGS-442306097220401,111N54W30CCBB,44.38496876,-97.3681275,4.8,1,1978-06-14
USGS-442306103352001,005N04E23AAAD,44.38498466,-103.589359,1.3,1,1979-10-08
USGS-442309096552201,111N51W26CCAB,44.3858014,-96.923115,8.6,1,1978-06-14
USGS-442309102575001,005N09E13DDDC,44.3858199,-102.9643414,7.7,1,1979-06-27
USGS-442313097101201,111N53W27DADC,44.386913,-97.1703448,5.3,1,1978-06-12
USGS-442316103260201,005N06E18DCDB,44.387763,-103.4343544,1.6,1,1979-07-18
USGS-442327096410901,111N49W27ADDA,44.39079997,-96.686163,2.9,1,1978-06-13
USGS-442334096580801,111N51W29ADAC (2),44.392746,-96.9692277,56.0,1,1978-06-15
USGS-442335103311001,005N05E16CAAD(MD86A),44.39352778,-103.5197778,11.6,2,1997-12-02
USGS-442340103393201,005N04E17CAAD,44.39304,-103.6607504,2.0,1,1988-11-17
USGS-442345096380601,111N48W30ABBB,44.3957995,-96.6353283,5.4,1,1978-06-13
USGS-442345102595201,005N09E14BDBC,44.39582005,-102.998231,7.5,1,1979-06-27
USGS-442349097250801,111N55W22DCCC,44.3969131,-97.41924,6.0,1,1978-06-12
USGS-442356097051601,111N52W20DDDB,44.3988572,-97.0881203,4.4,1,1978-06-13
USGS-442356097303201,111N56W24CCBC,44.3988578,-97.5092421,0.4,1,1978-06-09
USGS-442356103482501,005N03E18BBCB,44.39887296,-103.8074227,3.8,1,1979-10-07
USGS-442407096493301,111N50W22CBCC,44.4019118,-96.8261675,36.0,1,1978-06-14
USGS-442410096455001,111N49W19CBBD,44.4027448,-96.764221,5.9,1,1978-06-13
USGS-442435103320301,005N05E08ACDD,44.40970689,-103.534635,2.5,1,1982-08-30
USGS-442435103571101,005N01E11DABA(LA95C),44.4096111,-103.953,0.74,1,1997-10-29
USGS-442436102524801,005N10E11BCCA,44.40998648,-102.880451,27.0,1,1979-06-27
USGS-442443096323401,111N48W13CCCD,44.4119096,-96.5431037,64.0,1,1978-06-14
USGS-442443097115601,111N53W16CDDD,44.41191259,-97.1992349,1.0,1,1978-06-12
USGS-442450103422801,005N03E11AAAD,44.4138731,-103.708252,1.0,1,1979-10-06
USGS-442457097171301,112N54W29BCBD,44.4158016,-97.337294,2.4,1,1978-06-15
USGS-442515102300301,006N13E29DADA,44.42082065,-102.5012776,22.0,1,1979-06-12
USGS-442515102404801,005N12E04CBBD,44.4208199,-102.6804475,47.0,1,1979-06-21
USGS-442515103191901,005N07E06CBAD,44.42081899,-103.3224069,19.0,1,1979-07-18
USGS-442515103220101,005N06E03DAAD,44.4208187,-103.3674081,40.0,1,1979-07-18
USGS-442515103340401,005N04E01DAAD,44.42081786,-103.5682473,1.1,1,1979-10-08
USGS-442519103111601,005N08E06DABA,44.42193066,-103.1882366,32.0,1,1979-07-12
USGS-442519103263101,005N06E06CABC,44.4219294,-103.4424102,1.1,1,1979-07-18
USGS-442526103170201,005N07E04BCC,44.4238747,-103.2843504,25.0,1,1979-07-18
USGS-442530102371501,005N12E02ADAB,44.4249869,-102.6212798,40.0,1,1979-06-20
USGS-442533102372201,005N12E02ADAD,44.4258202,-102.6232243,32.0,1,1979-06-20
USGS-442537096302801,111N47W 7DDCB,44.42690908,-96.5081029,13.0,1,1978-06-14
USGS-442540097293801,111N56W12DDBC,44.4277463,-97.4942424,0.3,1,1978-06-13
USGS-442551102331001,005N13E02DAAD,44.4308206,-102.553223,0.8,1,1979-06-18
USGS-442551102550401,006N10E33CCDA,44.43081998,-102.9182298,35.0,1,1979-06-27
USGS-442553102551001,006N10E33CCDA2,44.4313755,-102.9198965,9.75,2,1994-05-25
USGS-442606097204901,111N54W 8BCDB,44.434968,-97.3472946,9.0,1,1978-06-14
USGS-442624096362801,111N48W 8AABA,44.43996529,-96.6081059,1.1,1,1978-06-14
USGS-442624097050601,111N52W 9BBBB,44.4399677,-97.085343,15.0,1,1978-06-13
USGS-442627096452501,111N49W 6CDDD,44.4407999,-96.7572768,1.7,1,1978-06-13
USGS-442631096503801,111N50W 4CCDC,44.4419114,-96.8442242,6.4,1,1978-06-14
USGS-442631096531301,111N51W 1DDDD,44.4419116,-96.8872811,0.7,1,1978-06-14
USGS-442631096570301,111N51W 4DDCC,44.4419119,-96.9511721,12.0,1,1978-06-14
USGS-442631097081601,111N53W 1CDDA,44.4419121,-97.1381224,4.9,1,1978-06-12
USGS-442631102401201,006N12E33ABCB,44.44193137,-102.6704476,0.5,1,1979-06-21
USGS-442634097171301,111N54W 2CCBD,44.44274548,-97.2872933,7.4,1,1978-06-15
USGS-442634103425701,006N03E35ABAB,44.44276187,-103.716308,1.2,1,1979-10-06
USGS-442638102403001,006N12E28CDCC,44.4438758,-102.6754477,6.7,1,1979-06-21
USGS-442638102431201,006N12E31BBBB,44.4438756,-102.7204486,33.0,1,1979-06-21
USGS-442652102241001,006N14E27DACD,44.4477653,-102.4032201,0.3,1,1979-06-25
USGS-442656102334301,006N13E33CD,44.4488764,-102.56239,23.0,1,1979-06-25
USGS-442706104015401,6N 1E30DAAD,44.45165097,-104.032155,0.37,1,1995-08-04
USGS-442707102205201,006N15E30ACCA,44.4519319,-102.348219,0.3,1,1979-06-25
USGS-442708103311401,006N05E28ADA2,44.45526225,-103.5101898,12.0,1,1982-08-30
USGS-442713097025901,111N52W 3AADC,44.4535786,-97.0500643,3.4,1,1978-06-13
USGS-442718097115601,111N53W 4BAAB,44.45496739,-97.1992355,6.9,1,1978-06-12
USGS-442720103380601,006N04E28ABCC,44.45637309,-103.6388054,1.8,1,1979-08-27
USGS-442721096422101,112N49W33DDDA,44.45579928,-96.7061645,10.0,1,1978-06-13
USGS-442721103493701,006N02E25BBCB,44.45581726,-103.8274238,2.2,1,1979-10-07
USGS-442754103220801,006N06E22DABD,44.46498517,-103.3693527,0.2,1,1979-07-17
USGS-442754103343301,006N04E24DBB,44.46498428,-103.5763032,10.0,1,1979-09-20
USGS-442754103384901,006N04E21CBBB,44.4649841,-103.6474168,0.6,1,1979-10-06
USGS-442754103471301,006N03E20CBBD,44.4649839,-103.787422,3.1,1,1979-10-07
USGS-442757103303901,006N05E21DABB,44.4658177,-103.511301,10.0,1,1979-09-20
USGS-442757103431201,006N03E21CAAB,44.4658173,-103.7204749,1.1,1,1979-10-06
USGS-442758097324701,112N56W34BBC,44.46608015,-97.5467446,0.4,1,1978-06-12
USGS-442800097555602,112N59W33BCBD2,44.46664316,-97.932587,0.2,1,1978-05-17
USGS-442802103544602,006N02E19DABA2(LA96C),44.46655556,-103.9136667,1.51,1,1998-09-09
USGS-442804103330401,006N05E19AAAC,44.4677621,-103.5515802,0.15,1,1979-08-27
USGS-442808103074801,006N08E22ACAB,44.46887516,-103.1304573,10.0,1,1979-07-26
USGS-442812096553701,112N51W27DDDD,44.469967,-96.9272828,24.0,1,1978-06-15
USGS-442812102170601,006N15E22AACC,44.4699874,-102.28544,38.0,1,1979-06-25
USGS-442815103191201,006N07E19BACC,44.47081875,-103.3204625,6.8,1,1979-07-17
USGS-442819102550401,006N10E21BBAD,44.47193126,-102.9182302,10.0,1,1979-07-10
USGS-442822103534501,006N02E20ABAB (2),44.47276166,-103.8963158,2.0,1,1979-10-18
USGS-442830103153201,006N07E15CDCA,44.4749857,-103.2593497,13.0,1,1979-07-17
USGS-442844096283301,112N47W28BDAC,44.47885266,-96.4761584,16.0,1,1978-06-14
USGS-442844097204901,112N54W29BCBD (2),44.47885628,-97.3472954,1.1,1,1978-06-13
USGS-442848097375501,112N57W26ADA,44.47997039,-97.6323026,22.0,1,1978-06-13
USGS-442855097470901,112N58W27BABB,44.4819176,-97.7861952,1.0,1,1978-05-31
USGS-442857103513401,006N02E22ABBB,44.47415055,-103.8593697,1.6,1,1980-08-11
USGS-442858096303601,112N47W30ABAC,44.48274148,-96.5103261,10.0,1,1978-06-14
USGS-442858097001801,112N52W30BBBD,44.48274495,-97.005341,35.0,1,1978-06-13
USGS-442858097033601,112N52W27BABA,44.48274487,-97.0603428,64.0,1,1978-06-13
USGS-442858102093201,006N16E14BCBB,44.48276467,-102.1593258,7.3,1,1979-06-08
USGS-442858102284801,006N14E18BCBB,44.4827661,-102.480444,8.4,1,1979-06-12
USGS-442906096420001,112N49W22CDCC,44.4849655,-96.7003314,6.3,1,1978-06-13
USGS-442909096575701,112N51W21CCCB,44.4858003,-96.9661732,15.0,1,1978-06-15
USGS-442913096461901,112N50W24DCAC,44.4869105,-96.7722779,13.0,1,1978-06-13
USGS-442913096504501,112N50W21CCBC,44.48691086,-96.8461692,32.0,1,1978-06-13
USGS-442918097445901,112N58W24CBDC,44.48830568,-97.7500835,7.7,1,1980-09-17
USGS-442931097085201,112N53W23ADDD,44.49191127,-97.1481233,8.0,1,1978-06-12
USGS-442934097171301,112N54W23BCCB,44.4927446,-97.287294,4.9,1,1978-06-15
USGS-442935098205201,112N63W24CAAB,44.49303797,-98.3481485,1.0,1,1981-01-05
USGS-442938096383801,112N48W19BCBC,44.4938537,-96.6442188,17.0,1,1978-06-13
USGS-442942102230601,006N14E11DBAA,44.4949881,-102.3854422,8.2,1,1979-06-22
USGS-442952097150001,112N54W18AAA,44.49774435,-97.2503488,0.8,1,1978-06-12
USGS-443000097003901,112N52W13DDCB,44.4999669,-97.0111748,4.9,1,1978-06-13
USGS-443007102474901,006N11E04CCDD,44.5019316,-102.7973955,38.0,1,1979-06-12
USGS-443014103275401,006N05E01CCBC,44.50387335,-103.4654664,13.0,1,1979-06-26
USGS-443032103575001,006N01E02CABC,44.50887285,-103.9643745,1.7,1,1979-09-21
USGS-443036097123201,112N53W17AADB,44.5099665,-97.2092366,2.8,1,1978-06-22
USGS-443039103075101,006N08E03ACDC,44.5108196,-103.1312907,9.2,1,1979-06-20
USGS-443040101123001,006N24E03BAAA3,44.51109348,-101.2087573,0.09,1,1979-08-07
USGS-443050103152101,006N07E03BADA,44.5138746,-103.256294,0.2,1,1979-06-27
USGS-443054103430801,006N03E02BADA,44.5149839,-103.7193639,7.8,1,1979-07-03
USGS-443057103113801,006N08E06ABBB,44.51581935,-103.1943479,13.0,1,1979-06-20
USGS-443100104002001,007N01E33CCDD(LA87A),44.5178333,-104.0070278,2.6,1,1994-04-11
USGS-443100104002002,007N01E33CCDD2(LA87B),44.5178333,-104.0070278,2.2,1,1994-04-11
USGS-443100104002003,007N01E33CCDD3(LA94A),44.5178333,-104.0070278,2.7,1,1994-08-18
USGS-443101103311501,007N05E33CDCC,44.5169287,-103.5213015,27.0,1,1979-07-11
USGS-443104103182501,007N07E31DDDC,44.5177632,-103.3074065,71.0,1,1979-06-27
USGS-443108096422101,112N49W 9DADD,44.5188542,-96.7061654,1.8,1,1978-06-19
USGS-443108103361401,007N04E35CCAD,44.518873,-103.6043599,28.0,1,1979-07-11
USGS-443112096530901,112N50W 7CBBB,44.51996628,-96.886171,2.0,1,1978-06-21
USGS-443112096564901,112N51W10CBBB,44.5199665,-96.9472842,9.3,1,1978-06-21
USGS-443115097075101,112N53W12ADCC,44.52079986,-97.1311789,7.3,1,1978-06-20
USGS-443124099494801,112N75W10DAAA,44.52331616,-99.8303965,0.06,1,1980-07-02
USGS-443126097210301,112N54W 7AADB,44.52385579,-97.3511852,1.5,1,1978-06-22
USGS-443130097171601,112N54W11BBCB,44.5249665,-97.288128,1.4,1,1978-06-22
USGS-443133097050901,112N52W 9BBBC (2),44.52579987,-97.0861776,7.3,1,1978-06-13
USGS-443133102354501,007N13E31BCAC,44.5258215,-102.5962799,6.2,1,1979-06-14
USGS-443137096383101,112N48W 7BBBA,44.5269091,-96.642275,57.0,1,1978-06-20
USGS-443137097423901,112N57W 8BBBB,44.5269157,-97.7111942,18.0,1,1978-06-23
USGS-443142099435401,112N74W 4DC,44.5283166,-99.7320613,0.07,1,1980-07-02
USGS-443155102283701,007N14E30CD,44.5319331,-102.4773885,6.2,1,1979-06-12
USGS-443158097252601,112N55W 3CACA,44.532745,-97.4242428,6.0,1,1978-06-22
USGS-443159097534301,112N59W 3DDAB,44.53303035,-97.8956426,0.2,1,1978-05-18
USGS-443202102321301,007N13E27CCAC,44.5338774,-102.5373897,17.0,1,1979-06-14
USGS-443206096272501,112N47W 3BDCC,44.53496349,-96.45727,4.6,1,1978-06-22
USGS-443206102232401,007N14E26DB,44.5349884,-102.3904425,0.4,1,1979-06-12
USGS-443220096351601,112N48W 4AACD,44.538853,-96.5881071,23.0,1,1978-06-22
USGS-443227096314801,112N48W 1ABAB,44.5407969,-96.5303278,17.0,1,1978-06-22
USGS-443227103503401,007N02E26BDB,44.5408173,-103.8432581,3.9,1,1979-09-14
USGS-443231096462601,112N50W 1ABBB,44.54191016,-96.7742234,20.0,1,1978-06-19
USGS-443231096504201,112N50W 4BBBC (3),44.5419104,-96.8453368,15.0,1,1978-06-19
USGS-443231097400401,112N57W 3BBAD,44.5419148,-97.6681378,2.0,1,1978-06-23
USGS-443245102344801,007N13E20CCCD,44.54582166,-102.580446,27.0,1,1979-06-14
USGS-443249102204201,007N15E19DC,44.54693285,-102.3454417,7.6,1,1979-06-12
USGS-443300103242501,007N06E20DAD,44.54998507,-103.4074094,4.9,1,1979-06-26
USGS-443314102324901,007N13E21ACDA,44.55387739,-102.5473898,6.9,1,1979-06-14
USGS-443318103121801,007N07E24ADAD,44.5549862,-103.2054592,20.0,1,1979-06-19
USGS-443318103532701,007N02E20ADD,44.55498407,-103.8913159,5.6,1,1979-09-21
USGS-443320104004501,007N01E20AAD,44.5577621,-104.012988,2.5,1,1980-08-05
USGS-443325103433301,007N03E23BBCC,44.55692848,-103.7263087,3.5,1,1979-07-03
USGS-443330101003401,007N26E20B (3),44.5583138,-101.0098697,0.13,1,1980-06-25
USGS-443336102400101,007N12E21ABAB,44.5599879,-102.6673921,11.0,1,1979-06-14
USGS-443339103575701,007N01E14CCD,44.56081748,-103.9663193,4.2,1,1979-09-22
USGS-443344096582301,113N51W29DCDC,44.5621884,-96.9733968,12.0,1,1978-06-21
USGS-443346102282201,007N14E18CD,44.56276648,-102.4732217,1.7,1,1979-06-12
USGS-443347103474701,007N03E18DBCD,44.56442849,-103.7988118,7.1,1,1979-09-14
USGS-443401098422602,113N66W25DADA2,44.5669254,-98.7075971,0.03,1,1979-07-27
USGS-443409096451601,113N49W30ACBD,44.5691322,-96.7547789,0.9,1,1978-06-19
USGS-443412098093401,113N61W27CBBB,44.56997887,-98.1598136,0.08,1,1979-07-27
USGS-443419096271001,113N47W22CDCD,44.5719079,-96.453104,5.8,1,1978-06-22
USGS-443424096530201,113N50W30BBBD,44.57329919,-96.8842275,5.3,1,1978-06-21
USGS-443426096370901,113N48W20CCCD,44.57385326,-96.6194976,7.7,1,1981-09-16
USGS-443430096500201,113N50W21CDAA,44.5749657,-96.834226,16.0,1,1978-06-16
USGS-443433096343601,113N48W22CCAD,44.5757973,-96.5769965,9.3,1,1978-06-22
USGS-443433102081301,007N16E11DA,44.57582118,-102.137382,50.0,1,1979-06-12
USGS-443437102233401,007N14E11CC,44.5769331,-102.3932204,5.4,1,1979-06-12
USGS-443440102032101,007N17E10CB,44.5777651,-102.0562691,11.0,1,1979-06-14
USGS-443440102170601,007N15E10DD,44.5777664,-102.2854408,4.3,1,1979-06-12
USGS-443445097002401,113N51W19CCAB,44.57913277,-97.0070092,1.7,1,1978-06-13
USGS-443445097164201,113N54W23DCAA,44.57913265,-97.2786845,24.0,1,1978-06-22
USGS-443449097063301,113N52W20CBDD,44.58024375,-97.1095126,11.0,1,1978-06-13
USGS-443451096382401,113N48W19BCBC,44.58079787,-96.6403316,11.0,1,1978-06-20
USGS-443451103403801,007N04E07CDCA,44.5763731,-103.6818629,1.4,1,1979-08-28
USGS-443457096303501,113N47W19ACBC,44.5824634,-96.5100504,14.0,1,1978-06-22
USGS-443507097241101,113N55W23BA,44.58524447,-97.40341,3.7,1,1978-06-23
USGS-443515097204201,113N54W20BADC,44.5874663,-97.345353,1.1,1,1978-06-22
USGS-443515103513901,007N02E10BADC(LA62A),44.5869722,-103.8620556,3.3,1,1994-04-12
USGS-443515103572501,007N01E11ACAC,44.58553978,-103.958819,10.0,1,1996-08-30
USGS-443520097084201,113N53W13CBCD,44.5888547,-97.1453473,21.0,1,1978-06-20
USGS-443527097572501,113N60W18DADD,44.5908083,-97.957311,0.3,1,1978-05-18
USGS-443531102272801,007N14E05CC,44.5919332,-102.4582215,6.5,1,1979-06-18
USGS-443537097444201,113N58W13DCCA,44.59358215,-97.7453625,1.7,1,1978-06-23
USGS-443542103305701,007N05E04DBCB,44.59498475,-103.5163018,35.0,1,1979-07-11
USGS-443556102170901,17N15E 3A,45.59887775,-102.2862728,4.3,1,1979-06-27
USGS-443557103360401,007N04E02BDAC,44.59942899,-103.6001935,0.07,1,1979-08-27
USGS-443603103494001,007N02E01BBC,44.6008175,-103.8282577,2.2,1,1979-09-15
USGS-443610103232701,007N06E04ABAA,44.60276325,-103.3912979,21.0,1,1979-06-26
USGS-443614102203801,008N15E31DB,44.60387779,-102.3443307,1.7,1,1979-06-18
USGS-443618103464401,008N03E32CDD,44.60498417,-103.7793666,7.8,1,1979-09-14
USGS-443621102091001,008N16E35CD,44.60582168,-102.1532161,10.0,1,1979-06-29
USGS-443621102332801,008N13E33CCAC,44.60582186,-102.5582231,21.0,1,1979-06-20
USGS-443632102051301,008N17E32CC,44.6088768,-102.0873815,9.9,1,1979-06-29
USGS-443636102251201,008N14E34CB,44.60998886,-102.420443,0.3,1,1979-06-21
USGS-443708097123201,113N53W 5DADD,44.61885438,-97.2092389,40.0,1,1978-06-21
USGS-443708102444901,008N11E26DCD,44.6188767,-102.7473926,0.7,1,1979-06-26
USGS-443708103192601,008N07E30CCC,44.61887486,-103.3243513,38.0,1,1979-06-26
USGS-443715096373001,113N48W 6DABC,44.62079766,-96.625332,23.0,1,1978-06-20
USGS-443715102383101,008N12E27DDAB,44.62082156,-102.642391,17.0,1,1979-06-21
USGS-443715102455001,008N11E27DDAB,44.62082116,-102.7643374,0.7,1,1979-06-12
USGS-443716103522501,008N02E28DDCB,44.6210954,-103.8740932,3.7,1,1980-10-22
USGS-443730097045501,113N52W 4BBDD,44.62496556,-97.0822902,2.1,1,1978-06-15
USGS-443739096332801,113N48W 2BCAB,44.6274638,-96.5581082,19.0,1,1978-06-21
USGS-443744096565601,113N51W 4AABB,44.6288544,-96.9492304,13.0,1,1978-06-19
USGS-443747096311302,113N47W 6BBBC2,44.62968575,-96.5206072,9.3,1,1978-06-21
USGS-443748097344401,114N56W32DCCD,44.62996809,-97.5792483,7.0,1,1978-06-22
USGS-443748097400401,114N57W34CCDD,44.6299694,-97.668139,1.0,1,1978-06-23
USGS-443748097464801,113N58W 3ABAB,44.62997118,-97.7803636,0.2,1,1978-06-23
USGS-443751097505201,114N58W31CDC,44.63080569,-97.8481427,0.3,1,1978-06-23
USGS-443751103264201,008N06E30BBBC,44.63081866,-103.4454664,33.0,1,1979-06-28
USGS-443753097084101,113N53W 1BACA,44.6313543,-97.1450703,5.6,1,1978-06-21
USGS-443756096473901,113N50W 2BAAA,44.6321875,-96.7945036,0.4,1,1978-06-19
USGS-443758096273901,113N47W33DADC,44.6327412,-96.461161,6.6,1,1978-06-21
USGS-443816097595201,114N60W35DAAA (2),44.6377526,-97.9981456,8.4,1,1978-06-20
USGS-443817096442901,114N49W32CABD,44.6380207,-96.7417244,0.4,1,1978-06-20
USGS-443820097211401,114N54W31DADA,44.6388548,-97.3542432,0.3,1,1978-06-22
USGS-443820097243601,114N55W34ADAD,44.63885516,-97.4103557,0.4,1,1978-06-22
USGS-443827097172001,114N54W35BCBB,44.6407988,-97.2892417,13.0,1,1978-06-22
USGS-443831103575701,008N01E23BCD,44.64192887,-103.9663197,0.5,1,1979-09-23
USGS-443834097424601,114N57W32BBBC,44.6427477,-97.7131402,1.5,1,1978-06-22
USGS-443834102394301,008N12E21ADAC,44.642766,-102.662391,18.0,1,1979-06-26
USGS-443835103492001,008N02E24BCAD,44.64303989,-103.822702,12.0,1,1981-07-22
USGS-443838102482101,008N11E20AACD,44.6438768,-102.8062824,0.4,1,1979-06-13
USGS-443839103514701,008N02E22BBDC,44.64470659,-103.8674263,9.6,1,1980-10-22
USGS-443842097013001,114N52W25CCCB,44.6449654,-97.0253442,15.0,1,1978-06-15
USGS-443842103463301,008N03E20ABB,44.6449843,-103.776311,0.3,1,1979-09-11
USGS-443849103423201,008N03E23AAAB,44.64692887,-103.709364,10.0,1,1979-07-09
USGS-443851097320601,114N56W35BBBC,44.64746728,-97.5353589,4.9,1,1978-06-22
USGS-443859103502801,008N02E14CDD,44.64970659,-103.8415918,0.38,1,1980-06-20
USGS-443900097292001,114N55W30CBBD,44.64996667,-97.4892468,4.1,1,1978-06-23
USGS-443900103533101,008N02E17DDB,44.6499844,-103.8924275,8.6,1,1979-09-23
USGS-443905103501201,008N02E14DC,44.65137326,-103.8371472,0.9,1,1979-07-16
USGS-443907102275001,008N14E18DA,44.65193335,-102.4643327,2.0,1,1979-06-18
USGS-443907102435801,008N11E13CACA,44.65193248,-102.7332252,36.0,1,1979-06-26
USGS-443910102134801,008N16E18CA,44.6527673,-102.2304403,6.8,1,1979-06-22
USGS-443925102213601,008N14E13AD,44.65693376,-102.3604423,0.4,1,1979-06-21
USGS-443932103390301,008N04E17AACC,44.65887355,-103.6513067,11.0,1,1979-07-09
USGS-443936102500901,008N11E18BABD,44.659988,-102.836283,27.0,1,1979-06-13
USGS-443939096340001,114N48W22DCDD,44.66079719,-96.566998,6.8,1,1978-06-21
USGS-443939102163001,008N15E11CD,44.660823,-102.275441,0.5,1,1979-06-21
USGS-443939102212101,008N15E18BA,44.66082269,-102.3562755,4.1,1,1979-06-21
USGS-443943096531301,114N51W24DACD,44.6619096,-96.8872847,3.6,1,1978-06-20
USGS-443943102320601,008N13E10CDCC,44.6619331,-102.5354448,2.5,1,1979-06-20
USGS-443950096282601,113N47W21CBAD,44.6638523,-96.4742176,10.0,1,1978-06-21
USGS-444004102232401,008N14E11DB,44.667767,-102.3904427,0.2,1,1979-06-21
USGS-444008097281201,114N55W20BBCD,44.66885529,-97.4703578,9.9,1,1978-06-23
USGS-444012096411301,114N49W22ABDD,44.66996465,-96.6872792,12.0,1,1978-06-20
USGS-444026096575401,114N51W17DDDD,44.673854,-96.9653428,51.0,1,1978-06-19
USGS-444030102062801,008N17E07AB,44.6749889,-102.1082164,4.9,1,1979-06-29
USGS-444033097314401,114N56W14CCBA,44.67580028,-97.5292482,1.4,1,1978-06-22
USGS-444033097473401,114N58W15CCBD,44.6758041,-97.7931421,2.0,1,1978-06-23
USGS-444039097091401,114N53W14DDDC,44.67746499,-97.1542381,4.9,1,1978-06-20
USGS-444040096301701,114N47W18DDBB,44.6777412,-96.5050523,0.2,1,1978-06-21
USGS-444040097155701,114N54W13CDCD,44.6777428,-97.2661863,8.6,1,1978-06-22
USGS-444040097445201,114N58W24BAAA,44.6777478,-97.7481413,2.4,1,1978-06-22
USGS-444059097381301,114N57W14DADD,44.68302396,-97.6373059,1.2,1,1978-06-22
USGS-444100097014801,114N52W13CBB,44.6832983,-97.030345,3.5,1,1978-06-15
USGS-444109102285801,008N13E01AA,44.6858222,-102.4832219,0.9,1,1979-07-02
USGS-444116097513001,114N59W13AAAB,44.6877494,-97.858699,3.5,1,1978-06-23
USGS-444116103510301,008N02E03AAC,44.68776228,-103.8513147,0.6,1,1979-09-08
USGS-444124103551901,008N02E06BAB,44.68998457,-103.922429,0.6,1,1979-09-08
USGS-444127097052401,114N52W 8DBDD,44.6907982,-97.0903472,6.3,1,1978-06-15
USGS-444129097200101,114N54W17AAAA,44.6913542,-97.333966,100.0,1,1978-06-21
USGS-444129103514801,009N02E34CDDC,44.6913734,-103.8638153,5.5,1,1994-08-17
USGS-444138102330701,009N13E32DADA,44.69387756,-102.5523893,0.4,1,1979-06-20
USGS-444138102412401,009N12E32CBDB,44.6938772,-102.6904462,0.3,1,1979-06-26
USGS-444141097113601,114N53W 9DDAA,44.694687,-97.1936843,27.0,1,1978-06-21
USGS-444152102475201,009N11E32ADCA,44.697766,-102.7982259,5.1,1,1979-06-13
USGS-444152103464001,009N03E32ACC (2),44.69776226,-103.7782558,12.0,1,1979-09-11
USGS-444156102113101,009N16E32AC,44.69887877,-102.1923846,7.7,1,1979-06-28
USGS-444203103275401,009N05E35AADD,44.7008189,-103.4654674,36.0,1,1979-06-27
USGS-444207103564201,009N01E36BAC,44.70192907,-103.9454857,0.4,1,1979-09-08
USGS-444210102193001,009N15E32BB,44.70276767,-102.3254419,8.8,1,1979-06-27
USGS-444210102390701,009N12E34BBBB,44.7027662,-102.6523902,1.4,1,1979-06-21
USGS-444216096362001,114N48W 5DDCC,44.7044085,-96.6058889,21.0,1,1978-06-21
USGS-444218097391801,114N57W 3DDAC,44.7049684,-97.6553621,5.8,1,1978-06-22
USGS-444221097330001,114N56W 3CCBB,44.7058003,-97.5503602,0.6,1,1978-06-22
USGS-444221102060701,009N17E30CC,44.7058226,-102.1023835,41.0,1,1979-06-28
USGS-444228097435101,114N57W 6CBDB,44.7077472,-97.7311969,4.9,1,1978-06-23
USGS-444229096312201,114N48W 1DADC,44.7080191,-96.523109,2.6,1,1978-06-21
USGS-444254102384201,009N12E27BADC,44.7149885,-102.6454456,0.5,1,1979-06-26
USGS-444301097051601,115N52W32DDDC,44.71690908,-97.0881254,18.0,1,1978-06-15
USGS-444304097594901,114N60W 2AAAA,44.717751,-97.997313,2.8,1,1978-06-20
USGS-444308102324901,009N13E21CCDD,44.7188776,-102.5473892,0.3,1,1979-06-20
USGS-444315096562501,115N51W34CDCC,44.720798,-96.9406206,0.6,1,1978-06-19
USGS-444325097015002,115N52W35DABB2,44.7235757,-97.0309012,6.0,1,1978-06-15
USGS-444330103502701,009N02E23CAA,44.7249846,-103.8413144,0.6,1,1979-09-08
USGS-444337096273601,115N47W33ADAA,44.72690789,-96.4603295,2.1,1,1978-06-21
USGS-444337103363001,009N04E22DAAA,44.72692957,-103.6088056,1.5,1,1982-01-25
USGS-444341096541901,115N51W36BCCC,44.7280202,-96.9056197,1.0,1,1978-06-19
USGS-444344102350201,009N13E19BADC,44.7288775,-102.5843338,0.6,1,1979-06-26
USGS-444351097475601,115N58W33ABAA,44.73080346,-97.799254,2.5,1,1978-06-23
USGS-444402102022001,009N17E15CA,44.73387806,-102.0393278,20.0,1,1979-08-11
USGS-444405097172701,115N54W35BBBA,44.7346869,-97.2911882,25.0,1,1978-06-21
USGS-444406097265601,115N55W28CBCC,44.7349657,-97.4492475,13.0,1,1978-06-26
USGS-444409097122101,115N53W28CBCA,44.73579775,-97.2061856,56.0,1,1978-06-21
USGS-444413097512501,115N59W25DADB,44.7369153,-97.8573106,14.0,1,1978-06-23
USGS-444416102413101,009N12E17CBCA,44.73776627,-102.69239,0.8,1,1979-06-26
USGS-444417096382901,115N48W30CBDB,44.73801975,-96.6417238,23.0,1,1978-06-20
USGS-444427102285801,009N13E13BD,44.74082229,-102.4832219,10.0,1,1979-07-02
USGS-444445102474501,009N11E17AAAD,44.7458218,-102.7962807,12.0,1,1979-06-13
USGS-444452102133701,009N15E12DD,44.74776859,-102.2273854,15.0,1,1979-07-28
USGS-444458097564301,115N59W29ABDB,44.74941637,-97.9456457,0.5,1,1978-06-20
USGS-444500102093901,009N16E10CD,44.7499903,-102.1612737,9.8,1,1979-08-04
USGS-444500102174901,009N15E09DC,44.7499906,-102.2973862,3.4,1,1979-07-28
USGS-444505097353001,115N56W20CCDD,44.75135598,-97.5920284,1.3,1,1978-06-22
USGS-444507102220801,009N14E12CB,44.75193438,-102.3693315,0.5,1,1979-06-27
USGS-444516100533701,009N26E12ADD,44.75442726,-100.8940374,0.06,1,1980-06-30
USGS-444528102074001,009N16E11AD,44.75776766,-102.1282178,0.4,1,1979-08-04
USGS-444536097210501,115N54W20BCBA,44.75996487,-97.3517455,60.0,1,1978-06-15
USGS-444547096452001,115N49W18DCCC,44.7630203,-96.7558939,0.3,1,1978-06-26
USGS-444554097524302,115N59W23AAAA2,44.7649705,-97.8789777,93.0,1,1978-06-22
USGS-444554102500201,009N11E06CCBA,44.7649886,-102.8343372,6.8,1,1979-06-26
USGS-444559097450501,115N58W13CDCC,44.76635759,-97.7517532,22.0,1,1978-06-22
USGS-444600097584102,115N59W18CCCC2,44.76136085,-97.9756461,0.4,1,1978-06-20
USGS-444606097494201,115N58W17CDAA,44.768303,-97.828699,7.1,1,1978-06-22
USGS-444630097270301,115N55W 8DDDA,44.7749653,-97.4511923,0.2,1,1978-06-15
USGS-444633096542101,115N51W11DDDB,44.77579789,-96.906176,9.0,1,1978-06-19
USGS-444633097553301,115N59W 9CDDD,44.77580415,-97.9262007,12.0,1,1978-06-20
USGS-444637097140801,115N53W18AAAC,44.77690868,-97.2359093,18.0,1,1978-06-20
USGS-444639097003501,115N51W18BBBB,44.7774644,-97.010068,21.0,1,1978-06-19
USGS-444640097052801,115N52W16BBBA,44.7777421,-97.0914598,0.3,1,1978-06-19
USGS-444640097411401,115N57W16BAAD,44.7777454,-97.6875854,0.5,1,1978-06-20
USGS-444642096391201,115N49W12DCCA,44.77829765,-96.653669,11.0,1,1978-06-23
USGS-444651102252601,10N14E33C,44.7808224,-102.4243318,35.0,1,1979-07-11
USGS-444702097365601,115N56W 7CBCC,44.78385559,-97.6159175,0.9,1,1978-06-21
USGS-444706103581501,10N 1E35BCCD,44.78498525,-103.9713208,0.5,1,1979-09-28
USGS-444713102292701,10N13E35AA,44.78693309,-102.491277,24.0,1,1979-07-02
USGS-444713102463301,10N11E33ADAB,44.786933,-102.7762796,3.9,1,1979-06-26
USGS-444716096312201,115N48W12AADC,44.78774149,-96.52311,3.0,1,1978-06-22
USGS-444716097311501,115N56W11BAAA,44.78774339,-97.5211938,30.0,1,1978-06-21
USGS-444724097011201,115N52W 1CCDA,44.7899644,-97.0203464,0.4,1,1978-06-16
USGS-444738102130101,10N16E30DC,44.7938785,-102.2173847,0.4,1,1979-08-04
USGS-444749097451001,115N58W 1BCCC,44.7969122,-97.7531419,0.3,1,1978-06-20
USGS-444752102323401,10N13E28CA,44.7977663,-102.5432218,17.0,1,1979-07-02
USGS-444752102354501,10N12E30DB,44.7977663,-102.5962777,45.0,1,1979-07-06
USGS-444803102383801,10N12E25BD,44.80082189,-102.6443335,34.0,1,1979-07-06
USGS-444818102101201,10N16E28AA,44.804989,-102.1704397,0.7,1,1979-08-11
USGS-444828103503801,10N 2E23CDBD,44.80776338,-103.8443709,0.2,1,1979-09-28
USGS-444836096563801,116N51W33DAAA,44.8099646,-96.9442333,15.0,1,1978-06-16
USGS-444843096322301,116N48W36CBB,44.8119083,-96.5400549,4.0,1,1978-06-22
USGS-444843102204501,10N15E19CB,44.8119334,-102.3462748,0.3,1,1979-07-21
USGS-444850097134001,116N53W31ADAA,44.81385308,-97.2281315,18.0,1,1978-06-20
USGS-444857102013701,10N17E22AD,44.81582125,-102.0273831,0.6,1,1979-08-11
USGS-444859096450001,116N49W31ADAB,44.81635376,-96.7503387,10.0,1,1978-06-23
USGS-444907097400202,116N57W34BDAA2,44.8185775,-97.6675849,0.3,1,1978-06-21
USGS-444918097480201,116N58W33AABD,44.82163435,-97.8009204,2.0,1,1978-06-22
USGS-444919102261601,10N14E17DC,44.82193299,-102.4382203,4.4,1,1979-07-12
USGS-444926102212501,10N14E13DB,44.8238776,-102.3573859,8.1,1,1979-07-21
USGS-444933097083801,116N53W25BCBD (2),44.82579766,-97.1442399,10.0,1,1978-06-20
USGS-444944096411801,116N49W27ADDB,44.8288535,-96.6886704,4.0,1,1978-06-23
USGS-444954096334401,116N48W27AAD,44.8316307,-96.5625557,0.6,1,1978-06-22
USGS-444955102372201,10N12E14AB,44.8319329,-102.6232219,0.7,1,1979-07-06
USGS-445008096503701,116N50W21CCCC,44.83552036,-96.8439529,10.0,1,1978-06-26
USGS-445020096385401,116N49W24DACD,44.83885336,-96.6486693,1.1,1,1978-06-22
USGS-445031102292001,10N13E12BC,44.8419327,-102.4893319,2.3,1,1979-07-09
USGS-445042097440601,116N58W24AADA,44.8449662,-97.7353636,0.4,1,1978-06-20
USGS-445045096585101,116N51W20BBA,44.845798,-96.9811795,35.0,1,1978-06-16
USGS-445045102390301,10N12E10BB,44.84582186,-102.6512775,14.0,1,1979-07-06
USGS-445052096452101,116N49W18CDCB,44.8477427,-96.7561725,19.0,1,1978-06-26
USGS-445056102040801,10N17E 8AB,44.8488763,-102.0693275,1.0,1,1979-08-18
USGS-445107097013301,116N52W14DADA,44.85190905,-97.026181,15.0,1,1978-06-16
USGS-445110097134401,116N53W18DAAC (2),44.8527419,-97.2292428,7.4,1,1978-06-20
USGS-445110102091801,10N16E 3DB,44.8527655,-102.155439,17.0,1,1979-08-18
USGS-445125097510301,116N58W18BCAC,44.8569117,-97.8511989,2.1,1,1978-06-22
USGS-445128097342201,116N56W17ADAA,44.8577426,-97.5731388,0.3,1,1978-06-20
USGS-445130096284801,116N47W17ADAD,44.85829719,-96.4803309,18.0,1,1978-06-21
USGS-445136097380901,116N57W14AAB,44.85996517,-97.6361953,10.0,1,1978-06-21
USGS-445139097085201,116N53W11DDDC,44.86079766,-97.1481293,10.0,1,1978-06-20
USGS-445139102501301,10N10E 1AADB,44.8608222,-102.8373918,32.0,1,1979-06-13
USGS-445143097245401,116N55W10DCDA,44.8619087,-97.4153582,6.4,1,1978-06-15
USGS-445154102280401,11N14E31CC,44.86498808,-102.4682202,0.6,1,1979-07-11
USGS-445156097392501,116N57W15AAAA,44.8655207,-97.6573067,0.5,1,1978-06-20
USGS-445157102490801,11N11E31DDBB,44.8658222,-102.8193357,71.0,1,1979-06-13
USGS-445201103534201,11N 2E32DDBA,44.86693085,-103.895485,0.2,1,1979-09-29
USGS-445204102183901,11N15E32DA,44.86776565,-102.3112735,19.0,1,1979-07-21
USGS-445219096352401,116N48W 9ABCB,44.87190878,-96.5903344,5.6,1,1978-06-22
USGS-445219102541001,11N11E33ACDB,44.8719334,-102.903227,43.0,1,1979-06-12
USGS-445220097490501,116N58W 8DAAD,44.87218858,-97.8184204,4.5,1,1978-06-22
USGS-445224096394502,116N49W12BCAC2,44.87329797,-96.6628366,1.1,1,1978-06-22
USGS-445230097160401,116N54W11AAAD,44.87496406,-97.2681328,1.6,1,1978-06-15
USGS-445230102041501,11N17E32AB,44.87498687,-102.0712717,14.0,1,1979-08-18
USGS-445233102570701,11N10E31BBAD,44.87582238,-102.9523951,0.4,1,1979-06-12
USGS-445236099173801,116N70W 7ADA,44.87664485,-99.2942776,0.03,1,1979-07-28
USGS-445244103431901,11N 3E26CDCD,44.87887597,-103.722422,28.0,1,1979-08-07
USGS-445251102220801,11N14E26DA,44.88082105,-102.3693297,0.4,1,1979-09-03
USGS-445313102504501,11N10E25BDAD,44.8869334,-102.8462807,47.0,1,1979-06-13
USGS-445320102363201,11N12E25BB,44.8888772,-102.6093323,0.9,1,1979-07-09
USGS-445324096275001,117N47W33DCCC2,44.8899639,-96.4642193,0.6,1,1978-06-21
USGS-445324096413401,117N49W34CDCC,44.8899648,-96.6931155,2.8,1,1978-06-19
USGS-445327102385601,11N12E27BB,44.8908218,-102.6493326,0.3,1,1979-07-07
USGS-445331097253301,117N55W34CCAD,44.8919084,-97.4261917,7.6,1,1978-06-16
USGS-445338102015101,11N17E22DC,44.8938752,-102.0312714,0.9,1,1979-08-18
USGS-445338102454601,11N11E22DCBD,44.89387776,-102.7632226,26.0,1,1979-06-13
USGS-445345097122801,117N53W32DAAA,44.89579748,-97.2081314,3.3,1,1978-06-16
USGS-445345102143401,11N15E24C,44.89582035,-102.2432166,0.6,1,1979-07-28
USGS-445345102322001,11N13E21DC,44.8958214,-102.5393317,41.0,1,1979-07-09
USGS-445356103480001,11N 3E19DBB,44.898876,-103.8004812,48.0,1,1979-10-05
USGS-445358096373701,117N48W31ACC,44.899409,-96.6272802,2.0,1,1978-06-20
USGS-445403099051902,117N69W36DCAA,44.90080926,-99.088996,1.1,1,1980-04-02
USGS-445405096491401,117N50W34BCBC,44.90135389,-96.8208974,1.1,1,1978-06-19
USGS-445407097430301,117N57W32BCBB,44.9019089,-97.717863,0.3,1,1978-06-19
USGS-445410103003901,11N 9E22BDBD,44.9027669,-103.0112854,62.0,1,1979-06-28
USGS-445418097092801,117N53W26BADC,44.9049643,-97.15813,16.0,1,1978-06-16
USGS-445421097461201,117N58W26CDDB,44.905798,-97.7703638,15.0,1,1978-06-21
USGS-445421102131901,11N16E19BB,44.90582,-102.222383,0.2,1,1979-07-28
USGS-445425096585501,117N51W29CBCC,44.9069093,-96.9822917,1.1,1,1978-06-15
USGS-445425097591301,117N60W25DCDA,44.90691186,-97.9873122,11.0,1,1978-06-19
USGS-445430097373201,117N57W25DCCA,44.90829737,-97.6259172,0.2,1,1978-06-16
USGS-445432096292401,117N47W29CDCB,44.90885297,-96.4903314,0.3,1,1978-06-21
USGS-445436097221501,117N55W25DAAD,44.9099638,-97.3711906,19.0,1,1978-06-16
USGS-445439097050601,117N52W28CBBB,44.91079789,-97.0853503,5.9,1,1978-06-15
USGS-445443102193301,11N15E17CB,44.9119314,-102.326273,2.3,1,1979-09-03
USGS-445443102592001,11N 9E14CAD,44.9119336,-102.9893402,26.0,1,1979-06-12
USGS-445455097332301,117N56W28ADDA,44.9152415,-97.5567495,0.3,1,1978-06-16
USGS-445457103512501,11N 2E15ACDA,44.91582055,-103.8574284,0.5,1,1979-10-12
USGS-445509096453601,117N49W30BBBC,44.91913177,-96.76034,7.3,1,1978-06-19
USGS-445533102460101,11N11E10CADB,44.9258223,-102.7673891,16.0,1,1979-06-13
USGS-445542096333801,117N48W22ADC,44.92829775,-96.5608893,0.4,1,1978-06-20
USGS-445544102313301,11N13E10BC,44.9288767,-102.5262757,0.4,1,1979-07-11
USGS-445551102240701,11N14E10BD,44.9308204,-102.402385,0.5,1,1979-07-11
USGS-445558102345101,11N13E 7AB,44.93276588,-102.581276,2.2,1,1979-07-10
USGS-445558102403701,11N12E 8AA,44.93276637,-102.677388,33.0,1,1979-07-07
USGS-445602097205201,117N54W17CCCB,44.9338526,-97.3481346,0.2,1,1978-06-16
USGS-445620097061401,117N52W17CBBC,44.9388534,-97.10424,3.6,1,1978-06-15
USGS-445635097160601,117N54W14ADDD,44.9430194,-97.2686887,12.0,1,1978-06-23
USGS-445649102014001,11N17E 3AA,44.9469296,-102.0282155,0.6,1,1979-08-18
USGS-445652097083401,117N53W12CCCC,44.94774215,-97.14313,1.7,1,1978-06-16
USGS-445656097331801,117N56W15BBBB,44.948852,-97.5553605,0.3,1,1978-06-19
USGS-445700102501601,11N10E 1AABA,44.9499891,-102.8382243,4.7,1,1979-06-12
USGS-445703097364601,117N56W 7CCDD,44.9507964,-97.613139,0.4,1,1978-06-19
USGS-445707097281501,117N55W 8CBC,44.9519076,-97.4711926,0.8,1,1978-06-15
USGS-445710096420501,117N49W 9DDAB,44.95274279,-96.7017274,2.9,1,1978-06-19
USGS-445728096365901,117N48W 8BCDB,44.9577425,-96.6167246,7.7,1,1978-06-20
USGS-445728102410601,12N12E32BD,44.9577664,-102.6854433,12.0,1,1979-07-07
USGS-445733097415501,117N57W 8ADDA,44.9591295,-97.6989735,0.3,1,1978-06-20
USGS-445743097122501,117N53W 9BBBB,44.9619085,-97.2072984,4.5,1,1978-06-16
USGS-445743097443401,117N58W12ABAD,44.9619072,-97.7431407,0.5,1,1978-06-19
USGS-445750097254801,117N55W 3CCCA,44.96385207,-97.4303585,15.0,1,1978-06-16
USGS-445750102350201,12N13E31CA,44.9638769,-102.5843313,1.2,1,1979-07-10
USGS-445754097012601,117N52W 2DDAA,44.9649649,-97.0242385,15.0,1,1978-06-15
USGS-445754103063201,12N 8E35BA,44.9649892,-103.1093429,11.0,1,1979-06-28
USGS-445801103084501,12N 8E28DCCB,44.9669336,-103.1462883,9.6,1,1979-06-27
USGS-445808102284801,12N13E25CA,44.96887616,-102.4804413,0.5,1,1979-07-11
USGS-445812096323801,117N48W 2ACCA,44.9699645,-96.5442223,0.3,1,1978-06-20
USGS-445819102053801,12N17E30AC,44.9719292,-102.0943264,6.8,1,1979-09-02
USGS-445830102023101,12N17E27BC,44.9749846,-102.0423819,0.6,1,1979-08-18
USGS-445837102572801,12N 9E25AADA,44.9783226,-102.9593385,0.4,1,1979-06-12
USGS-445843097514501,117N59W 1AAAD,44.9785747,-97.862865,0.5,1,1978-06-21
USGS-445848097173101,118N54W34DDBA,44.97996367,-97.2923003,1.4,1,1978-06-16
USGS-445851103074401,12N 8E27BAAB,44.9808226,-103.1293433,9.7,1,1979-06-27
USGS-445902102100101,12N16E21DA,44.98387345,-102.1673818,0.5,1,1979-09-02
USGS-445913102195101,12N15E19AD,44.9869299,-102.331272,2.5,1,1979-09-03
USGS-445920096375501,118N48W31BABC,44.98885377,-96.6322809,2.5,1,1978-06-20
USGS-445920096414201,118N49W34BBAC,44.98885398,-96.6953386,20.0,1,1978-06-19
USGS-445924097203101,118N54W32BAAC,44.98996337,-97.3423013,14.0,1,1978-06-23
USGS-445927097425401,118N57W32BBBC,44.9907953,-97.7153624,38.0,1,1978-06-19
USGS-445931097122501,118N53W28CCCC,44.9919085,-97.2072986,13.0,1,1978-06-16
USGS-445932096573701,118N51W28CCDC,44.99218737,-96.9606258,0.4,1,1978-06-15
USGS-445934096442701,118N49W30DDAB,44.992743,-96.7411735,1.3,1,1978-06-19
USGS-445938096302501,118N47W30CDAA,44.99385338,-96.5072766,1.6,1,1978-06-21
USGS-445938097391201,118N57W35BBAA,44.99385095,-97.653695,0.6,1,1978-06-19
USGS-445939097354301,118N56W29CCCD,44.99412888,-97.5956387,0.4,1,1978-06-19
USGS-445942096342601,118N48W27CBDB,44.9949647,-96.5742234,40.0,1,1978-06-21
USGS-445942097035401,118N52W28DADD,44.99496479,-97.065351,2.8,1,1978-06-16
USGS-445942097315801,118N56W27DDAD,44.99496237,-97.5331379,0.3,1,1978-06-19
USGS-445942097563101,118N59W29DDAD,44.994964,-97.9423109,14.0,1,1978-06-19
USGS-445949097232001,118N55W25CBBC,44.9969075,-97.3892466,19.0,1,1978-06-16
USGS-445952096525801,118N51W25DAAB,44.99774299,-96.8831231,7.3,1,1978-06-15
USGS-445956096493701,118N50W28ACDD,44.9988541,-96.8272878,15.0,1,1978-06-20
USGS-450014103041201,12N 9E18BDCB,45.00387827,-103.0704525,7.1,1,1978-10-19
USGS-450018097161201,118N54W26AAAB,45.00496366,-97.2703557,45.0,1,1978-06-29
USGS-450021097191201,118N54W21CDDD,45.00579669,-97.3203566,17.0,1,1978-06-29
USGS-450021103575701,12N 1E14BDAB,45.00582128,-103.9663228,2.5,1,1978-10-13
USGS-450025102140201,12N15E13AB,45.0069285,-102.234326,4.0,1,1978-08-29
USGS-450025103281901,12N 5E14ABCD,45.00693519,-103.472411,11.0,1,1978-10-17
USGS-450032102103701,12N16E 9DC,45.0088729,-102.1773816,0.3,1,1978-08-30
USGS-450046097392901,118N57W22DADD,45.0127394,-97.6584175,0.3,1,1978-06-28
USGS-450054097563101,118N59W20ADDD,45.0149634,-97.9423112,32.0,1,1978-06-30
USGS-450101102310101,12N13E10ACDA,45.0169316,-102.5173855,0.5,1,1978-08-29
USGS-450104102453901,12N11E10AC,45.0177668,-102.7612769,4.5,1,1978-08-29
USGS-450108102564201,12N10E 7AC,45.01887817,-102.9454488,0.3,1,1978-08-29
USGS-450115102060301,12N17E 7BBA,45.020817,-102.1012703,15.0,1,1978-08-29
USGS-450122102350201,12N13E 6CDDB,45.0227654,-102.5843304,0.2,1,1978-08-23
USGS-450122102380901,12N12E 3DDCA,45.0227658,-102.6362754,10.0,1,1978-08-22
USGS-450124097023701,118N52W14CCCC,45.023298,-97.0439621,5.3,1,1978-06-28
USGS-450126103002101,12N 9E 3DCCD,45.02387825,-103.0062838,8.0,1,1978-10-18
USGS-450126103590901,12N 1E 3CDDC,45.0238768,-103.9863237,2.0,1,1978-10-13
USGS-450137096540701,118N51W14DAAA,45.0269094,-96.9022909,32.0,1,1978-06-30
USGS-450144102204901,12N15E 6CBBD,45.0288739,-102.347383,0.2,1,1978-09-09
USGS-450151102164401,12N15E 3BDDB,45.0308175,-102.2793266,1.0,1,1978-08-23
USGS-450158102523001,12N10E 2BC,45.0327669,-102.8754466,11.0,1,1978-08-29
USGS-450202097250401,118N55W15ABAC,45.03385129,-97.4181367,69.0,1,1978-06-30
USGS-450206097001401,118N52W12DDDD,45.03496476,-97.0042392,5.3,1,1978-06-28
USGS-450216097284401,118N55W 7DCA,45.0377397,-97.479249,2.9,1,1978-06-30
USGS-450231097082401,119N52W35BCCD R,45.0419084,-97.1403535,40.0,1,1978-07-05
USGS-450234097214601,118N54W 7BDCD,45.0427404,-97.3631359,10.0,1,1978-06-29
USGS-450235096453901,118N50W12ADDA,45.0430206,-96.7611748,4.5,1,1978-06-29
USGS-450237096454003,118N50W12ADDA3 (8),45.04357616,-96.7614526,4.1,1,1981-08-26
USGS-450241097145301,118N53W 7BCCB,45.04468556,-97.2484116,20.0,1,1978-07-06
USGS-450242102234501,13N14E34CAAA,45.0449854,-102.3962723,0.2,1,1978-08-23
USGS-450245102452801,13N11E34AC,45.0458221,-102.7582209,0.2,1,1978-08-29
USGS-450249096410201,118N49W10ABAD,45.04690938,-96.6842277,10.0,1,1978-07-06
USGS-450251101355701,13N21E31ACCD,45.0463704,-101.5993229,11.5,1,1980-06-30
USGS-450252096332101,118N48W11BBBC,45.0477425,-96.5561677,3.0,1,1978-07-06
USGS-450252096493701,118N50W 9ABAA,45.0477427,-96.8272884,6.8,1,1978-06-29
USGS-450252096590601,118N51W 7AAAA,45.04774245,-96.9853498,0.3,1,1978-06-29
USGS-450256097512801,118N58W 7BBBD,45.0488504,-97.8581437,38.0,1,1978-06-29
USGS-450259097045901,118N52W 9BBCA,45.0496864,-97.0834079,0.3,1,1978-06-29
USGS-450300102020201,13N17E34BB,45.0499827,-102.0343251,0.3,1,1978-08-24
USGS-450303102365701,13N12E35ABAD,45.0508209,-102.6162747,13.0,1,1978-08-22
USGS-450311097322301,118N56W 3DDCB,45.05301695,-97.5400835,4.7,1,1978-06-30
USGS-450314097432201,118N57W 6DBDD,45.0538493,-97.7231416,6.4,1,1978-06-28
USGS-450319101354401,13N21E30DCBC,45.0552591,-101.5959894,0.3,1,1959-01-23
USGS-450343096540701,118N51W 2AAAA,45.0619091,-96.9022914,1.0,1,1978-06-30
USGS-450346102301001,13N13E26BCAA,45.0627642,-102.5032176,1.0,1,1978-08-29
USGS-450408102061801,13N16E24DC,45.06887149,-102.1054364,0.7,1,1978-08-24
USGS-450408103051601,13N 8E24DCBC,45.06887827,-103.0882304,70.0,1,1978-10-18
USGS-450412102242101,13N14E21DDAA,45.06998519,-102.4062721,0.4,1,1978-08-23
USGS-450422102194001,13N15E19DABB,45.072762,-102.3282159,11.0,1,1978-08-23
USGS-450426097510001,119N58W31ACBD,45.07384966,-97.8503664,4.5,1,1978-06-29
USGS-450430102401201,13N12E21BCCC,45.0749878,-102.6704416,1.9,1,1978-08-23
USGS-450444097060301,119N52W29CCDD,45.07885265,-97.1011865,9.9,1,1978-06-29
USGS-450449097104901,119N52W16CCDA R,45.08024109,-97.1806329,1.0,1,1978-06-30
USGS-450502096450301,119N49W30CAAA,45.0838537,-96.7511749,2.0,1,1978-06-29
USGS-450506097164401,119N54W26CCCA,45.08496266,-97.2792463,56.0,1,1978-06-29
USGS-450509096384201,119N49W25ACAC,45.0857981,-96.6453379,0.5,1,1978-07-06
USGS-450509097285801,119N55W30BDDD,45.08579456,-97.4831389,24.0,1,1978-06-30
USGS-450513097392101,119N57W27ADDA,45.0869045,-97.656197,47.0,1,1978-06-28
USGS-450513102082401,13N16E15DA,45.08692688,-102.1404365,1.1,1,1978-08-30
USGS-450516097255501,119N55W28ADAC,45.0877393,-97.4323046,7.3,1,1978-06-30
USGS-450516102434401,13N11E13CB,45.087766,-102.729331,0.3,1,1978-08-29
USGS-450520096423601,119N49W28BAAD (2),45.0888537,-96.7103402,0.2,1,1978-07-06
USGS-450524102360001,13N12E13BDDB,45.08998699,-102.6004404,0.5,1,1978-08-22
USGS-450527096571701,119N51W28BAAD,45.09079765,-96.9550715,2.5,1,1978-06-29
USGS-450527097145201,119N54W25AAAD,45.0907961,-97.2481347,0.4,1,1978-06-30
USGS-450534097210301,119N54W19DDDC,45.0927398,-97.3511922,10.0,1,1978-06-29
USGS-450539097435301,119N57W30BABA (3),45.09412608,-97.7317539,44.0,1,1978-06-28
USGS-450545097100001,119N52W24CDCD,45.0957965,-97.1670217,32.0,1,1978-06-28
USGS-450549102523001,13N10E11CC,45.09693326,-102.8754459,0.5,1,1978-08-22
USGS-450552102120301,13N16E 7DD,45.09776045,-102.2012705,0.3,1,1978-08-24
USGS-450556102330001,13N13E 8DDAB,45.09887528,-102.5504396,0.5,1,1978-08-22
USGS-450600102062501,13N16E12DB,45.0999819,-102.1073805,0.5,1,1978-08-29
USGS-450618096490401,119N50W22BBA,45.10496456,-96.8181221,1.4,1,1978-06-29
USGS-450618102561301,13N10E 7AD,45.104989,-102.9373921,0.2,1,1978-08-22
USGS-450639102223701,13N14E 2CDCD,45.11081766,-102.3773826,11.0,1,1978-08-23
USGS-450643102021301,13N17E 4DD,45.1119255,-102.0373795,0.4,1,1978-08-23
USGS-450643103160101,13N 7E 4DCDA,45.1119342,-103.2674026,48.0,1,1978-10-17
USGS-450643103251901,13N 6E 5CCDC,45.1119351,-103.4224084,75.0,1,1978-10-16
USGS-450650103235201,13N 6E 4CDBA,45.1138794,-103.3982409,17.0,1,1978-10-16
USGS-450654097320601,119N56W15ADDC,45.1149604,-97.5353625,10.0,1,1978-06-28
USGS-450701102091001,13N16E 3CA,45.1169264,-102.1532143,1.1,1,1978-08-29
USGS-450701103294901,13N 5E 3CAAD,45.1169355,-103.4974112,97.0,1,1978-10-16
USGS-450706097470001,119N58W15ADCC,45.1182923,-97.7836997,0.3,1,1978-06-29
USGS-450715102481401,13N11E 5BA,45.12082176,-102.8043325,0.4,1,1978-08-21
USGS-450722102183901,13N15E 5ABCA,45.1227612,-102.3112713,0.3,1,1978-08-23
USGS-450737103182101,14N 7E31DDCA,45.12693448,-103.3062929,36.0,1,1978-10-17
USGS-450802097172401,119N54W10AADA,45.13385089,-97.2903585,46.0,1,1978-06-29
USGS-450803097381201,119N57W12BCBB,45.1341259,-97.6370312,18.0,1,1978-06-29
USGS-450806102020201,14N17E34BCBA,45.1349804,-102.0343234,0.8,1,1978-08-24
USGS-450809096345501,119N48W 4DDC,45.1357981,-96.5822806,0.7,1,1978-06-29
USGS-450809096523001,119N50W 6CDDB,45.13579749,-96.8753469,0.8,1,1978-06-30
USGS-450809097014401,119N52W 2DDCB,45.1357969,-97.0292413,11.0,1,1978-06-28
USGS-450813102564201,13N10E31AB,45.13693337,-102.9454476,16.0,1,1978-08-23
USGS-450824103080901,14N 8E27CCDC,45.13998949,-103.136287,0.2,1,1978-10-18
USGS-450827097281501,119N55W 5CBCC,45.1407938,-97.4711953,4.8,1,1978-07-06
USGS-450834097435501,119N57W 6CABB,45.142736,-97.7323107,6.8,1,1978-06-29
USGS-450838103170601,14N 7E29DADB,45.14387886,-103.2854588,0.5,1,1978-10-17
USGS-450842096500201,119N50W 4BDBA,45.1449642,-96.8342344,1.0,1,1978-07-07
USGS-450849102481001,14N11E29BD,45.14693269,-102.803221,0.3,1,1978-08-23
USGS-450852102442701,14N11E26BD,45.14776568,-102.7412748,0.3,1,1978-08-23
USGS-450856096573201,119N51W 4BABB,45.1488526,-96.9592392,3.3,1,1978-06-30
USGS-450856097254001,119N55W 3BBDB,45.1488496,-97.428139,0.6,1,1978-07-06
USGS-450856097323801,119N56W 3BAAD,45.14884866,-97.5442522,1.0,1,1978-07-07
USGS-450900096412701,120N49W34CDDA,45.1499646,-96.6911735,0.4,1,1978-06-30
USGS-450907097211401,119N54W31DDC,45.1519057,-97.3542489,15.0,1,1978-06-29
USGS-450914097353401,120N56W32CCBA,45.1538481,-97.593142,2.4,1,1978-07-11
USGS-450914103050901,14N 8E25ABAB,45.15387825,-103.0862853,0.4,1,1978-10-18
USGS-450918103003901,14N 9E22CDCA,45.15498916,-103.0112827,1.5,1,1978-10-18
USGS-450921103113801,14N 8E19CDCA,45.15582299,-103.1943445,0.9,1,1978-10-18
USGS-450925097132601,120N52W19CBBC R,45.1569066,-97.2242465,2.3,1,1978-06-30
USGS-450928102143801,14N15E23DACD,45.15776,-102.2443268,0.4,1,1978-08-22
USGS-450928102261601,14N14E20CADC,45.15776216,-102.4382154,0.5,1,1978-08-23
USGS-450947097094401,120N52W22BBCD R,45.16301805,-97.1625784,8.3,1,1978-06-30
USGS-451001102044001,14N17E19AAAD,45.1669245,-102.0782125,0.4,1,1978-08-22
USGS-451012102385201,14N12E15CCCA,45.1699866,-102.6482174,5.5,1,1978-08-21
USGS-451037096490801,120N50W27BBBA,45.1769085,-96.8192342,5.7,1,1978-07-06
USGS-451037103010401,14N 9E15BCCB,45.1769336,-103.0182272,14.0,1,1978-10-19
USGS-451044096564501,120N51W21DDCD,45.1788524,-96.9461836,1.6,1,1978-06-30
USGS-451044102345501,14N13E18BDBA,45.1788746,-102.5823828,3.8,1,1978-08-22
USGS-451048097405101,120N57W21DDCD,45.17995788,-97.6811997,7.7,1,1978-06-29
USGS-451048097535601,120N59W26BBBA,45.1799582,-97.8992583,7.3,1,1978-07-07
USGS-451055097254401,120N55W22CCAC,45.1819047,-97.4292509,0.5,1,1978-07-06
USGS-451102096300001,120N47W19DACA,45.1838539,-96.5003336,0.6,1,1978-06-29
USGS-451106103242501,14N 6E 8DDCA,45.1849907,-103.4074075,14.0,1,1978-10-18
USGS-451109097320601,120N56W22DAAB,45.18579258,-97.5353639,1.0,1,1978-07-07
USGS-451113097125401,120N52W 7CAAA R,45.18690636,-97.215358,3.5,1,1978-06-29
USGS-451113097361401,120N56W 1ACCC,45.18690296,-97.604254,5.6,1,1978-07-07
USGS-451116096342601,120N48W22BCDB,45.18774259,-96.5742252,1.1,1,1978-06-29
USGS-451116097292701,120N55W 9BCCA,45.1877374,-97.4911965,15.0,1,1978-07-06
USGS-451116103150001,14N 7E10DBCB,45.18776768,-103.2504574,0.2,1,1978-10-17
USGS-451120097160801,120N54W23ADAA,45.1888504,-97.2692481,17.0,1,1978-06-29
USGS-451124096420001,120N49W22BBCB,45.1899644,-96.700341,0.5,1,1978-06-30
USGS-451124103290901,14N 5E10DAAA,45.18999115,-103.4862992,5.7,1,1978-10-15
USGS-451131102132601,14N15E12ADBD,45.19192599,-102.2243265,18.0,1,1978-03-23
USGS-451134097060601,120N51W 7BBCB R,45.1927403,-97.1020218,4.7,1,1978-06-28
USGS-451134097210301,120N54W19AAAC,45.19273855,-97.3511941,46.0,1,1978-06-29
USGS-451138096531301,120N51W13DDCC,45.1938525,-96.8872926,1.9,1,1978-07-06
USGS-451156102455001,14N11E 3CD,45.19887658,-102.7643303,15.0,1,1978-08-22
USGS-451200103095701,14N 8E 5DCAD,45.1999896,-103.1662878,5.2,1,1978-10-18
USGS-451207102024501,14N17E 4DBCB,45.2019232,-102.0462667,0.5,1,1978-08-22
USGS-451239097585101,120N60W12DDDD,45.21162448,-97.9820378,15.0,1,1978-07-06
USGS-451243102253701,15N14E32DDDC,45.21192798,-102.4273813,0.3,1,1978-09-09
USGS-451312097122401,121N52W31AADD R,45.21996159,-97.207025,10.0,1,1978-06-29
USGS-451315096284801,120N47W 8AABC,45.2207984,-96.4803336,1.0,1,1978-06-28
USGS-451315096431901,120N49W 8AAAB,45.22079758,-96.7222866,6.8,1,1978-06-30
USGS-451315097430801,120N57W 7AADB,45.22078987,-97.7192569,0.2,1,1978-06-30
USGS-451326102422501,15N12E31BBDA,45.2238757,-102.7073843,21.0,1,1978-08-21
USGS-451326103345101,15N 4E36BACA,45.2238804,-103.5813036,32.0,1,1978-10-17
USGS-451330097080601,121N52W26CDDC R,45.22496198,-97.1353566,2.2,1,1978-06-29
USGS-451337097504901,120N58W 6DCAB,45.226901,-97.8473143,1.4,1,1978-07-07
USGS-451340097353801,120N56W 5CBCD,45.2277356,-97.5942548,0.8,1,1978-07-11
USGS-451344096563801,120N51W 4DAAD,45.22885196,-96.9442397,34.0,1,1978-06-30
USGS-451351097195801,120N54W 5ADCD,45.23079378,-97.333139,20.0,1,1978-06-29
USGS-451351097390301,120N57W 2CABB,45.23079045,-97.6512003,5.6,1,1978-06-30
USGS-451402097293801,120N56W 1ADAA,45.2338478,-97.494253,6.5,1,1978-07-06
USGS-451402102480701,15N11E29AC,45.23387657,-102.8023866,16.0,1,1978-08-23
USGS-451413103134001,15N 7E26ACAA,45.23693439,-103.2282343,0.2,1,1978-10-17
USGS-451418097160801,120N54W 2AAAB,45.23829428,-97.2692491,0.2,1,1978-06-29
USGS-451420097340401,121N56W33CCCD,45.23884686,-97.5681434,0.8,1,1978-07-11
USGS-451424096384901,121N48W35CDDD,45.2399645,-96.647284,0.3,1,1978-06-28
USGS-451431103000301,15N 9E22DDCA,45.2419334,-103.0012816,0.2,1,1978-10-19
USGS-451438097263401,121N55W33CBDA,45.24384815,-97.4431412,23.0,1,1978-07-06
USGS-451442103044001,15N 9E19CBCC,45.2449893,-103.0782288,0.4,1,1978-10-17
USGS-451445102425001,15N11E24DA,45.24582008,-102.7143286,0.3,1,1978-08-22
USGS-451449102375101,15N12E22DA,45.24693005,-102.6312713,5.9,1,1978-08-23
USGS-451500102352401,15N12E24AD,45.249985,-102.5904371,6.1,1,1978-08-23
USGS-451503102303601,15N13E22AD,45.25081725,-102.5104355,0.6,1,1978-08-22
USGS-451510103121001,15N 7E24AADB,45.25276769,-103.2032334,1.2,1,1978-10-17
USGS-451510103180001,15N 7E20BBCA,45.25276815,-103.300459,1.9,1,1978-10-17
USGS-451514103293401,15N 5E22ABBA,45.25388025,-103.4932434,0.4,1,1978-10-13
USGS-451518102451401,15N11E22AA,45.25498728,-102.7543294,3.1,1,1978-08-23
USGS-451518102534201,15N10E21AA,45.2549883,-102.8954448,0.2,1,1978-08-21
USGS-451518103245001,15N 6E20ABAC,45.25499098,-103.4143518,4.2,1,1978-10-13
USGS-451521103084201,15N 8E16DCDD,45.255823,-103.1454534,0.4,1,1978-10-16
USGS-451528102365001,15N12E14DC,45.25776319,-102.6143265,0.4,1,1978-08-21
USGS-451536103210301,15N 6E14DBCA,45.25999075,-103.3512941,1.6,1,1978-10-11
USGS-451543102405101,15N12E17CA,45.2619308,-102.6812723,0.3,1,1978-08-21
USGS-451550096570301,121N50W29ACBA,45.2638516,-96.9511849,0.8,1,1978-07-06
USGS-451557097330301,121N56W28AADB,45.2657911,-97.5511993,3.7,1,1978-07-07
USGS-451601097015801,121N51W10CDCC R,45.26690667,-97.0331322,6.4,1,1978-07-06
USGS-451601097392101,121N57W27AABB,45.26690088,-97.6562013,9.4,1,1978-07-11
USGS-451601103132201,15N 7E14AADB,45.26693469,-103.223234,1.4,1,1978-10-19
USGS-451601103560201,15N 1E13AADD (3),45.26693458,-103.9343773,36.0,1,1978-10-18
USGS-451624096544301,121N50W22DBCA,45.2732962,-96.9122946,4.1,1,1978-07-06
USGS-451633102355601,15N12E12CA,45.2758187,-102.5993262,0.4,1,1978-08-22
USGS-451633103174201,15N 7E 8CAAB,45.27582407,-103.2954589,0.3,1,1978-10-16
USGS-451651097292001,121N56W24AAAB,45.28079167,-97.489254,3.5,1,1978-07-06
USGS-451651097523001,121N59W24BBAC,45.280789,-97.8753715,1.5,1,1978-07-11
USGS-451655097215401,121N54W19BBBD,45.28190405,-97.3653628,5.2,1,1978-07-07
USGS-451657096365801,121N47W19BBBB,45.2824644,-96.6164502,1.1,1,1978-07-07
USGS-451658096454601,121N49W14DDCB,45.2827414,-96.7631223,6.1,1,1978-07-11
USGS-451658097430101,121N57W18DDCC,45.2827332,-97.717314,1.2,1,1978-07-11
USGS-451702096502401,121N49W17CCBC,45.2838521,-96.8403475,0.6,1,1978-07-11
USGS-451702103251201,15N 6E 8BABB,45.28388038,-103.4204633,8.4,1,1978-10-13
USGS-451702103320601,15N 5E 8ABBA,45.2838809,-103.5354679,1.7,1,1978-09-26
USGS-451716102340801,15N13E 6DA,45.28776287,-102.5693257,2.3,1,1978-08-18
USGS-451721097122701,121N52W 6DAAC R,45.28912767,-97.2078596,1.2,1,1978-07-07
USGS-451724097244301,121N55W15ACDA,45.289959,-97.4123083,13.0,1,1978-07-07
USGS-451727097354201,121N56W18ADCB,45.2907902,-97.5953674,22.0,1,1978-07-10
USGS-451727103443801,15N 3E 3CABA,45.2908263,-103.7443674,18.0,1,1978-09-26
USGS-451727103461901,15N 3E 5DAAA,45.29082607,-103.7724244,15.0,1,1978-09-27
USGS-451737103462501,15N 3E 5ADDD,45.29360388,-103.7740912,16.0,1,1980-07-15
USGS-451744097164702,121N53W 3BADB2 R,45.2955159,-97.2800836,4.9,1,1978-07-07
USGS-451745097535601,121N59W15AAAC,45.2957889,-97.899261,0.4,1,1978-07-11
USGS-451745103414901,15N 3E 1ABDC,45.2958262,-103.6974206,107.0,1,1978-09-26
USGS-451749103371201,15N 4E 3BADB,45.296937,-103.6204723,24.0,1,1978-09-26
USGS-451752103591301,15N 1E 3BAAB,45.29776786,-103.9874355,30.0,1,1978-10-13
USGS-451756097593801,121N60W12CDCA,45.2988449,-97.9942622,1.1,1,1978-07-11
USGS-451756103211801,16N 6E35CDDC,45.2988803,-103.355461,1.1,1,1978-10-13
USGS-451800102000301,16N17E35DC,45.2999775,-102.0012634,0.2,1,1978-08-18
USGS-451807097033201,122N51W33CBBC R,45.30190626,-97.0592445,1.9,1,1978-07-06
USGS-451807103280401,16N 5E35DDAC,45.30193647,-103.4682428,0.2,1,1978-09-28
USGS-451825102031401,16N17E33BCD,45.306923,-102.0543209,0.3,1,1978-08-18
USGS-451839102143101,16N15E35AA,45.31081509,-102.2423838,0.3,1,1978-08-21
USGS-451839103002501,16N 9E34ABCC,45.31082329,-103.007392,0.4,1,1978-10-19
USGS-451843103075101,16N 8E34BAAA,45.311935,-103.1312858,20.0,1,1978-10-16
USGS-451850102260901,16N14E29CD,45.31387269,-102.43627,0.3,1,1978-08-17
USGS-451850102395401,16N12E28CC,45.3138755,-102.6654386,1.5,1,1978-08-21
USGS-451904102213901,16N14E25CB,45.31776086,-102.3612713,0.2,1,1978-08-18
USGS-451904102550801,16N10E29DA,45.31776707,-102.9193338,15.0,1,1978-08-17
USGS-451912096304301,121N47W 1BCCB,45.31996475,-96.5122803,10.0,1,1978-07-10
USGS-451913096554301,121N50W 4ADCB,45.3202402,-96.9289625,0.4,1,1978-07-06
USGS-451915102272101,16N14E30BD,45.3208174,-102.4562698,0.2,1,1978-08-17
USGS-451919096414201,121N48W 4BBCD,45.32190816,-96.6953426,0.4,1,1978-07-07
USGS-451919097442401,121N58W 1ABDD,45.3218991,-97.7403709,0.9,1,1978-07-11
USGS-451919103311901,16N 5E28BCDA,45.321937,-103.5224119,0.2,1,1978-09-25
USGS-451922096503401,121N49W 6AADB,45.32274067,-96.843126,0.5,1,1978-07-11
USGS-451930103270701,16N 5E25ABDC,45.3249923,-103.452409,3.7,1,1978-09-28
USGS-451933097510001,122N58W31CDCD,45.32578829,-97.8503724,0.4,1,1978-07-11
USGS-451933102464401,16N11E28AB,45.3258214,-102.7793297,3.3,1,1978-08-17
USGS-451937097091401,122N52W22DCCC R,45.3269055,-97.1542475,2.6,1,1978-07-07
USGS-451937103195501,16N 6E25ABBB,45.3269362,-103.3324046,0.4,1,1978-10-13
USGS-451948097390701,122N57W35DBCC,45.32995566,-97.6523139,0.6,1,1978-07-11
USGS-451948102240001,16N14E22CC,45.3299836,-102.4004375,0.5,1,1978-08-17
USGS-451948103250101,16N 6E20CDAC,45.3299922,-103.4174078,0.2,1,1978-10-13
USGS-451948103480701,16N 3E19DCCB,45.32999305,-103.8024259,37.0,1,1978-09-27
USGS-451948103511001,16N 2E22DDAD,45.3299924,-103.8532618,118.0,1,1978-09-27
USGS-451955103002501,16N 9E22DBCC (2),45.3319347,-103.0073917,2.1,1,1978-10-14
USGS-451958103440201,16N 3E22DACA (2),45.3327714,-103.7343669,76.0,1,1978-09-26
USGS-451959097205101,122N54W31DAAB,45.33301488,-97.3478634,5.1,1,1978-07-07
USGS-452003096454901,122N49W35ADCC,45.3341299,-96.7639564,5.1,1,1978-07-11
USGS-452006103583701,16N 1E22DAAB (2),45.334991,-103.9774347,23.0,1,1978-10-13
USGS-452009097322701,122N56W34BDAB,45.3357903,-97.5412007,18.0,1,1978-07-10
USGS-452009102445201,16N11E23BC,45.3358212,-102.7482177,7.3,1,1978-08-22
USGS-452009103561601,16N 1E24ADCC,45.3358248,-103.938266,6.8,1,1978-10-13
USGS-452013103103301,16N 8E20BDBB (2),45.3369356,-103.1762874,1.7,1,1979-07-21
USGS-452013103141601,16N 7E23BCAC,45.3369359,-103.2382344,5.0,1,1979-07-19
USGS-452016097561301,122N59W33BBCD,45.33773298,-97.9373181,13.0,1,1978-07-11
USGS-452020097155001,122N53W23BBBD R,45.33884915,-97.2642507,3.0,1,1978-07-07
USGS-452024097584001,122N59W31BBBD,45.33995537,-97.978152,2.8,1,1978-07-11
USGS-452024103404001,16N 4E19ABCA,45.33999355,-103.678253,74.0,1,1978-09-27
USGS-452027096333201,122N47W28DDCC,45.34079769,-96.5592268,21.0,1,1978-07-10
USGS-452027097352701,122N56W30DDDD,45.3407896,-97.5912018,42.0,1,1978-07-10
USGS-452031096524401,122N50W25CCBA,45.34190699,-96.8792387,0.4,1,1978-07-10
USGS-452031102530601,16N10E22AB,45.3419337,-102.8854437,0.3,1,1978-08-18
USGS-452034097485701,122N58W29DDAA,45.34273235,-97.8162057,0.4,1,1978-07-11
USGS-452038103354501,16N 4E14DCCB,45.34388216,-103.5963046,13.0,1,1978-09-26
USGS-452045102382001,16N12E15CD,45.3458199,-102.639327,0.2,1,1978-08-23
USGS-452107103152101,16N 7E15BDBC,45.35193628,-103.2562906,0.6,1,1978-10-11
USGS-452110102074801,16N16E14BAD,45.35275825,-102.1304349,0.3,1,1978-08-18
USGS-452132102190401,16N15E 8CC,45.35887199,-102.318217,4.8,1,1978-08-21
USGS-452136103002101,16N 9E10DCBA,45.3599907,-103.0062802,1.9,1,1978-10-17
USGS-452139103240001,16N 6E 9CBDD,45.360826,-103.4004628,0.4,1,1978-10-19
USGS-452144098145101,122N62W23DADD,45.36218886,-98.2478724,0.08,1,1979-07-31
USGS-452146103054501,16N 8E12CBBA (2),45.362769,-103.0962839,0.2,1,1978-10-14
USGS-452154103322401,16N 5E 8BDCD,45.36499338,-103.5404686,8.5,1,1978-09-25
USGS-452155097054701,122N51W 7BDBB R,45.3652389,-97.0967464,1.7,1,1978-07-07
USGS-452201096562701,122N50W21BBCA,45.36690646,-96.9411858,6.6,1,1978-07-10
USGS-452204096451001,122N49W24BABC,45.3677408,-96.7531232,3.0,1,1978-07-25
USGS-452204103433701,16N 3E11BBDC,45.367772,-103.727422,7.7,1,1978-09-26
USGS-452208096332501,122N47W16DDCD,45.36885309,-96.5572828,6.5,1,1978-07-10
USGS-452208097524001,122N59W23AAAA,45.3688434,-97.8781516,3.1,1,1978-07-12
USGS-452208103204501,16N 6E11AACA,45.3688814,-103.346294,0.9,1,1978-10-13
USGS-452212102403001,16N12E 8AB,45.3699872,-102.6754387,0.3,1,1978-08-17
USGS-452219103285101,16N 5E 2CCDA,45.37193768,-103.4812993,26.0,1,1978-10-19
USGS-452222097083801,122N52W 2CCBB R,45.3727386,-97.1442479,0.9,1,1978-07-10
USGS-452222103513601,16N 2E 3DCAC (2),45.3727709,-103.8604842,7.4,1,1978-09-27
USGS-452230097562401,122N59W17DADC,45.3749547,-97.9403747,2.4,1,1978-07-13
USGS-452233103561601,16N 1E 1DACB,45.37582566,-103.9382658,23.0,1,1978-10-11
USGS-452237096541001,122N50W15ADDD,45.37690659,-96.903129,82.0,1,1978-07-10
USGS-452240102215001,16N14E 2AD,45.3777615,-102.3643275,0.3,1,1978-08-18
USGS-452240102440201,16N11E 2DA,45.3777658,-102.7343284,0.2,1,1978-08-17
USGS-452301097125502,122N52W 6ABBB2 R,45.38357146,-97.215639,1.9,1,1978-07-10
USGS-452302097292001,122N56W12DDDC,45.38384588,-97.4892564,3.6,1,1978-07-13
USGS-452302102340401,16N13E 5BB,45.3838749,-102.5682149,0.2,1,1978-08-18
USGS-452306096492201,122N49W 8DDCA,45.3849625,-96.823126,9.8,1,1978-07-25
USGS-452309096372201,122N48W12DCAC,45.385797,-96.6231188,18.0,1,1978-07-10
USGS-452309097210301,122N54W 7DCAB R,45.3857921,-97.3511978,3.5,1,1978-07-11
USGS-452309103401201,17N 4E31DDCA,45.3858276,-103.6704749,5.4,1,1978-10-12
USGS-452313097155801,123N53W35CCBD R,45.38690436,-97.2664738,6.7,1,1978-07-10
USGS-452313102260901,17N14E31DD,45.386929,-102.4362707,0.4,1,1978-08-17
USGS-452313103115601,17N 7E36DDBC,45.38693658,-103.1993436,46.0,1,1978-10-13
USGS-452316097244301,122N55W10DBDA,45.38773575,-97.4123103,15.0,1,1978-07-13
USGS-452316097474501,122N58W 9DADA,45.38773167,-97.7962066,0.3,1,1978-07-12
USGS-452327097022701,123N51W33ADDD R,45.3907946,-97.0411895,2.2,1,1978-07-07
USGS-452327103590601,17N 1E34CADA (2),45.39082545,-103.9854903,182.0,1,1978-10-11
USGS-452349097392101,122N57W10AABB,45.39689919,-97.6562045,31.0,1,1978-07-13
USGS-452352097324201,122N56W 3CCDD,45.39773388,-97.545369,5.1,1,1978-07-10
USGS-452352097360701,122N56W 6CDDD,45.39773318,-97.6023145,3.4,1,1978-07-10
USGS-452403102375801,17N12E27CD,45.4008203,-102.6332158,0.4,1,1978-08-23
USGS-452403103353401,17N 4E26DCCA,45.4008275,-103.593249,2.6,1,1978-09-25
USGS-452407097440901,122N58W 1DDAB,45.4018981,-97.7362062,2.9,1,1978-07-13
USGS-452407102482501,17N11E30DD,45.40193355,-102.8073856,0.4,1,1978-08-17
USGS-452409097085001,123N52W27DDBA R,45.4024606,-97.1475817,4.8,1,1978-07-11
USGS-452410102052401,17N16E25DAC,45.40275838,-102.0904327,6.5,1,1978-08-17
USGS-452410102503801,17N10E25CB,45.4027673,-102.8443309,1.2,1,1978-08-17
USGS-452421102281201,17N13E25CB,45.40581845,-102.4704368,0.3,1,1978-08-18
USGS-452428103230901,17N 6E28ACDD,45.40777116,-103.3862957,0.5,1,1978-10-12
USGS-452439097171601,123N53W28AAAD R,45.41079279,-97.2881413,56.0,1,1978-07-11
USGS-452446097563801,122N59W 5ABAA,45.41273199,-97.9442647,7.1,1,1978-07-13
USGS-452450103080901,17N 8E28AAAA,45.4138811,-103.1362852,0.3,1,1979-07-11
USGS-452454103400801,17N 4E19DDDB,45.41499477,-103.6693638,0.5,1,1978-10-11
USGS-452457096450001,123N49W36CADC,45.415796,-96.750346,15.0,1,1978-07-25
USGS-452508097402601,123N57W33DAAB,45.4188431,-97.6742609,5.8,1,1978-07-13
USGS-452508103431501,17N 3E23CACA (2),45.4188839,-103.7213106,10.0,1,1978-09-28
USGS-452512103010401,17N 9E21DBAC,45.4199917,-103.0182244,10.0,1,1979-07-31
USGS-452515103015501,17N 9E20DAAA,45.42082515,-103.0323916,0.2,1,1978-10-16
USGS-452515103093901,17N 8E20DBAA,45.4208258,-103.1612862,38.0,1,1979-07-10
USGS-452519096575401,123N50W19ACBA R,45.4219059,-96.965354,1.0,1,1978-07-10
USGS-452522104000001,17N 1E21DABA,45.4227704,-104.0004908,61.0,1,1978-10-11
USGS-452530102252601,17N14E20BA,45.42498486,-102.4243269,0.4,1,1978-08-17
USGS-452530103000301,17N 9E22BADD,45.4249917,-103.001279,3.7,1,1979-07-31
USGS-452530103541801,17N 2E20BADD,45.42499369,-103.9054862,1.6,1,1978-10-11
USGS-452533096541001,123N50W34AAAB,45.4257951,-96.9031296,0.5,1,1978-07-10
USGS-452533097293801,123N56W36ABAC,45.4257897,-97.4942575,0.3,1,1978-07-12
USGS-452533097321301,123N56W34ABCA,45.42578917,-97.5373139,0.8,1,1978-07-10
USGS-452533103521501,17N 2E22BBCA (2),45.42582739,-103.8713178,7.5,1,1978-10-11
USGS-452540102071901,17N16E14C,45.42775919,-102.1223788,0.4,1,1978-08-17
USGS-452544097111301,123N52W17DDDC R,45.4288491,-97.1873055,0.2,1,1978-07-10
USGS-452544097592001,123N60W25CDDD,45.42884307,-97.9892657,6.0,1,1978-07-13
USGS-452548097433001,123N57W30CDAA,45.42995346,-97.7253733,1.4,1,1978-07-13
USGS-452548102185401,17N15E18DD,45.4299838,-102.3154404,0.5,1,1978-08-17
USGS-452551102330301,17N13E17CD,45.4308196,-102.5512703,0.5,1,1978-08-18
USGS-452555103350201,17N 5E13CCBB,45.4319391,-103.5843599,8.6,1,1978-09-25
USGS-452558097240701,123N55W26CBAD,45.4327354,-97.402311,17.0,1,1978-07-12
USGS-452602103170201,17N 7E17DBDA,45.4338822,-103.284347,3.7,1,1978-10-11
USGS-452602103170202,17N 7E17DBDA2,45.4338822,-103.284347,3.6,1,1979-07-27
USGS-452604098305601,123N64W27DDAA,45.4344213,-98.5159277,0.17,1,1979-07-30
USGS-452609097523501,123N59W25CBB,45.4357869,-97.8767644,5.5,1,1978-07-12
USGS-452609102043301,17N17E18BDD,45.4358142,-102.076265,0.2,1,1978-08-17
USGS-452609103044401,17N 8E13ACDD,45.4358256,-103.079338,0.7,1,1978-10-16
USGS-452609103483601,17N 3E18CBBB,45.43582819,-103.8104815,11.0,1,1978-09-27
USGS-452616102010401,17N17E15BDB,45.4377579,-102.018206,1.2,1,1978-08-18
USGS-452616102130801,17N15E13ACB,45.43776065,-102.219329,0.9,1,1978-08-17
USGS-452624097060001,123N51W 8BBCC R,45.4399606,-97.1003586,2.6,1,1978-07-07
USGS-452624097481401,123N58W28ABCB,45.43995325,-97.8042636,0.6,1,1978-07-13
USGS-452627102353101,17N12E13BA,45.4408202,-102.592382,0.3,1,1978-08-21
USGS-452631102402601,17N12E17BA,45.4419323,-102.6743274,0.4,1,1978-08-22
USGS-452638102160101,17N15E10CC,45.4438724,-102.267386,0.3,1,1978-08-17
USGS-452638102300701,17N13E10CA,45.4438747,-102.5023809,0.2,1,1978-08-18
USGS-452645103165501,17N 7E 8DDBB (2),45.44582688,-103.2824025,16.0,1,1979-07-27
USGS-452703103155401,17N 7E 9ACCD (2),45.45082689,-103.2654573,0.3,1,1979-07-30
USGS-452710097250801,123N55W22BDBA (2),45.4527349,-97.4192563,2.5,1,1978-07-12
USGS-452710102464801,17N11E 9BC,45.452767,-102.7804401,0.4,1,1978-08-18
USGS-452721096572101,123N50W 5DDDD R,45.4557946,-96.9561875,0.7,1,1978-07-11
USGS-452728103274601,17N 5E 2DDDD,45.4577723,-103.4632436,2.8,1,1978-09-26
USGS-452729098382401,123N65W22AAD,45.45803235,-98.6403763,0.05,1,1979-07-28
USGS-452736102441601,17N11E 2CC,45.45998877,-102.738217,0.6,1,1978-08-22
USGS-452739103064601,17N 8E 2CBCC,45.4608262,-103.1132282,0.6,1,1979-07-31
USGS-452739103065401,17N 8E 3DDAA,45.4608262,-103.1154505,18.0,1,1979-07-31
USGS-452743097031001,123N51W 4CABD R,45.46190516,-97.0531352,4.8,1,1978-07-07
USGS-452746102415601,17N12E 6CB,45.4627661,-102.6993277,0.4,1,1978-08-17
USGS-452746103141601,17N 7E 3DAAC,45.4627714,-103.2382339,1.3,1,1979-07-30
USGS-452754096525501,123N50W14ADAD,45.46496159,-96.882296,9.9,1,1978-07-10
USGS-452757103321601,17N 5E 5BDCA,45.46582837,-103.5382469,11.0,1,1978-09-25
USGS-452801103224801,17N 6E 4ADAD,45.46693879,-103.3804623,0.2,1,1978-09-27
USGS-452808097290201,123N55W18BBAD,45.46884485,-97.4842583,0.4,1,1978-07-12
USGS-452808103541801,17N 2E 5BADC (2),45.46888345,-103.9054859,135.0,1,1978-09-28
USGS-452819097410901,123N57W 9CDBD,45.4718978,-97.6862069,0.3,1,1978-07-13
USGS-452819103424601,17N 3E 2AABB,45.47194035,-103.7132547,36.0,1,1978-10-12
USGS-452822096460801,123N49W11DCBB,45.47273989,-96.7692364,0.6,1,1978-07-25
USGS-452822097092101,124N52W34CDDC R,45.47273787,-97.1561941,4.1,1,1978-07-10
USGS-452822103195801,18N 6E36CDCA,45.472772,-103.333238,3.4,1,1978-09-27
USGS-452826102554801,18N10E31DD (2),45.4738804,-102.9304434,7.9,1,1978-08-16
USGS-452833097211001,123N54W 7DBCA,45.47579128,-97.353144,9.3,1,1978-07-11
USGS-452833103395401,18N 4E32CBDC,45.4758291,-103.6654748,0.4,1,1978-10-12
USGS-452835097121701,124N52W32CBCC R,45.4763487,-97.2050846,6.9,1,1978-07-10
USGS-452835097165401,124N53W34CACA R,45.4749591,-97.2811978,15.0,1,1978-07-11
USGS-452837097363201,123N57W12DAAB,45.4768987,-97.609261,2.5,1,1978-07-10
USGS-452848103483601,18N 3E31BCCC,45.47999566,-103.8104814,19.0,1,1978-09-28
USGS-452855102361001,18N12E35AD,45.4819318,-102.6032155,0.3,1,1978-08-17
USGS-452906102100401,18N16E32AA,45.48498279,-102.168215,0.4,1,1978-08-16
USGS-452909097543201,123N59W 3CDDC,45.4857864,-97.9092662,0.5,1,1978-07-13
USGS-452909103061801,18N 8E35BAAA,45.48582659,-103.1054498,0.2,1,1978-10-12
USGS-452909103504201,18N 2E35BABB,45.48582878,-103.845483,30.0,1,1978-09-28
USGS-452913097321301,123N56W 3DCBA,45.48689946,-97.5373154,38.0,1,1978-07-11
USGS-452913102285101,18N13E26DD,45.4869305,-102.4812705,0.4,1,1978-08-16
USGS-452915097010901,124N51W26CCCB R,45.4874607,-97.0195234,1.2,1,1978-07-07
USGS-452916102011501,18N17E27CC,45.4877588,-102.0212608,0.4,1,1978-08-16
USGS-452916102453601,18N11E27CC,45.48776706,-102.7604395,0.5,1,1978-08-16
USGS-452916102490101,18N10E25CD,45.48776787,-102.8173852,0.4,1,1978-08-16
USGS-452920102333901,18N13E30DD,45.48887587,-102.5612707,0.5,1,1978-08-17
USGS-452924103174901,18N 7E29CBCC,45.48999436,-103.297403,0.2,1,1978-10-11
USGS-452924103175201,18N 7E29CBCC (2),45.48999436,-103.2982365,0.5,1,1979-07-30
USGS-452927103155401,18N 7E28DBCD,45.49082757,-103.2654572,0.3,1,1979-07-29
USGS-452930103062001,18N 8E27DADC,45.49166,-103.1060053,0.21,1,1980-07-15
USGS-452931103595201,18N 1E28DACA,45.4919386,-103.998268,17.0,1,1978-10-11
USGS-452942103061801,18N 8E26BDDB,45.4949934,-103.1054497,0.4,1,1979-07-09
USGS-453000103141301,18N 7E27AAAA,45.49999425,-103.2374004,0.3,1,1979-07-29
USGS-453003103160101,18N 7E21CDDD,45.50082775,-103.2674017,0.6,1,1979-07-29
USGS-453008099530901,123N75W 3BDBD,45.5022093,-99.8862305,5.6,1,1981-01-05
USGS-453012096524102,124N50W36CCAA2,45.50329465,-96.8784075,1.9,1,1978-07-24
USGS-453017099530401,123N75W 3BADC,45.5047093,-99.8848416,8.4,1,1979-05-29
USGS-453018102255501,18N14E20CB,45.50498596,-102.4323828,0.4,1,1978-08-17
USGS-453021103032101,18N 9E19DACB,45.50582668,-103.0562807,0.4,1,1979-07-09
USGS-453025103030301,18N 9E20CBBD,45.5069378,-103.0512804,0.3,1,1979-07-09
USGS-453028097230901,124N55W35ADDD,45.50773488,-97.386201,40.0,1,1978-07-17
USGS-453039103054201,18N 8E23ADAC,45.510827,-103.0954492,0.2,1,1979-07-10
USGS-453043103004301,18N 9E21AADD,45.5119377,-103.0123897,12.0,1,1979-08-01
USGS-453043103100101,18N 8E20BADC,45.51193855,-103.167397,0.7,1,1979-07-24
USGS-453044097011701,124N51W22AADC R,45.5121827,-97.021746,0.6,1,1978-07-24
USGS-453046097550801,124N59W33DDDC,45.5127306,-97.919267,0.2,1,1978-07-13
USGS-453050103183601,18N 7E19BAAC,45.5138837,-103.3104592,0.3,1,1979-07-30
USGS-453054097312201,124N56W26CDCB,45.5149548,-97.5231491,6.2,1,1978-07-12
USGS-453054103512801,18N 2E22ABAA,45.5149958,-103.8582613,14.0,1,1978-09-22
USGS-453057097214301,124N54W30CCBD,45.51579076,-97.3623118,5.7,1,1978-07-14
USGS-453101103174501,18N 7E17CCCA,45.5169393,-103.2962919,0.4,1,1979-07-29
USGS-453104102285501,18N13E14DC,45.51776476,-102.4823815,0.2,1,1978-08-16
USGS-453104103474201,18N 3E18DDBB,45.51777417,-103.7954806,20.0,1,1978-09-21
USGS-453109097123101,124N52W18DADC R,45.51912617,-97.2089743,2.8,1,1978-07-18
USGS-453112103354201,18N 4E14CADD,45.51999615,-103.5954718,15.0,1,1978-09-13
USGS-453112103392101,18N 4E17DBCC,45.5199964,-103.6563078,1.0,1,1978-09-21
USGS-453115097485001,124N58W28CBBB,45.52078565,-97.8142658,0.4,1,1978-07-17
USGS-453115098350801,124N64W30DCBA,45.52081017,-98.5859302,3.6,1,1980-06-09
USGS-453116097180902,124N53W16CABC2 R,45.52106949,-97.3028659,9.0,1,1978-07-14
USGS-453122103533401,18N 2E17ADDA,45.5227734,-103.8932629,16.0,1,1978-09-23
USGS-453122103582601,18N 1E14BCCC,45.5227727,-103.9743778,25.0,1,1978-09-22
USGS-453130097384501,124N57W26BBDD,45.5249532,-97.6462074,0.3,1,1978-07-14
USGS-453130102325201,18N13E17BD,45.52498798,-102.5482148,45.0,1,1978-08-15
USGS-453130103434801,18N 3E15ADAC,45.52499678,-103.7304777,0.3,1,1978-09-21
USGS-453137096475601,124N49W28AAAA,45.526906,-96.7992383,3.1,1,1978-07-24
USGS-453140097074001,124N52W14ACAA R,45.5277376,-97.1281385,20.0,1,1978-07-18
USGS-453144097275701,124N55W20DDDB,45.5288444,-97.4662036,16.0,1,1978-07-17
USGS-453148097035001,124N51W 8DDBD R,45.78106987,-97.0648066,7.4,1,1978-07-24
USGS-453148102130101,18N15E12DC,45.529985,-102.2173844,0.6,1,1978-08-16
USGS-453151102410601,18N12E 7DD,45.530823,-102.6854383,0.7,1,1978-08-16
USGS-453155097595201,124N60W24CCBB,45.5318975,-97.9981573,0.3,1,1978-07-13
USGS-453155102223301,18N14E10DD,45.53193106,-102.3762726,0.3,1,1978-08-16
USGS-453155103011201,18N 9E 9DCCB,45.53193827,-103.0204457,0.6,1,1978-08-23
USGS-453202103315101,18N 5E 8DBDC,45.533885,-103.5313023,6.5,1,1978-09-13
USGS-453206103083101,18N 8E 9DBBD (2),45.5349945,-103.1423959,183.0,1,1978-08-31
USGS-453209102063601,18N16E11DA,45.53581748,-102.1104329,0.3,1,1978-08-15
USGS-453209103083401,18N 8E 9DBBD,45.53582785,-103.1432292,7.1,1,1979-07-10
USGS-453216103021301,18N 9E 8ACDD,45.5377718,-103.037391,0.4,1,1979-07-09
USGS-453216103284001,18N 5E11BCDA,45.5377737,-103.4782444,5.1,1,1978-09-13
USGS-453216103474501,18N 3E 7ACDD,45.5377744,-103.796314,1.6,1,1978-09-21
USGS-453234102512101,18N10E11BA,45.5427699,-102.8562747,1.7,1,1978-08-15
USGS-453256097214601,124N54W18CBBD,45.54884598,-97.3631458,6.7,1,1978-07-21
USGS-453256103015101,18N 9E 4CBCC,45.5488832,-103.0312796,0.2,1,1979-07-09
USGS-453300103031401,18N 9E 6DAAC,45.54999445,-103.0543362,0.3,1,1979-07-10
USGS-453307097090701,124N52W 3ACBD R,45.551904,-97.1523063,1.1,1,1978-07-18
USGS-453310103142401,18N 7E 3ADCA,45.5527731,-103.2404559,0.7,1,1979-07-30
USGS-453314102482501,18N11E 6AD,45.5538808,-102.8073846,1.4,1,1978-08-16
USGS-453328097442701,124N58W12DCCD,45.55772955,-97.74121,0.5,1,1978-07-13
USGS-453332097352401,124N56W 8CCCB,45.5588424,-97.5903737,2.5,1,1978-07-12
USGS-453332103574601,19N 1E35DCCD,45.55888455,-103.963266,15.0,1,1978-09-22
USGS-453346102400101,19N12E32DB,45.5627685,-102.6673824,17.0,1,1978-08-15
USGS-453346103465801,19N 3E32CACD,45.56277486,-103.7832578,0.6,1,1978-09-21
USGS-453350097282601,124N55W 7DBAB,45.56384386,-97.4742602,0.2,1,1978-07-17
USGS-453350103242501,19N 6E32DBDB,45.563885,-103.4074078,1.5,1,1978-09-13
USGS-453354102520401,19N10E34DA,45.564993,-102.8682194,0.6,1,1978-08-15
USGS-453354103321301,19N 5E32CABD,45.5649966,-103.5374136,3.4,1,1978-09-14
USGS-453357097313301,124N56W11BCAC,45.5657875,-97.5262059,10.0,1,1978-07-12
USGS-453357103425401,19N 3E35DBAA,45.56583058,-103.715477,0.7,1,1978-09-19
USGS-453401097485001,124N58W 9BCBC,45.56689636,-97.8142668,0.2,1,1978-07-14
USGS-453401102441601,19N11E35BC,45.566936,-102.7382164,1.0,1,1978-08-17
USGS-453412097252201,124N55W10BBAC,45.5699558,-97.4231478,29.0,1,1978-07-14
USGS-453412103502701,19N 2E35ABCC,45.56999675,-103.841316,1.7,1,1978-09-20
USGS-453419097165501,125N53W34BABB R,45.57190276,-97.2823107,3.3,1,1978-07-14
USGS-453419097594501,124N60W12BBAB,45.5718973,-97.9962137,0.4,1,1978-07-13
USGS-453422097492601,124N58W 5DCCC,45.57272969,-97.824267,0.2,1,1978-07-14
USGS-453426097130901,125N52W30CDCD R,45.5738479,-97.219531,6.1,1,1978-07-21
USGS-453433097405501,124N57W 4CADD,45.5757856,-97.6823204,0.3,1,1978-07-14
USGS-453433103195501,19N 6E25CDBA,45.5758294,-103.3324044,0.7,1,1978-09-08
USGS-453434096561901,125N50W29DADC2 R,45.5760716,-96.9389663,2.6,1,1978-07-21
USGS-453437103093201,19N 8E29DACC,45.57693996,-103.159341,8.7,1,1978-08-31
USGS-453444096520101,124N50W 1ACDC,45.57884976,-96.8672971,0.9,1,1978-07-21
USGS-453448102241801,19N14E28CA,45.579989,-102.4054378,1.9,1,1978-08-09
USGS-453458103324801,19N 5E30ADD,45.5822192,-103.5643592,0.3,1,1957-03-22
USGS-453509102091001,19N16E28AB,45.5858204,-102.1532125,0.2,1,1978-08-16
USGS-453516103354901,19N 4E23CDDC,45.58777495,-103.5974162,6.2,1,1978-09-14
USGS-453516103555501,19N 2E19CCCD,45.5877741,-103.9324312,9.2,1,1978-09-23
USGS-453524102002801,19N17E22DD,45.58998607,-102.0082039,1.9,1,1978-08-09
USGS-453538103093901,19N 8E20DBAD,45.59388479,-103.1612856,0.2,1,1979-07-27
USGS-453549103005701,19N 9E21ADCB,45.5969399,-103.016279,0.3,1,1978-08-23
USGS-453551097074801,125N52W23ABDC R,45.59745935,-97.1303619,2.9,1,1978-07-21
USGS-453556097161901,125N53W22ABAD R,45.59884717,-97.2723109,1.1,1,1978-07-14
USGS-453610102121801,19N16E18CC,45.60276616,-102.2054373,0.7,1,1978-08-09
USGS-453625097584401,125N60W25DADA,45.606897,-97.9792699,0.3,1,1978-07-13
USGS-453632097123901,125N52W18ACDD R,45.6088477,-97.211198,7.4,1,1978-07-21
USGS-453636102241401,19N14E16AC,45.6099903,-102.4043262,0.3,1,1978-08-09
USGS-453636102452501,19N11E15BD,45.6099933,-102.757383,0.5,1,1978-08-16
USGS-453636103435801,19N 3E15ADCA,45.60999787,-103.7332556,26.0,1,1978-09-22
USGS-453637097360501,125N56W30BDC,45.61023057,-97.601764,2.2,1,1978-07-13
USGS-453639102203101,19N14E13BD,45.6108232,-102.3423827,0.3,1,1978-08-10
USGS-453639103394301,19N 4E17BCDA,45.610831,-103.662419,0.3,1,1978-09-14
USGS-453643097395701,125N57W27BBCD,45.6118965,-97.6662098,0.4,1,1978-07-13
USGS-453646097473101,125N58W26AADD,45.61272915,-97.7923232,0.3,1,1978-07-13
USGS-453656096363601,125N50W17ABAB R,45.61551579,-96.9436892,0.2,1,1978-07-21
USGS-453659097044501,125N51W17BCBD R,45.61634839,-97.0795271,34.0,1,1978-07-20
USGS-453700096531502,125N50W11CDDC2 R,45.61662718,-96.887854,12.0,1,1978-07-24
USGS-453701097451401,125N58W23DDCA,45.6168955,-97.7542672,0.4,1,1978-07-13
USGS-453701103065001,19N 8E10DDDD,45.6169407,-103.114339,0.4,1,1979-07-27
USGS-453704097285501,125N55W19CCBC,45.61773196,-97.4823173,12.0,1,1978-07-14
USGS-453704103032101,19N 9E 7DDCA,45.6177739,-103.0562809,0.2,1,1979-07-27
USGS-453708097023101,125N51W 9DDBA R,45.61884858,-97.0423037,0.9,1,1978-07-20
USGS-453708102590901,19N 9E11CC,45.61888478,-102.986278,0.2,1,1978-08-30
USGS-453712103544301,19N 2E 8CCBA,45.619997,-103.9124302,38.0,1,1978-09-22
USGS-453715097211001,125N54W12DACA R,45.6207899,-97.3531469,32.0,1,1978-07-14
USGS-453715103514301,19N 2E10DBCB,45.62083067,-103.862428,0.4,1,1978-09-20
USGS-453716097232001,125N55W23CADD,45.621067,-97.389259,0.6,1,1978-07-14
USGS-453722097332801,125N56W21CABA,45.6227309,-97.5581524,0.3,1,1978-07-12
USGS-453730102093901,19N16E 9BD,45.6249891,-102.1612677,0.3,1,1978-08-09
USGS-453737102240001,19N14E 9AB,45.62693549,-102.400437,0.3,1,1978-08-10
USGS-453740103583701,19N 1E10AADC,45.6277745,-103.977433,31.0,1,1978-09-22
USGS-453742097261801,125N55W21BBDC,45.6282882,-97.4387051,0.6,1,1978-07-13
USGS-453758103224801,19N 6E 3CCCB,45.63277509,-103.380462,0.7,1,1978-09-12
USGS-453809097374001,125N57W14DADA,45.63578555,-97.628154,3.6,1,1978-07-19
USGS-453826097214601,125N54W 1ACBA R,45.64051176,-97.3631476,6.3,1,1978-07-13
USGS-453827102301001,19N13E 3AC,45.64082577,-102.5032133,0.2,1,1978-08-09
USGS-453842103250101,19N 6E 5BBAB,45.6449976,-103.417408,0.3,1,1978-09-12
USGS-453847097282801,125N55W 7CDDA,45.64634287,-97.4748177,3.5,1,1978-07-13
USGS-453849097335701,125N56W 8DDDA,45.6468972,-97.5662087,0.9,1,1978-07-19
USGS-453910103554001,20N 2E31BDCD,45.6527752,-103.928264,0.5,1,1978-09-23
USGS-453918102195801,20N14E36AD,45.65499179,-102.3332151,1.0,1,1978-08-10
USGS-453918103392501,20N 4E32ACBC,45.65499829,-103.6574189,22.0,1,1978-09-19
USGS-453919097123301,126N52W31ADBA R,45.65523627,-97.209532,31.0,1,1978-07-18
USGS-453928097075101,126N52W35ABBB R,45.6577367,-97.1311962,8.3,1,1978-07-18
USGS-453936097561601,125N59W 8AAAB,45.65995198,-97.9381594,0.4,1,1978-07-13
USGS-453936103495101,20N 2E25CCCC,45.65999809,-103.8313154,0.9,1,1978-09-20
USGS-453939097593801,125N60W 1CCDD,45.6607857,-97.9942713,0.4,1,1978-07-13
USGS-453940097005501,126N51W26CCDD R,45.66107067,-97.0156368,0.3,1,1978-07-19
USGS-453946097433701,125N57W 6CCBA,45.6627286,-97.7273233,0.3,1,1978-07-18
USGS-453946103472001,20N 3E29CCBA,45.6627761,-103.7893692,1.8,1,1978-09-20
USGS-453956097180001,126N53W28DBBD R,45.66551275,-97.3003685,20.0,1,1978-07-13
USGS-454001102314401,20N13E27CA,45.66693819,-102.5293244,0.3,1,1978-08-09
USGS-454001102501601,20N10E25BD,45.66694048,-102.8382183,0.7,1,1978-08-16
USGS-454001103305401,20N 5E 8CAAB,45.66694266,-103.515468,6.5,1,1978-09-14
USGS-454004103342201,20N 4E25ACCA,45.6677761,-103.5732484,13.0,1,1978-09-14
USGS-454012102162201,20N15E28AD,45.669992,-102.2732154,0.2,1,1978-08-09
USGS-454022096481401,126N49W28BABA R,45.6727383,-96.8042408,0.3,1,1978-07-21
USGS-454022103154301,20N 7E28AABC (2),45.67277557,-103.262401,1.2,1,1978-09-11
USGS-454027097432201,125N57W 6BAB,45.6741174,-97.7231569,0.03,1,1979-07-31
USGS-454044097400801,126N57W33DADB,45.67884019,-97.669267,0.4,1,1978-07-18
USGS-454044103451401,20N 3E21DACC,45.6788876,-103.7543677,0.4,1,1978-09-20
USGS-454055102075801,20N16E22AC,45.68193627,-102.1332096,1.4,1,1978-08-10
USGS-454055103341501,20N 4E24DBAB,45.68194298,-103.5713038,0.8,1,1979-07-18
USGS-454102102010801,20N17E22BC,45.6838802,-102.0193152,0.5,1,1978-08-11
USGS-454109102352001,20N12E24BA,45.68582828,-102.5893249,0.7,1,1978-08-15
USGS-454109103352001,20N 4E23AACC,45.68583196,-103.5893602,0.4,1,1979-07-18
USGS-454134097131201,126N52W18CACB R,45.6927359,-97.2203664,9.8,1,1978-07-18
USGS-454134103324501,20N 5E18DADC (2),45.69277645,-103.5463027,0.3,1,1979-07-17
USGS-454142102203101,20N14E13CA,45.69499366,-102.3423808,0.4,1,1978-08-10
USGS-454142103293101,20N 5E15DDBC,45.6949986,-103.4924113,0.4,1,1978-09-12
USGS-454145102313701,20N13E16AC,45.69582828,-102.5273797,0.3,1,1978-08-09
USGS-454152097193301,126N53W 1BCAC R,45.69773417,-97.3262032,17.0,1,1978-07-13
USGS-454152103404001,20N 4E18ACCB,45.6977767,-103.6782531,6.8,1,1979-07-20
USGS-454200102120701,20N16E18BB,45.69999305,-102.2023792,0.5,1,1978-08-09
USGS-454200103505601,20N 2E14BBDC,45.69999856,-103.8493717,0.2,1,1978-09-20
USGS-454203102485701,20N11E18BA,45.70083035,-102.816273,17.0,1,1978-08-15
USGS-454207097050501,126N51W18AABC R,45.7019033,-97.0850841,1.3,1,1978-07-20
USGS-454207103592701,20N 1E15BABC,45.70194236,-103.9913221,0.8,1,1978-09-23
USGS-454210103472001,20N 3E17BBBA (2),45.70277667,-103.7893691,0.4,1,1978-09-20
USGS-454214096461501,126N49W10DDAD R,45.7038494,-96.7711847,3.7,1,1978-07-21
USGS-454214102525101,20N10E10CD,45.7038864,-102.881275,0.2,1,1978-08-16
USGS-454214103563801,20N 1E12DCCC,45.70388706,-103.9443757,6.6,1,1978-09-23
USGS-454218102253001,20N14E 8CD (2),45.70499466,-102.4254355,0.5,1,1978-08-09
USGS-454218103340401,20N 4E12DDCB,45.70499889,-103.5682481,10.0,1,1979-07-18
USGS-454221097235801,126N54W10DDBD R,45.70578815,-97.3998168,78.0,1,1978-07-13
USGS-454221102091801,20N16E 9DC,45.70582647,-102.1554325,0.6,1,1978-08-10
USGS-454225103375801,20N 4E 9DBDD,45.7069434,-103.633251,13.0,1,1979-07-20
USGS-454227097005701,126N51W11CDCC R,45.7074592,-97.016193,0.4,1,1978-07-20
USGS-454228097311501,126N56W23CBDB,45.70773029,-97.5212092,12.0,1,1978-07-19
USGS-454228102150001,20N15E10DA,45.7077714,-102.2504368,0.8,1,1978-08-09
USGS-454232103325201,20N 5E 7DAB,45.7088878,-103.5482472,0.5,1,1979-07-18
USGS-454246097172401,126N53W10ADAB R,45.71273478,-97.290369,16.0,1,1978-07-17
USGS-454246102435101,20N11E11AC,45.71277469,-102.7312708,10.0,1,1978-08-15
USGS-454250097265201,126N55W20ABDD,45.7138426,-97.4481518,3.0,1,1978-07-14
USGS-454250102373001,20N12E10AA,45.71388519,-102.6254362,1.4,1,1978-08-15
USGS-454304097361801,126N57W13DDDD,45.7177293,-97.6053778,10.0,1,1978-07-19
USGS-454312103353101,20N 4E 2DCAC (2),45.7199991,-103.5924159,0.9,1,1978-09-19
USGS-454315103331801,20N 5E 6CDAA,45.72083246,-103.5554697,0.5,1,1979-07-17
USGS-454322103345501,20N 4E 1CBAC,45.72277695,-103.5824154,5.1,1,1978-09-19
USGS-454344102142701,20N15E 2BA,45.72888347,-102.241269,0.7,1,1978-08-09
USGS-454348103402201,20N 4E 6ABDA,45.72999935,-103.6732529,15.0,1,1978-09-19
USGS-454351097511401,126N59W13AAAD,45.73078415,-97.8542711,0.2,1,1978-07-19
USGS-454431102352701,21N12E35AD,45.74194168,-102.5912689,0.3,1,1978-08-10
USGS-454445097585101,126N60W12AABD,45.74578516,-97.9812175,0.3,1,1978-07-19
USGS-454449103291601,21N 5E34ABBB,45.7469439,-103.4882444,16.0,1,1979-07-17
USGS-454449104000001,21N 1E28DDCD,45.7469431,-104.0004889,4.6,1,1978-09-25
USGS-454452102473101,21N11E29CC,45.74777628,-102.7923832,20.0,1,1978-08-16
USGS-454500097213901,127N54W25CDAA R,45.74995518,-97.3612053,2.0,1,1978-07-19
USGS-454500102020901,21N17E29DD,45.749995,-102.03626,3.0,1,1978-08-11
USGS-454503096573101,127N50W30DADD R,45.75079259,-96.9589694,3.0,1,1978-07-20
USGS-454508097050901,127N51W30DABC R,45.75218077,-97.086196,2.8,1,1978-07-25
USGS-454514097233401,127N54W27ADDC R,45.7538435,-97.3931508,1.0,1,1978-07-19
USGS-454527097372501,126N57W 1BCB,45.7574514,-97.62399,6.2,1,1978-07-19
USGS-454532097002101,127N51W26ABAC R,45.7588479,-97.0061933,3.4,1,1978-07-25
USGS-454533097434001,126N57W 6BBC,45.7591172,-97.7281586,0.4,1,1978-07-14
USGS-454535096495801,127N49W29BBBC R,45.75968208,-96.833132,0.03,1,1979-08-01
USGS-454543103512801,21N 2E22DCCD,45.7619438,-103.8582608,0.2,1,1978-09-22
USGS-454546096445201,127N49W24CCBC R,45.762738,-96.7481292,4.3,1,1978-07-20
USGS-454546102242501,21N14E20DD,45.76277469,-102.4073793,0.3,1,1978-08-09
USGS-454550102273901,21N13E24CC,45.76388617,-102.461268,4.9,1,1978-08-09
USGS-454554102220801,21N14E22DB,45.7649967,-102.3693239,2.2,1,1978-08-09
USGS-454554102400401,21N12E20CB,45.7649984,-102.6682141,7.6,1,1978-08-11
USGS-454557097122801,127N52W19DAAA R,45.7657913,-97.2081448,1.7,1,1978-07-25
USGS-454601102315101,21N13E20DA,45.7669422,-102.5312682,8.3,1,1978-08-10
USGS-454601103080201,21N 8E21DBAB,45.7669441,-103.1343399,0.3,1,1978-08-31
USGS-454608102081301,21N16E21AD,45.7688847,-102.1373752,0.2,1,1978-08-11
USGS-454613097321901,127N56W34BDCA,45.77023058,-97.5389882,0.4,1,1978-07-19
USGS-454615103330301,21N 5E19ACBB,45.77083319,-103.5513028,0.2,1,1978-09-14
USGS-454615103422101,21N 3E23ADAD,45.7708332,-103.7063099,0.2,1,1978-09-27
USGS-454619097181801,127N53W21BBDD R,45.77190128,-97.3053703,19.0,1,1978-07-19
USGS-454622102054901,21N16E23AA,45.7727736,-102.0973736,0.2,1,1978-08-11
USGS-454626096410201,127N48W21BBAC R,45.77384927,-96.6842385,7.7,1,1978-07-24
USGS-454626097265201,127N55W32ABAD,45.7738431,-97.4481525,1.8,1,1978-07-19
USGS-454633103041901,21N 8E13DCDC,45.7758332,-103.0723929,0.8,1,1978-08-31
USGS-454651103515401,21N 2E15CACB,45.78083289,-103.8654834,0.2,1,1978-09-26
USGS-454655103542501,20N 2E17CABB,45.78194385,-103.9074295,0.5,1,1978-09-26
USGS-454713096483901,127N49W16BBCC R,45.78690427,-96.811187,28.0,1,1978-07-20
USGS-454713097054501,127N51W18BBAC R,45.78884755,-97.0981412,10.0,1,1978-07-25
USGS-454720103215001,21N 6E15ABBC (2),45.78888889,-103.3643498,22.0,1,1978-09-14
USGS-454721097422101,127N57W29BBBB,45.7891193,-97.7062135,0.2,1,1978-07-14
USGS-454723096573301,127N50W18AAAD2 R,45.7896814,-96.9595253,39.0,1,1978-07-20
USGS-454724097480701,127N58W28BAAA,45.78995287,-97.802326,0.4,1,1978-07-14
USGS-454724097551501,127N59W28ABAA,45.78995389,-97.9212163,0.6,1,1978-07-17
USGS-454727102380601,21N12E 9DD,45.7908324,-102.6354359,28.0,1,1978-08-10
USGS-454742103460101,21N 3E 9CBCC (2),45.79500009,-103.7674238,3.1,1,1978-09-22
USGS-454742103493001,21N 2E12CACB,45.79499986,-103.8254817,0.2,1,1978-09-22
USGS-454752103393601,21N 4E 8BCDD,45.79777797,-103.6604745,0.4,1,1978-09-20
USGS-454756103360301,21N 4E11BCCB,45.7988891,-103.601305,1.5,1,1978-09-14
USGS-454800097205601,127N53W 7BCBB R,45.79995676,-97.3492605,27.0,1,1978-07-19
USGS-454800103021301,21N 9E 8BDAB,45.80000038,-103.0373915,0.4,1,1978-08-31
USGS-454803102491501,21N10E12AA,45.80083348,-102.8212726,0.3,1,1978-08-16
USGS-454803103253701,21N 6E 7BADD,45.80083355,-103.4274082,0.9,1,1979-07-19
USGS-454810096380901,127N48W11BAAA R,45.8027381,-96.6361817,1.2,1,1978-07-24
USGS-454814096411601,127N48W 5DDDD R,45.80384906,-96.6881277,3.0,1,1978-07-24
USGS-454815097343201,127N56W20ABB,45.8041209,-97.575933,47.0,1,1978-07-18
USGS-454816097100401,127N52W 9AAAB R,45.804403,-97.1681437,3.6,1,1978-07-21
USGS-454818096450301,127N49W 2DDDC R (2),45.80495996,-96.7511853,11.0,1,1978-07-20
USGS-454818097241001,127N54W 3CDDD R,45.8049561,-97.403151,24.0,1,1978-07-19
USGS-454821097005401,127N51W 2CCAD R,45.80579229,-97.0153606,5.4,1,1978-07-25
USGS-454826097285901,127N56W13DDBD,45.8071772,-97.483431,33.0,1,1978-07-19
USGS-454836097163301,127N53W 3DBBA3 R,45.80995806,-97.2762029,35.0,1,1978-07-19
USGS-454839103084501,21N 8E 4CBBA,45.81083375,-103.1462848,16.0,1,1978-08-31
USGS-454843103260901,21N 6E 6DBBB,45.8119448,-103.4362974,33.0,1,1979-07-20
USGS-454846103242801,21N 6E 5BDDB,45.81277815,-103.4082406,1.6,1,1979-07-19
USGS-454848097133701,127N52W 6BCBC R,45.81329185,-97.2273125,15.0,1,1978-07-25
USGS-454850103563801,21N 1E 1BDAD,45.81388848,-103.9443754,0.3,1,1978-09-25
USGS-454854103264501,21N 5E 1ACBA,45.8150004,-103.4462979,7.8,1,1979-07-20
USGS-454857103261301,21N 6E 6BBCC,45.81583377,-103.4374086,144.0,1,1979-07-20
USGS-454904103225501,21N 6E 4ABAB (2),45.8177782,-103.382406,22.0,1,1979-07-19
USGS-454908103261601,21N 5E 1AAAA,45.81888937,-103.438242,1.1,1,1979-07-20
USGS-454912103225101,22N 6E33DCDD (2),45.82000047,-103.3812949,3.8,1,1979-07-19
USGS-454922103151001,22N 7E33DADD,45.8227782,-103.2532334,0.2,1,1978-09-12
USGS-454942097483901,127N58W 9BCC,45.8282888,-97.8112146,3.8,1,1978-07-17
USGS-454953097242601,128N54W34BACA R,45.8313458,-97.4075955,28.0,1,1978-07-19
USGS-455001097363801,127N57W12ABAA,45.8335668,-97.6109334,0.3,1,1978-07-18
USGS-455002103223301,22N 6E28DDDD,45.83388956,-103.3762946,0.3,1,1979-08-01
USGS-455006102383101,22N12E28CD,45.8350005,-102.6423802,34.0,1,1978-08-10
USGS-455009097113801,128N52W29DCBB R,45.83579217,-97.194256,1.9,1,1978-07-25
USGS-455009103411301,22N 3E25DDAB,45.83583397,-103.6874202,0.3,1,1978-09-20
USGS-455027096494801,128N49W29BCDC R (3),45.8407928,-96.8303548,11.0,1,1978-07-20
USGS-455027103130101,22N 7E26ACDC,45.8408341,-103.2173986,7.2,1,1978-09-08
USGS-455027103434801,22N 3E27ADCD,45.840834,-103.7304778,0.7,1,1978-09-22
USGS-455034097145201,128N53W26ADAA R,45.84273668,-97.2481468,1.6,1,1978-07-19
USGS-455034102102201,22N16E29BC,45.84277578,-102.1732098,0.2,1,1978-08-10
USGS-455039097200101,128N53W30ADAC,45.84412475,-97.3339824,14.0,1,1978-07-19
USGS-455042103521901,22N 2E28AADD,45.8450002,-103.872428,0.3,1,1978-09-22
USGS-455046096573301,128N50W30AADA R,45.84607018,-96.9595257,9.1,1,1978-07-20
USGS-455048097084901,128N52W27AAAC R,45.8466256,-97.14731,7.8,1,1978-07-21
USGS-455049096523001,128N50W26AAAD R,45.84690376,-96.8753563,11.0,1,1978-07-20
USGS-455052097042601,128N51W20CDDC R,45.8477367,-97.0742519,6.5,1,1978-07-25
USGS-455052103073301,22N 8E27BBBA,45.84777886,-103.126284,0.3,1,1978-09-08
USGS-455056096412401,128N48W20DDCA R,45.84884877,-96.6903504,4.6,1,1978-07-24
USGS-455056097545701,128N59W33DDDD,45.8488466,-97.9162155,0.6,1,1978-07-19
USGS-455056103010401,22N 9E21CDCB (2),45.8488902,-103.0182242,1.4,1,1978-08-31
USGS-455107097005001,128N51W23CACC R,45.85190339,-97.0142498,7.6,1,1978-07-25
USGS-455110096450301,128N49W23DAAC R,45.8527374,-96.7511857,1.8,1,1978-07-20
USGS-455110097270702,128N54W20CBCA2 R,45.852735,-97.4523187,8.8,1,1978-07-19
USGS-455110097311201,128N56W35CBBC,45.85273458,-97.5203759,21.0,1,1978-07-18
USGS-455110102562001,22N10E19CA,45.85277927,-102.9393323,0.2,1,1978-08-15
USGS-455114102525501,22N10E21DA,45.85389047,-102.8823856,1.5,1,1978-08-15
USGS-455125102242801,22N14E20AD,45.85694418,-102.4082129,54.0,1,1978-08-09
USGS-455128103190101,22N 6E24ADBD,45.85777879,-103.317403,0.3,1,1978-09-11
USGS-455148098525302,128N67W35BBCD2,45.8633078,-98.8817719,0.15,1,1979-07-29
USGS-455203103311701,22N 5E17DADD,45.86750116,-103.5218569,0.33,1,1980-07-14
USGS-455215103541001,22N 2E17BDDB,45.87083368,-103.9032626,0.5,1,1978-09-26
USGS-455222102210701,22N14E14BA,45.87277757,-102.3523795,1.4,1,1978-08-09
USGS-455240103195501,22N 6E12CCC,45.8777791,-103.3324036,1.0,1,1979-07-17
USGS-455243097274401,128N54W 7DDCA R,45.8785693,-97.4625966,37.0,1,1978-07-19
USGS-455244097384901,128N57W22DDAC,45.8788471,-97.6473226,0.8,1,1978-07-17
USGS-455244097563801,128N59W20DCBC,45.87884879,-97.9442709,0.3,1,1978-07-18
USGS-455248102241401,22N14E 8DADD,45.8800004,-102.404324,5.0,1,1978-08-08
USGS-455248103195801,22N 6E12CCBB (2),45.88000135,-103.3332369,0.7,1,1979-07-17
USGS-455257097424401,128N57W19DAC,45.8824586,-97.7126016,1.5,1,1978-07-17
USGS-455302097335001,128N56W20DAA,45.8838472,-97.5642654,10.0,1,1978-07-17
USGS-455309097005701,128N51W11BCDB R,45.88579227,-97.0161945,11.0,1,1978-07-20
USGS-455313102573201,22N 9E12BCAB,45.8869466,-102.959333,0.3,1,1978-08-08
USGS-455313103002101,22N 9E 9ADBA (2),45.88694649,-103.0062794,0.3,1,1978-09-08
USGS-455313103281901,22N 5E11BDBA,45.88694589,-103.47241,58.0,1,1979-07-20
USGS-455316102092101,22N16E 8AADC,45.887777,-102.1562645,0.7,1,1978-08-08
USGS-455320096384501,128N48W10AADD R,45.88884866,-96.6461828,1.1,1,1978-07-24
USGS-455320096571401,128N50W 8BBDA R,45.88884788,-96.954248,24.0,1,1978-07-20
USGS-455324102153901,22N15E 9AABA,45.88999958,-102.2612682,0.4,1,1978-08-08
USGS-455324103242101,22N 6E 8ABBC (2),45.8900015,-103.4062959,0.4,1,1978-09-13
USGS-455327096410901,128N49W 9BBBB R,45.89079295,-96.686184,5.3,1,1978-07-24
USGS-455327102014401,22N17E 4CCCB,45.89083239,-102.0293151,0.5,1,1978-08-08
USGS-455327103570301,22N 1E12BBBA,45.89083369,-103.95132,0.5,1,1978-09-25
USGS-455330097084701,128N52W10AABA R,45.89162598,-97.1467547,2.0,1,1978-07-19
USGS-455331096504501,128N49W 6CDDC R,45.89190365,-96.846189,8.7,1,1978-07-21
USGS-455331102105801,22N16E 6DCDB,45.89194385,-102.18321,0.9,1,1978-08-08
USGS-455331103230601,22N 6E 4DCCC,45.89194597,-103.3854616,0.6,1,1979-07-20
USGS-455331103230901,22N 6E 4CDDD,45.89194597,-103.3862949,47.0,1,1979-07-20
USGS-455334096530201,128N50W 2DDC R,45.8927369,-96.8842459,9.1,1,1978-07-20
USGS-455334097120301,128N52W 5CCAD R,45.89273726,-97.2012011,4.1,1,1978-07-19
USGS-455337096450801,128N49W 2DDDC R,45.89357049,-96.752575,8.3,1,1978-07-21
USGS-455337097062402,128N52W 1DDCA2 R,45.8935703,-97.1070311,5.3,1,1978-07-20
USGS-455342103592401,22N 1E 3CCAA,45.8950002,-103.9904883,1.1,1,1978-09-25
USGS-455343103041701,22N 8E 1CDB,45.8952798,-103.0718375,0.09,1,1980-07-15
USGS-455345103424601,22N 3E 2DBDA,45.8958346,-103.7132548,0.4,1,1978-09-19
USGS-455352102401501,22N12E 5CCCB,45.89778046,-102.6712688,21.0,1,1978-08-08
USGS-455355097411001,128N57W16CBBD,45.89857065,-97.6864899,0.3,1,1978-07-17
USGS-455400103061401,22N 8E 2BCDB,45.900002,-103.1043387,25.0,1,1978-09-08
USGS-455400103474901,22N 3E 6ACCA,45.9000011,-103.7974251,29.0,1,1978-09-26
USGS-455407102492201,22N10E 1ABDC,45.9019474,-102.8232162,0.8,1,1978-08-08
USGS-455407103272501,22N 5E 1BCBB (2),45.9019461,-103.4574093,3.1,1,1978-09-13
USGS-455410103124301,22N 7E 2AADC,45.90277959,-103.2123983,82.0,1,1978-09-11
USGS-455414102214301,22N14E 3AAAD,45.90388967,-102.3623796,0.2,1,1978-08-08
USGS-455414103124501,22N 7E 2ADDC,45.9038907,-103.2129538,2.4,1,1980-07-15
USGS-455414103263401,22N 5E 1ABDA,45.90389058,-103.443242,13.0,1,1979-07-19
USGS-455414103264201,22N 5E 1ABCB (2),45.90389058,-103.4454643,0.5,1,1979-07-19
USGS-455414103264501,22N 5E 1ABBD (3),45.90389058,-103.4462977,20.0,1,1979-07-19
USGS-455418103263802,22N 5E 1ABAC2,45.9050017,-103.4443532,3.6,1,1979-07-19
USGS-455421102310101,23N13E33CDDD,45.90583538,-102.51738,12.0,1,1978-08-08
USGS-455421103263801,23N 5E36DCDD (2),45.90583505,-103.4443532,7.3,1,1979-07-19
USGS-455427097231102,129N54W35CDDA2 R,45.9074595,-97.3867614,8.5,1,1978-07-20
USGS-455446103090001,23N 8E32DAAB,45.9127799,-103.1504515,4.2,1,1978-09-08
USGS-455506097014501,129N51W34ABCC R,45.9182923,-97.0295286,3.1,1,1978-07-20
USGS-455508103170201,23N 7E32BAAC,45.91889085,-103.2843457,0.3,1,1978-09-11
USGS-455512096375801,128N47W 6CCDD,45.9199596,-96.6331271,0.8,1,1978-07-24
USGS-455512103362801,23N 4E34ABAA,45.9200017,-103.6082498,0.4,1,1978-09-19
USGS-455515096455701,129N49W26CCCD R,45.9207925,-96.7661868,3.7,1,1978-07-21
USGS-455515102470901,23N11E29DCCC,45.920837,-102.78627,0.3,1,1978-08-08
USGS-455518096424101,129N48W30DCDD R,45.921626,-96.7117406,0.3,1,1978-07-24
USGS-455519103580401,23N 1E26CDCB,45.92194505,-103.9682651,0.7,1,1978-09-25
USGS-455522096561601,129N50W29DDBA R,45.9227367,-96.9381367,6.7,1,1978-07-20
USGS-455526096525801,129N50W26CDAA R,45.9238479,-96.883135,9.9,1,1978-07-20
USGS-455527098490301,128N66W 8ABBC,45.92414045,-98.8178817,0.23,1,1979-07-29
USGS-455528097200802,129N53W30DDBA2 R,45.9244045,-97.335927,2.5,1,1978-07-19
USGS-455530096493701,129N49W29CBDB R,45.92495908,-96.8272999,19.0,1,1978-07-21
USGS-455532097290101,128N56W 1DACA,45.9255156,-97.4839856,9.6,1,1978-07-19
USGS-455537097362801,128N57W 1DABB,45.92690525,-97.6081547,0.4,1,1978-07-17
USGS-455537097445201,128N58W 1CBB,45.9269061,-97.7481575,0.2,1,1978-07-17
USGS-455540103054501,23N 8E26ACCC (2),45.9277803,-103.0962828,14.0,1,1978-09-08
USGS-455547097081901,129N52W26BDCB R,45.9296818,-97.138977,4.7,1,1978-07-19
USGS-455551097140901,129N53W25ABCD R,45.9307934,-97.2362026,3.5,1,1978-07-19
USGS-455551097243901,129N54W27BCAA R,45.9307936,-97.4112063,20.0,1,1978-07-20
USGS-455555102401501,23N12E29BBCB,45.9319482,-102.6712686,19.0,1,1978-08-08
USGS-455555103450001,23N 3E28AADB,45.9319461,-103.7504789,10.0,1,1978-09-20
USGS-455602103244301,23N 6E29BBAA (2),45.933891,-103.4124072,0.9,1,1978-09-13
USGS-455604097171301,129N53W27BBAA R,45.9344047,-97.287315,13.0,1,1978-07-19
USGS-455606103483201,23N 2E24DDDD,45.9350014,-103.80937,0.2,1,1978-09-20
USGS-455609102125401,23N15E24CCCA,45.935834,-102.2154333,2.3,1,1978-08-08
USGS-455609103361001,23N 4E22DDDA,45.93583528,-103.6032496,0.3,1,1978-09-19
USGS-455612097043901,129N51W29BBAA R,45.93523706,-97.0778637,5.7,1,1978-07-20
USGS-455613103121001,23N 7E24CDBD,45.9369468,-103.2032312,1.2,1,1978-09-11
USGS-455616102225801,23N14E21ADAD,45.9377797,-102.383213,9.4,1,1978-08-08
USGS-455616102370801,23N12E22ACCC,45.9377814,-102.6193242,5.5,1,1978-08-08
USGS-455616103403301,23N 4E19CDAA,45.9377796,-103.6763086,0.2,1,1978-09-19
USGS-455627102022701,23N17E20BADA,45.94083385,-102.04126,0.3,1,1978-08-08
USGS-455638103510001,23N 2E23BCC,45.9438902,-103.8504828,12.0,1,1978-09-25
USGS-03538257,UNNAMED SPR TO BR CRK AT BR CRK RD NR OAK RIDGE,35.9689669,-84.2813115,0.8,1,1984-04-13
USGS-03538259,"UNNAMED SPR TO BR CRK NR CO LINE NR OAK RIDGE, T",35.9609112,-84.2949232,110.0,1,1984-04-12
USGS-03538261,"BEAR CREEK SPRING NO 1 NEAR OAK RIDGE, TENN",35.95618887,-84.3038125,61.0,1,1984-04-12
USGS-03538269,"BEAR CREEK SPRING NO 2 NEAR OAK RIDGE, TENN",35.93702175,-84.3396475,0.23,1,1984-04-12
USGS-350719089555901,SH:K-038,35.12203459,-89.933144,0.1,1,1957-06-17
USGS-350721089560101,SH:K-037,35.1225901,-89.9336997,0.3,1,1957-06-17
USGS-352805086572801,MY:D-002,35.46812985,-86.9577818,0.060000000000000005,2,1989-07-12
USGS-352806087111001,MY:B-005,35.46840936,-87.18612099,0.055,2,1989-07-11
USGS-352928086564001,MY:D-003,35.4911848,-86.944448,0.16499999999999998,2,1989-07-20
USGS-353009087113401,MY:F-004,35.50257545,-87.1927873,0.060000000000000005,2,1989-07-18
USGS-353159087082401,MY:F-005,35.53312978,-87.1400081,0.1,3,1989-07-20
USGS-353308087062701,MY:G-015,35.5522957,-87.1075073,0.11,2,1989-08-22
USGS-353323087044001,MY:G-014,35.55646209,-87.0777843,0.060000000000000005,2,1989-08-21
USGS-353328087060701,MY:G-013,35.5578511,-87.1019516,0.060000000000000005,2,1989-08-21
USGS-353357087045901,MY:G-016,35.56590635,-87.08306219,0.055,2,1989-08-23
USGS-353941087350501,HI:E-016,35.66145889,-87.5847405,0.055,2,1989-06-15
USGS-354020087241701,HI:F-005,35.67229286,-87.4047358,0.055,2,1989-05-24
USGS-354117087302601,HI:E-015,35.68812544,-87.507238,0.060000000000000005,2,1989-05-19
USGS-354200087291801,HI:F-006,35.7000696,-87.4883485,0.16499999999999998,2,1989-06-13
USGS-354251087133201,MY:L-008,35.7142364,-87.2255649,0.055,2,1989-07-17
USGS-354253087303801,HI:E-014,35.7147913,-87.5105711,0.060000000000000005,2,1989-06-23
USGS-354333087114201,MY:L-010,35.72590269,-87.19500859,0.11,2,1989-07-26
USGS-354338087111001,MY:L-009,35.7272915,-87.1861195,0.11,2,1989-07-26
USGS-354410087115701,MY:L-006,35.73618019,-87.1991753,0.0,1,1989-07-17
USGS-354420086573001,MY:N-030,35.7389573,-86.9583363,0.005,2,1989-08-11
USGS-354427087120601,MY:L-007,35.74090229,-87.2016753,0.005,2,1989-07-18
USGS-354432086580901,MY:N-034,35.74229065,-86.96916989,0.885,2,1989-08-11
USGS-354438087322701,HI:E-013,35.7439569,-87.5408496,0.21500000000000002,2,1989-05-09
USGS-354444087282301,HI:F-007,35.74562387,-87.4730699,0.055,2,1989-06-21
USGS-354635087380601,HI:J-008S OTT SPRING,35.77645556,-87.6350192,0.005,2,1989-05-24
USGS-354713087371501,HI:K-009S ROADSIDE SPRING,35.787011,-87.6208521,0.005,2,1989-07-10
USGS-354736087324401,HI:K-005,35.7934002,-87.545572,0.21500000000000002,2,1989-05-17
USGS-354852087144201,HI:N-003,35.8145116,-87.2450096,0.005,2,1989-06-07
USGS-355053087424401,HI:J-007,35.84812047,-87.712244,0.8300000000000001,2,1989-05-18
USGS-355119087314401,HI:K-006,35.8553434,-87.5289051,0.060000000000000005,2,1989-05-30
USGS-355143087415301,HI:J-006,35.86200917,-87.698077,0.060000000000000005,2,1989-05-15
USGS-355300087222701,HI:Q-008,35.88339865,-87.3741792,0.16999999999999998,2,1989-06-07
USGS-355312087175001,HI:R-025,35.88673199,-87.2972329,0.005,2,1989-06-09
USGS-355436087195501,HI:R-026,35.9100647,-87.331956,0.16499999999999998,2,1989-06-14
USGS-355511087123401,HI:S-005,35.91978676,-87.209453,0.060000000000000005,2,1989-06-01
USGS-355521087283101,HI:Q-007,35.9225643,-87.4752928,0.11,2,1989-05-11
USGS-355652087253901,HI:Q-009,35.94784156,-87.427514,0.055,2,1989-06-14
USGS-272352098585101,YZ-84-33-707,27.39808497,-98.981137,2.75,1,1997-09-10
USGS-272550098501601,YZ-84-34-406,27.4308658,-98.8380773,29.9,1,1997-10-29
USGS-291135099495001,YP-69-50-501,29.19083333,-99.8316667,1.61,1,1997-08-13
USGS-291358098531901,TD-68-49-301,29.23277778,-98.8886111,1.9,1,1997-07-17
USGS-291655103200101,BK-73-46-701,29.2821443,-103.3340659,9.9,1,1986-06-24
USGS-291720098422301,AY-68-43-811,29.28888889,-98.7063889,1.0,1,1997-06-24
USGS-292112099294801,YP-69-45-102,29.35583333,-99.4977778,1.28,1,1997-08-19
USGS-294300098402501,AY-68-19-209,29.715,-98.6740278,2.19,1,1996-07-09
USGS-294344098253801,DX-68-21-210,29.7289722,-98.4275833,1.43,1,1996-06-27
USGS-294718098443001,RB-68-11-728,29.78820278,-98.74195,1.77,1,1996-07-15
USGS-294720094351501,DH-64-12-710,29.78916667,-94.5875,3.0,1,1994-08-08
USGS-294948095373501,LJ-65-11-601,29.83027778,-95.6266667,0.9,1,1984-08-28
USGS-295015094440701,DH-64-11-106,29.83833333,-94.7341667,2.0,1,1994-07-29
USGS-295043094483801,DH-64-10-211,29.84583333,-94.8102778,2.0,1,1994-08-09
USGS-295210094371801,DH-64-12-110,29.86916667,-94.6222222,5.0,1,1994-08-10
USGS-295246095351301,LJ-65-04-723,29.8797222,-95.5872222,13.0,1,1984-08-17
USGS-295247095344701,LJ-65-04-811,29.88,-95.58,10.0,1,1984-08-17
USGS-295406097551201,LR-67-01-818,29.90166667,-97.92,1.42,1,1996-06-04
USGS-295950094573101,SB-64-01-109,29.99777778,-94.9588889,2.0,1,1994-07-25
USGS-300108095505401,LJ-60-58-703,30.01916667,-95.8486111,0.5,1,1984-08-17
USGS-300235099205901,RJ-56-62-407,30.04321667,-99.3511944,5.7,1,1996-08-27
USGS-300240094551401,SB-61-57-508,30.0461111,-94.92,1.0,1,1994-07-25
USGS-300312094414201,SB-61-59-511,30.05277778,-94.6958333,3.0,1,1994-08-10
USGS-300356097563801,LR-58-57-502,30.0657684,-97.9441733,1.4,1,1980-09-04
USGS-300438098232401,AZ-57-61-615,30.0775,-98.3906111,3.06,1,1996-06-25
USGS-300453097503301,LR-58-58-403,30.082158,-97.8425049,0.85,1,1980-08-29
USGS-300516098113201,LR-57-63-201,30.0875472,-98.1918611,1.28,1,1996-07-18
USGS-300559095390701,LJ-60-59-311,30.1,-95.6522222,6.7,1,1984-08-30
USGS-300559099084401,RJ-56-63-303,30.09973056,-99.1458972,3.81,1,1996-08-08
USGS-300639097571001,LR-58-57-202,30.11104446,-97.9530629,0.55,1,1980-08-29
USGS-300803097483801,YD-58-50-810,30.13437887,-97.8108383,0.4,1,1980-08-28
USGS-300828098305601,AZ-57-52-908,30.1413611,-98.5161944,1.35,1,1996-07-08
USGS-300934097552201,LR-58-49-801,30.15965424,-97.9230629,0.62,1,1980-08-29
USGS-301031097515801,YD-58-50-408,30.1754878,-97.8663954,1.1,1,1980-08-28
USGS-301339097483701,YD-58-50-215,30.22770906,-97.8105616,1.3,1,1980-08-28
USGS-301811097470401,YD-58-42-608,30.3032621,-97.7847289,1.1,1,1980-08-27
USGS-302148097422801,YD-58-43-206,30.36353836,-97.7080613,0.03,3,1982-08-04
USGS-302259097422301,YD-58-35-804,30.3832598,-97.7066727,3.9000000000000004,2,1981-08-05
USGS-302316097430401,YD-58-35-701,30.38798166,-97.7261178,0.515,2,1982-08-03
USGS-302652097430501,YD-58-35-415,30.44797934,-97.7183407,1.1,1,1980-08-25
USGS-302719097362901,YD-58-36-402,30.45548014,-97.6083375,0.8,1,1980-08-25
USGS-302930094571501,WU-61-33-216,30.49333333,-94.9588889,1.0,1,1994-07-13
USGS-303138097511501,LR-58-58-704,30.02770833,-97.8539139,0.04,1,1980-09-04
USGS-303740095061001,WU-60-24-704,30.62694444,-95.1080556,2.0,1,1994-07-12
USGS-303826095082401,WU-60-23-907,30.6411111,-95.1402778,5.0,1,1994-07-11
USGS-304200094492801,UT-61-18-519,30.7023972,-94.8246972,3.0,1,1994-07-15
USGS-313530096094001,KA-39-31-305,31.5983111,-96.16245,7.0,1,1994-04-07
USGS-324243097105001,XU-32-23-206,32.71175556,-97.1812556,10.0,1,1993-09-01
USGS-324337097071601,XU-32-24-118,32.72691667,-97.1213889,2.0,1,1993-09-08
USGS-324340097050001,XU-32-24-203,32.72769444,-97.0831389,1.0,1,1993-09-09
USGS-324341097452601,UP-32-18-302,32.72713889,-97.7569722,4.0,1,1994-03-24
USGS-324404097063501,XU-32-24-111,32.73456389,-97.1100278,35.0,1,1993-08-25
USGS-324405097053101,XU-32-24-113,32.73535833,-97.09255,5.0,1,1993-08-21
USGS-324405097053102,XU-32-24-112,32.73534444,-97.0926083,7.0,1,1993-08-22
USGS-324440097071701,XU-32-24-115,32.74454167,-97.1215333,2.0,1,1993-08-24
USGS-324850097414501,UP-32-11-504,32.81769444,-97.7029444,1.0,1,1994-03-21
USGS-325001097055101,XU-32-16-106,32.8337361,-97.0975556,3.0,1,1993-08-12
USGS-325001097055102,XU-32-16-107,32.8337361,-97.0975556,2.0,1,1993-08-11
USGS-325015097491401,UP-32-10-204,32.8414722,-97.8229444,7.0,1,1994-03-23
USGS-325111097093101,XU-32-15-309,32.8535,-97.1575,4.0,1,1993-09-29
USGS-325113097091701,XU-32-15-310,32.8537222,-97.1548333,3.0,1,1993-08-19
USGS-325225097045901,XU-32-16-206,32.87365278,-97.083225,17.0,1,1993-08-20
USGS-325445097492501,UP-32-02-801,32.91388889,-97.8235,1.0,1,1994-03-23
USGS-330258097514201,ZR-19-58-405,33.05091667,-97.8612778,13.0,1,1994-03-25
USGS-330808097462801,ZR-19-50-903,33.137,-97.7723611,1.0,1,1994-03-03
USGS-330941097350601,ZR-19-52-701,33.1617222,-97.58525,5.0,1,1994-02-28
USGS-331757097472601,ZR-19-42-608,33.30891667,-97.7969722,93.0,1,1994-03-03
USGS-332240097500801,ZR-19-34-704,33.37905556,-97.8364167,3.0,1,1994-03-04
USGS-332552097452801,ZR-19-34-605,33.4311111,-97.7591389,2.0,1,1994-03-04
USGS-333245097445801,TR-19-27-404,33.5453333,-97.7504722,4.0,1,1994-03-07
USGS-333842097345201,TR-19-20-801,33.64477778,-97.5814722,7.0,1,1994-03-05
USGS-373650110075001,(D-36-16)34daa- 1,37.61388219,-110.1312442,60.0,4,1997-04-10
USGS-373701110080101,(D-36-16)34adb- 5,37.61693766,-110.1342998,550.0,3,1997-04-09
USGS-373702110080101,(D-36-16)34adb- 2,37.6172154,-110.1342998,840.0,3,1997-04-09
USGS-373702110080102,(D-36-16)34adb- 3,37.6172154,-110.1342998,185.0,4,1997-04-09
USGS-373702110080201,(D-36-16)34adb- 1,37.6172154,-110.1345776,2800.0,3,1997-04-10
USGS-373702110080202,(D-36-16)34adb- 4,37.6172154,-110.1345776,13750.0,2,1997-04-09
USGS-373703110080301,(D-36-16)34aca- 1,37.6174932,-110.1348554,1025.0,4,1997-04-10
USGS-373705110081201,(D-36-16)34abc- 1,37.61804874,-110.1373554,1240.0,3,1997-04-10
USGS-374107110414701,(D-36-11)16aba- 2,37.68526754,-110.69709,0.9,1,1983-11-02
USGS-374531110420001,(D-35-11)16dcd- 1,37.7580448,-110.7015357,6.2,1,1983-11-02
USGS-382621109214001,(D-27-23)23cab- 1 Pack Creek Well No. 1,38.43938889,-109.3587778,0.0,1,1968-04-30
USGS-383032109274901,(D-26-22)26dbd- 1,38.50887259,-109.4642826,3.1,1,1985-08-19
USGS-383113109281201,(D-26-22)23cdd- 1,38.5206111,-109.4705278,1.9,1,1985-08-28
USGS-383156109284201,(D-26-22)22aaa-S1,38.5324832,-109.4798385,1.4,1,1985-08-16
USGS-383228109284101,(D-26-22)15daa- 1,38.54109427,-109.4787274,1.2,1,1985-08-15
USGS-383344109310001,(D-26-22) 8bad- 1,38.56220475,-109.517339,0.9,1,1985-09-05
USGS-383534109334001,(D-25-21)35aaa-S1,38.59275967,-109.5617842,1.1,1,1985-08-15
USGS-383655109425501,(D-25-20)21dbb- 1,38.61525825,-109.7159525,0.7,1,1985-10-29
USGS-384228109454401,(D-24-20)19caa- 1,38.7077557,-109.762899,1.3,1,1985-11-24
USGS-384813109304701,(D-23-22)17cab-S1,38.8035905,-109.5137307,0.9,1,1985-06-10
USGS-384903109191201,(D-23-23)12dba-S1,38.81748465,-109.320672,3.6,1,1985-12-17
USGS-385153109232701,(D-22-23)29ada- 1,38.8647046,-109.3915068,20.0,1,1985-08-18
USGS-385314109114901,(D-22-25)18cdb-S1,38.88720899,-109.1976139,9.9,1,1985-09-08
USGS-385631109133301,(D-21-24)35aab-S1,38.94193215,-109.2265032,0.5,1,1985-09-08
USGS-390540112370001,(C-20- 7) 2ccd-S1,39.09440489,-112.6174464,2.1999999999999997,2,1990-06-12
USGS-392411113514301,(C-16-18)22cab-S1   Twin Spring South,39.4030001,-113.8627673,3.4,1,1981-08-26
USGS-392527113290901,(C-16-15)13bab-S1,39.4241138,-113.4866457,3.4,1,1981-08-25
USGS-392815113593001,(C-15-19)31bc -S1,39.47077689,-113.9924936,3.8,1,1981-08-26
USGS-395029113233601,(C-11-14)23ddc-S1,39.8413315,-113.3941477,3.2,1,1981-08-27
USGS-395035109074001,(D-11-25)21cca- 1      G-16,39.8430252,-109.1284453,0.8,5,1976-09-16
USGS-395035109074002,(D-11-25)21cca- 2      G-16A,39.8430252,-109.1284453,0.03,2,1976-03-21
USGS-395226109091201,(D-11-25) 7dac- 1      G-13,39.87385785,-109.1540022,19.0,3,1975-03-12
USGS-395226109091202,(D-11-25) 7dac- 2      G-13A,39.87385785,-109.1540022,7.185,2,1975-04-29
USGS-395229109091201,(D-11-25) 7dac- 3      G-20,39.87469117,-109.1540022,6.1,3,1975-03-11
USGS-395359109093201,(D-10-24)36dcd- 1      G-12,39.8996908,-109.1595583,50.5,2,1974-12-17
USGS-395453109111001,(D-10-24)26cdd- 2      P- 3,39.91469025,-109.1867817,1.4,6,1976-03-17
USGS-395500109124401,(D-10-24)28ddb- 1      G-15,39.9166343,-109.2128938,2.05,4,1975-12-10
USGS-395510109094901,(D-10-24)25caa- 1      G-14,39.9194127,-109.164281,1.285,4,1975-11-11
USGS-395515109094902,(D-10-24)25bdd- 2      G-18A,39.9208016,-109.164281,0.045,2,1975-04-29
USGS-395530109134901,(D-10-24)29aac- 2      G-21,39.92496728,-109.2309502,0.28,4,1976-09-20
USGS-395548109080701,(D-10-25)19dda- 1      P- 4,39.92996856,-109.1359468,0.9299999999999999,2,1975-06-26
USGS-395603109120801,(D-10-24)22cad- 1      G- 5,39.93413424,-109.2028938,0.72,5,1975-06-26
USGS-395614109111401,(D-10-24)23bca- 1      G-11,39.93718997,-109.1878932,0.07,5,1976-09-17
USGS-395617109134401,(D-10-24)20aad- 1      P- 2U,39.9380227,-109.2295615,0.25,8,1976-09-19
USGS-395617109134402,(D-10-24)20aad- 2      P- 2L,39.9380227,-109.2295615,0.175,10,1976-09-19
USGS-395635109101501,(D-10-24)13ccc- 1      G-10,39.94302347,-109.1715038,20.0,3,1975-03-14
USGS-395707109093101,(D-10-24)13adb- 1      G- 8,39.9519124,-109.1592813,0.01,1,1974-11-19
USGS-395707109093102,(D-10-24)13adb- 2      G- 8A,39.9519124,-109.1592813,11.0,4,1975-03-13
USGS-395710111542201,(C-10- 1)11ccd- 1,39.95310577,-111.9158445,11.8,1,1998-10-22
USGS-395733109095401,(D-10-24)12cda- 1      P- 1,39.95913448,-109.1656705,11.0,5,1975-08-17
USGS-395751109094501,(D-10-24)12bdb- 1      G-17,39.96413445,-109.1631705,0.2,3,1976-09-14
USGS-395906109362801,(D- 9-20)36ddc- 1,39.9849649,-109.6084681,0.30000000000000004,4,1969-07-31
USGS-400321111573701,(C- 9- 1) 5ddc- 2,40.05634167,-111.9614944,3.31,1,1998-09-15
USGS-402539111511601,(D- 4- 1)32dba- 1,40.4277278,-111.8552386,2.05,1,1998-09-30
USGS-402815114012901,(C- 4-19)20abb-S1,40.47076575,-114.025564,4.3,1,1981-08-27
USGS-402952111591801,(C- 4- 1) 6dad- 2,40.497775,-111.9878,2.46,1,1998-09-21
USGS-403007111523501,(D- 4- 1) 6adc- 1,40.5012158,-111.875242,10.6,1,1998-08-31
USGS-403117111591301,(C- 3- 1)31aab- 1,40.5219,-111.9886028,5.47,1,1998-08-12
USGS-403803111505301,(D- 2- 1)21bca- 1,40.63406944,-111.8489,8.37,1,1998-09-22
USGS-403912112001701,(C- 2- 1) 7ccc- 1,40.65333017,-112.0054332,3.31,1,1998-08-18
USGS-404425112384801,(C- 1- 7) 9ccc-S1,40.74021709,-112.6474645,0.8,1,1981-08-28
USGS-404615111532401,(A- 1- 1)31ccc- 2,40.77077934,-111.8907697,2.5,1,1965-05-26
USGS-404615111532402,(A- 1- 1)31ccc- 4,40.77077934,-111.8907697,0.4,4,1965-05-14
USGS-405802111525301,(A- 3- 1)30bdd- 1   P19,40.96729726,-111.8825,164.0,1,1998-08-17
USGS-410354112135203,(B- 4- 3)19caa- 3,41.0649419,-112.2318914,0.0,3,1969-09-15
USGS-410430111593001,(B- 4- 1)18ddc- 1,41.07482157,-111.9920173,1.41,1,1998-09-23
USGS-411009112021401,(B- 5- 2)14bdc- 2,41.169308,-112.0384452,1.64,1,1998-10-21
USGS-414217112175101,(B-11- 4) 9ada- 1,41.7038833,-112.2975667,1.74,1,1998-08-11
USGS-414348111584101,(B-12- 1)32dcc- 1,41.72990278,-111.9788583,2.41,1,1998-10-19
USGS-414540112053001,(B-12- 2)20dbd- 1,41.76224708,-112.0909873,1.6,1,1998-08-26
USGS-415423112101901,(B-14- 3)34dad- 1,41.9107055,-112.1703686,1.11,1,1998-08-10
USGS-373207077064701,54J  5,37.5415341,-77.1133047,0.0,1,1998-09-03
USGS-373232076475701,56J  3,37.5423666,-76.7988505,0.3,1,1954-06-01
USGS-373304076261701,59J 12,37.55136485,-76.43779738,0.0,1,1998-10-27
USGS-454411122424601,03N/01E-17P01,45.73622667,-122.7139883,1.0,2,1988-04-30
USGS-475529118052201,28N/37E-13K01 MW-33,47.92460599,-118.0905315,9.5,2,1988-08-23
USGS-475529118052301,28N/37E-13L03 MW-32,47.92460599,-118.0908093,30.5,16,1988-08-23
USGS-475530118052301,28N/37E-13L01 MW-34,47.92488377,-118.0908093,11.0,3,1988-08-23
USGS-475547118053001,28N/37E-13G01 MW-36,47.92960606,-118.0927539,61.2,1,1980-11-18
USGS-475549118053501,28N/37E-13C02 MW-35,47.9301616,-118.0941429,620.0,1,1980-11-18
USGS-475550118053001,28N/37E-13F01   MW-19,47.9304394,-118.0927539,377.5,4,1980-11-18
USGS-475558118053101,28N/37E-13C01   MW-16,47.93266167,-118.0930317,40000.0,3,1980-11-19
USGS-475605118053001,28N/37E-12P02   MW-18,47.93460615,-118.092754,17000.0,3,1980-11-19
USGS-475605118053101,28N/37E-12P03   MW-29,47.9346061,-118.0930318,28200.0,4,1980-11-19
USGS-475605118053201,28N/37E-12P01   MW-17,47.9346061,-118.0933096,1200.0,3,1980-09-17
USGS-475606118053601,28N/37E-12P06,47.9348839,-118.0944207,23850.0,2,1997-02-25
USGS-475612118053601,28N/37E-12P04,47.9365506,-118.0944208,2915.0,2,1997-02-25
USGS-475612118053602,28N/37E-12P05,47.9365506,-118.0944208,43500.0,2,1997-02-25
USGS-475615118054002,28N/37E-12L03,47.9373839,-118.095532,29.0,2,1997-02-26
USGS-475620118055701,28N/37E-12M01   MW-24,47.9387728,-118.1002545,9.45,2,1980-07-16
USGS-475624118054301,28N/37E-12L04,47.93988398,-118.0963654,33850.0,2,1997-02-26
USGS-475624118054302,28N/37E-12L05,47.93988398,-118.0963654,10.35,2,1997-02-26
USGS-475633118055101,28N/37E-12E01,47.942384,-118.0985878,37100.0,2,1997-02-26
USGS-475633118055103,28N/37E-12E02,47.942384,-118.0985878,40.0,2,1997-02-26
USGS-475645118053401,28N/37E-12C01,47.94571745,-118.0938653,58.0,2,1997-02-25
USGS-475648118051201,28N/37E-12B01   MW-22,47.94655087,-118.0877539,27.25,2,1980-11-19
USGS-475658118051601,28N/37E-01Q01   MW-27,47.94932869,-118.0888651,3.9,2,1980-11-19
USGS-475710118053001,28N/37E-01L01   MW-26,47.952662,-118.0927543,16.05,2,1980-11-19
USGS-422956087524601,KE-01/22E/34-0301,42.4989092,-87.8795201,0.7,1,1983-02-15
USGS-423132089003301,RO-01/13E/19-0027,42.52557036,-89.0092762,0.1,1,1955-11-20
USGS-423329088084001,KE-01/20E/09-0299,42.55807417,-88.144531,0.9,1,1983-02-15
USGS-423334087551401,KE-01/22E/08-0274,42.5564087,-87.9164667,0.7,1,1983-02-15
USGS-423421087592101,KE-01/21E/02-0295,42.5725193,-87.9881365,0.5,1,1983-05-25
USGS-423819088090301,KE-02/20E/17-0021,42.63812778,-88.1497917,0.7,5,1983-09-22
USGS-423843090382301,GR-02/02W/17-0059,42.64527447,-90.6398497,0.6,1,1961-09-28
USGS-423956088331901,WW-02/16E/01-0735,42.66557046,-88.5553784,0.4,1,1983-02-14
USGS-424007088171701,RA-02/19E/06-0339,42.6686111,-88.2880556,0.7,1,1983-02-15
USGS-424132090395901,GR-03/03W/36-0058,42.6922169,-90.6665162,0.8,1,1961-09-25
USGS-424407090200001,LF-03/01E/14-0071,42.7352737,-90.3334612,1.0,1,1980-08-26
USGS-424423090552801,GR-03/05W/14-0028,42.73971468,-90.9245717,0.9,1,1980-08-26
USGS-424623088561901,RO-04/13E/27-0008,42.77306458,-88.9387211,1.0,1,1983-02-14
USGS-425246091042101,GR-05/06W/27-0029,42.87864167,-91.0725306,0.9,3,1981-08-19
USGS-425324090273801,GR-05/01W/23-0057,42.88999195,-90.46068219,0.4,1,1961-09-26
USGS-425702088052801,WK-06/20E/26-1511,42.95056995,-88.0911995,2.1,1,1982-09-16
USGS-425723087591401,ML-06/21E/26-0440,42.95640416,-87.987308,0.4,4,1983-06-29
USGS-430024088064301,WK-06/20E/03-0350,43.00667978,-88.112034,0.9,1,1983-02-16
USGS-430028087575101,ML-06/21E/01-0300,43.00779219,-87.9642525,0.9,1,1983-06-17
USGS-430029088163001,WK-06/19E/05-0887,43.0080669,-88.2750934,0.7,1,1983-02-17
USGS-430031088274501,WK-06/17E/02-1517       USGS DOUSMAN TEST WELL,43.00862065,-88.462598,0.6,1,1983-07-21
USGS-430046088035101,ML-06/21E/06-0130,43.0127912,-88.06425509,0.1,1,1954-10-29
USGS-430046088282001,WK-06/17E/03-0862,43.0127871,-88.4723205,0.5,1,1983-02-16
USGS-430049088140701,WK-06/19E/03-0008,43.0136227,-88.2353703,0.5,1,1983-02-17
USGS-430055089534001,IW-06/05E/10-0004,43.0152748,-89.8945678,0.7,1,1980-07-18
USGS-430058089251401,DN-06/09E/04-0981,43.01610865,-89.4206755,0.8,1,1980-07-22
USGS-430135088232501,WK-07/18E/32-0724,43.0263986,-88.3903741,0.4,1,1983-02-16
USGS-430136089274301,DN-06/09E/05-0882,43.0266637,-89.4620651,22.0,1,1980-05-12
USGS-430618087571001,ML-08/21E/36-0621,43.1050112,-87.9528645,0.8,1,1980-11-21
USGS-431600089434101,SK-09/06E/12-0010,43.2666559,-89.7281782,0.4,1,1954-10-14
USGS-431623088041001,WN-09/20E/01-0972,43.2722222,-88.0691944,0.8049999999999999,2,1993-09-07
USGS-431753087591101,OZ-10/21E/27-0016,43.29806037,-87.9864787,0.4,1,1983-03-03
USGS-431812088094001,WN-10/20E/29-0973,43.3036111,-88.1610833,0.28500000000000003,2,1993-09-07
USGS-431849089311002,CO-10/08E/26-0052,43.3136002,-89.5195647,0.9,1,1980-07-24
USGS-432053088114301,WN-10/19E/12-0970,43.3474722,-88.2003611,0.04,1,1993-09-08
USGS-432242088082401,WN-11/20E/32-0971,43.37788889,-88.1401111,0.02,1,1993-09-08
USGS-432717087585601,OZ-11/21E/04-0548,43.4548333,-87.9824722,0.52,2,1994-08-01
USGS-432800091062501,VE-12/06W/33-0118,43.4666408,-91.1070749,1.3,3,1981-11-05
USGS-433031088063801,WN-12/20E/16-0976,43.5086111,-88.11063889,0.39999999999999997,2,1994-08-02
USGS-433034088595801,DG-12/13E/18-1012,43.50943116,-88.99955519,1.6,1,1979-11-14
USGS-433114088152001,WN-12/19E/08-0975,43.52044444,-88.2559167,0.52,2,1994-07-12
USGS-433126088002301,OZ-12/21E/08-0542,43.5238611,-88.0081944,0.5700000000000001,2,1993-09-06
USGS-433331088030801,NORTH BR. MILWAUKEE RIVER MINI-PIEZOMETER NO. 1,43.55860836,-88.0523159,0.23500000000000001,2,1993-08-25
USGS-433336088025901,SB-13/20E/25-0439,43.5598611,-88.0505278,0.39999999999999997,2,1993-09-06
USGS-433552088164301,FL-13/19E/18-0125,43.59777275,-88.2787095,0.8,1,1958-02-18
USGS-433653088033601,SB-13/20E/12-0443,43.61491667,-88.06013889,0.01,1,1994-07-11
USGS-433705088230701,FL-13/18E/06-0672,43.61775,-88.3854444,3.165,2,1994-07-13
USGS-433706088021501,NORTH BR. MILWAUKEE RIVER MINI-PIEZOMETER NO. 4,43.6183296,-88.037594,0.02,1,1993-08-24
USGS-433706088021502,NORTH BR. MILWAUKEE RIVER MINI-PIEZOMETER NO. 5,43.6183296,-88.037594,0.04,1,1993-08-24
USGS-433932088193501,FL-14/18E/27-0785,43.6589722,-88.3262222,0.28500000000000003,2,1994-07-12
USGS-433959088061001,SB-14/20E/21-0457,43.66663889,-88.1025556,2.065,2,1994-08-02
USGS-434101088585501,GL-14/13E/17-0086,43.68419444,-88.9811944,1.03,2,1994-08-04
USGS-434206088173301,FL-14/18E/12-0790,43.70175,-88.2926667,0.86,2,1994-07-14
USGS-434437088172501,FL-15/18E/25-0792,43.74344444,-88.2909167,0.52,2,1994-07-12
USGS-434551089365001,AD-15/07E/24-0407,43.76479167,-89.61365,0.04,1,1994-09-20
USGS-434603088072401,SB-15/20E/17-0440,43.7678333,-88.1223056,0.23500000000000001,2,1993-09-02
USGS-434619088005401,SB-15/21E/17-0438,43.77227778,-88.0152778,0.40499999999999997,2,1993-09-02
USGS-434818088474201,FL-15/14E/02-0796SP,43.80513889,-88.7950833,0.03,1,1994-08-03
USGS-434834088174601,FL-16/18E/36-0797SP,43.80941667,-88.2968611,0.28500000000000003,2,1994-08-04
USGS-434944089345001,MQ-16/08E/32-0102,43.82869444,-89.5803972,0.01,1,1994-09-20
USGS-435000088425401,FL-16/15E/28-0692,43.83344444,-88.7155,0.02,1,1993-09-01
USGS-435101088104101,FL-16/19E/13-0791,43.85038889,-88.1781667,0.03,1,1994-07-14
USGS-435140089351301,MQ-16/08E/19-0103,43.86131667,-89.5873417,0.01,1,1994-09-20
USGS-435142089270101,MQ-16/09E/17-0106,43.86138056,-89.4502667,1.435,2,1994-09-20
USGS-435302088390201,FL-16/15E/01-0787,43.88391667,-88.6510833,0.28500000000000003,2,1994-08-03
USGS-435339089305001,MQ-17/08E/35-0104,43.89419444,-89.5148611,0.02,1,1994-09-20
USGS-435411087565001,MN-17/21E/35-0516,43.9022222,-87.9473611,0.04,1,1993-09-06
USGS-435426088092601,CA-17/20E/30-1129,43.90655556,-88.1575556,1.205,2,1993-09-05
USGS-435729089265401,MQ-17/09E/08-0105,43.9575,-89.4488056,0.02,1,1994-09-21
USGS-435743089485701,AD-17/06E/08-0005,43.96191525,-89.8159595,2.0,1,1980-08-21
USGS-435910088025701,CA-18/20E/36-1128,43.9863611,-88.049,0.46,2,1993-09-03
USGS-435923088073901,CA-18/20E/32-1127,43.98666667,-88.12763889,0.405,2,1993-09-05
USGS-435946089323001,WS-18/08E/34-0997,43.9957583,-89.5422667,0.01,1,1994-09-20
USGS-440149089102401,WS-18/11E/15-1000,44.0301111,-89.1734167,0.03,1,1994-09-16
USGS-440219088555701,WS-18/13E/15-0052,44.03414768,-88.88678,3.7,1,1980-08-19
USGS-440417088172701,CA-19/19E/29-0065,44.07137817,-88.2909388,3.3,1,1979-11-14
USGS-440643089214501,WS-19/10E/18-0999,44.1155722,-89.3639028,0.04,1,1994-09-16
USGS-440827089255001,WS-19/09E/09-1001,44.14090556,-89.4304611,0.04,1,1994-09-16
USGS-441304089141101,WS-20/11E/07-1002,44.21755556,-89.23775,0.04,1,1994-09-16
USGS-441849088051801,BN-21/20E/04-0141,44.313602,-88.0884348,1.25,2,1980-08-18
USGS-441858089045901,WP-21/12E/06-0789,44.31577778,-89.0828889,0.04,1,1994-09-15
USGS-441900089164501,PT-21/10E/03-1319,44.31638889,-89.2796389,0.01,1,1994-09-15
USGS-441958089183601,PT-22/10E/32-1320,44.33284444,-89.3098472,0.04,1,1994-09-15
USGS-442151089091301,WP-22/11E/22-0791,44.3615833,-89.1535833,0.06,1,1994-09-15
USGS-442154089005301,WP-22/12E/23-0790,44.36488889,-89.0159167,0.39999999999999997,2,1994-09-15
USGS-442333089055201,WP-22/12E/07-0792,44.39216667,-89.0978611,0.02,1,1994-09-15
USGS-442631089222901,PT-23/09E/26-1321,44.44166667,-89.3744444,1.3199999999999998,2,1994-09-14
USGS-442819089141301,PT-23/10E/13-1322,44.47152778,-89.2378611,1.725,2,1994-09-14
USGS-443339089095001,WP-24/11E/16-0793,44.56116667,-89.1640556,1.03,2,1994-09-14
USGS-443342089171601,PT-24/10E/16-1324,44.56191667,-89.2875,0.63,2,1994-09-14
USGS-443610088582201,WP-25/13E/31-0794,44.60113889,-88.9753333,1.205,2,1994-09-14
USGS-443921089152001,PT-25/10E/11-1323,44.65802778,-89.2559167,0.01,1,1994-09-14
USGS-444423089050201,SH-26/12E/07-0220,44.7397222,-89.0830278,1.44,2,1994-09-13
USGS-444504092473601,PI-26/20W/10-0007,44.75107876,-92.7935357,1.5,1,1980-08-14
USGS-444910089140401,MR-27/10E/13-1182,44.81966667,-89.2342778,0.575,2,1994-09-13
USGS-445052088552801,SH-27/13E/04-0221,44.8450833,-88.9246389,4.1,2,1994-09-13
USGS-445421088461801,SH-28/14E/14-0219,44.9063611,-88.7717778,0.29,2,1994-09-13
USGS-445556089045701,SH-28/12E/05-0218,44.9312222,-89.0829722,0.02,1,1994-09-13
USGS-445910092331301,SC-29/18W/22-0017,44.98607799,-92.5538079,0.5,1,1957-04-19
USGS-450242089065401,LA-30/11E/25-1310,45.0465,-89.1123611,1.03,2,1994-09-12
USGS-450709089020301,LA-31/12E/31-1309,45.11875,-89.0344444,0.52,2,1994-09-13
USGS-452639088402701,FR-34/15E/07-0371,45.4441328,-88.6742761,29.0,1,1979-07-12
USGS-452857089004801,FR-35/12E/29-0153,45.48246255,-89.0134481,0.06,1,1979-07-16
USGS-452918088403201,FR-35/14E/25-0437,45.48829896,-88.6756658,0.08,1,1979-07-17
USGS-453211088550401,FR-35/13E/07-0421,45.536352,-88.9178917,0.07,1,1979-07-17
USGS-453348088533101,FR-36/13E/32-0389,45.5632964,-88.8920584,8.7,1,1979-07-13
USGS-453626088594101,FR-36/12E/16-0353,45.60718348,-88.9948395,1.6,1,1979-07-12
USGS-453722088582701,FR-36/12E/10-0342,45.62273908,-88.9742838,0.14,1,1979-07-12
USGS-453916088341901,FR-37/15E/25-0314,45.6544061,-88.5720608,2.6,1,1979-07-18
USGS-453921088451701,FR-37/14E/28-0311,45.6557963,-88.754835,2.7,1,1979-08-22
USGS-453926088523101,FR-37/13E/28-0299,45.657184,-88.8753934,1.2,1,1979-07-21
USGS-453929088300101,FR-37/16E/28-0332,45.65801658,-88.5003958,0.4,1,1979-07-18
USGS-454146088595501,FR-37/12E/09-0335,45.6960713,-88.9987306,0.4,1,1979-07-19
USGS-454624088414801,FR-38/14E/14-0279,45.77329378,-88.6967839,3.8,1,1979-07-21
USGS-362445081154701,AL-051 LAUREL SPRNGS VFD,36.4120729,-81.2623147,1.25,1,1997-07-15
USGS-363632081092701,21A 1,36.60888889,-81.1575,1.0,1,1997-07-16
USGS-364051081041401,22B 1,36.6808333,-81.0705556,2.82,1,1997-07-17
USGS-374836080300601,Grb-0282,37.81,-80.5016667,1.23,1,1997-05-21
USGS-375320080360801,Grb-0283,37.88888889,-80.6022222,1.26,1,1997-05-19
USGS-382845081300301,Kan-0932,38.47916667,-81.5008333,3.89,1,1997-05-05
USGS-410135104183500,12-062-03ccc01,41.02637214,-104.3102322,5.8,1,1990-08-29
USGS-410352107304701,13-090-27cca02,41.06440886,-107.513676,0.21,1,1977-10-11
USGS-411152107305001,14-090-10cbb01,41.19857379,-107.5153429,0.18,1,1977-10-11
USGS-411248107321401,14-090-05daa01,41.21329576,-107.5378436,0.07,1,1977-10-11
USGS-411258107295501,14-090-03ada01,41.2160736,-107.4992313,0.5,1,1977-08-31
USGS-411604105322703,15-073-14dac03,41.26775746,-105.5413774,1.8,1,1958-04-22
USGS-411606107362601,15-091-14cba01,41.26829498,-107.6078457,0.07,1,1978-03-22
USGS-412052109264901,16-107-22ddd01,41.34663035,-109.4465245,0.4,1,1963-09-20
USGS-413211109513401,18-110-17bac01,41.54495826,-109.8601447,0.1,1,1962-04-16
USGS-413507109132501,19-105-35bda01,41.5852422,-109.224294,17.0,1,1976-08-04
USGS-413709109043501,19-104-18ccb01,41.61913087,-109.1920703,0.05,1,1977-10-24
USGS-414025107294101,20-090-26aab01,41.6846824,-107.4928402,0.1,1,1976-04-14
USGS-414456104123801,21-061-32adc02,41.74886055,-104.2110663,140.0,1,1978-03-29
USGS-414659108502701,21-101-21ad 01,41.78301739,-108.8415032,1.1,1,1981-09-02
USGS-414705104104601,21-061-15cdd01,41.78469285,-104.1799539,15.0,1,1978-03-29
USGS-414828106205601,21-080-12aca01,41.80774237,-106.3494643,0.15,1,1977-10-07
USGS-414938106312201,22-081-33ddc01,41.82718487,-106.5233588,0.165,2,1977-11-13
USGS-414942106340601,22-081-31cdd01,41.82829556,-106.5689159,3.0,1,1977-09-01
USGS-415005106411701,22-082-31bcd01,41.83468334,-106.688642,3.3,1,1977-09-01
USGS-415032106332301,22-081-29ccc01,41.8421845,-106.5569712,0.19,2,1975-08-15
USGS-415032106332304,22-081-29ccc02,41.8421845,-106.5569712,0.565,2,1975-05-20
USGS-415038106331404,22-081-29cbd04,41.8438512,-106.5544712,0.03,1,1975-06-26
USGS-415039106331708,22-081-29cca08,41.84412897,-106.5553045,0.06,1,1975-03-25
USGS-415039106333000,22-081-29ccb02,41.8441289,-106.5589157,0.31,1,1975-07-21
USGS-415336106345501,22-082-12acd01,41.89329526,-106.5825283,0.8,1,1977-09-25
USGS-415353104181601,22-062-10bbc01,41.898024,-104.3049553,97.0,1,1978-03-29
USGS-415402104202001,22-062-05cdc01,41.90052418,-104.3394006,270.0,1,1978-03-29
USGS-415506106464201,23-083-32dbc01,41.91829357,-106.7789242,1.3,3,1977-11-10
USGS-415522106461701,23-083-32ada01,41.922738,-106.7719795,1.2,1,1975-02-27
USGS-415530106463301,23-083-32abd01,41.9249602,-106.7764242,12.0,1,1977-11-07
USGS-415539106463301,23-083-32aba01,41.9274602,-106.7764242,0.8500000000000001,2,1977-09-21
USGS-415548104160001,23-062-26ddd01,41.9299674,-104.267176,160.0,1,1978-03-29
USGS-415638108125801,23-096-25bba01,41.94384678,-108.2167614,0.04,1,1976-05-20
USGS-415722106455301,23-083-21bab01,41.9560713,-106.765313,0.5,1,1977-09-10
USGS-415816106461501,23-083-08ddd01,41.97107127,-106.7714246,0.6,1,1977-09-09
USGS-415821104122401,23-061-16bbb01,41.9724659,-104.2071742,120.0,1,1978-03-29
USGS-415921104274001,23-063-06ddd01,41.9891344,-104.4616249,38.0,1,1978-03-29
USGS-420022106313301,24-081-33dba01,42.0060732,-106.5264168,0.5,1,1977-09-28
USGS-420027106484301,24-084-36adc01,42.00745987,-106.8125379,1.0,2,1977-11-09
USGS-420116104160001,24-062-26dad01,42.02107665,-104.2671746,200.0,1,1978-03-29
USGS-420203106421901,24-083-24caa01,42.03412727,-106.7058676,14.0,1,1977-10-04
USGS-420228108005001,24-094-22c  01,42.0410677,-108.01453,0.5,1,1976-06-04
USGS-421405110275601,26-115-15cdb01,42.2346608,-110.46628,0.53,1,1977-10-18
USGS-421430106010001,26-077-12   02,42.2416328,-106.0172343,4.7,1,1960-09-13
USGS-421943106184701,27-079-09b  01,42.328575,-106.3136347,8.3,1,1960-09-15
USGS-421947106114501,27-078-09b  01,42.32968697,-106.196408,0.3,1,1960-07-29
USGS-422031106350901,27-081-06bac01,42.34190636,-106.5864224,0.6,1,1962-11-08
USGS-422242106380301,28-082-22d  01,42.37829505,-106.6347579,1.7,1,1962-11-09
USGS-422616107145501,28-087-36db 01,42.43773595,-107.2492262,10.0,1,1981-10-14
USGS-423536106392401,30-082-03ccc01,42.5932959,-106.6572609,91.0,1,1988-08-26
USGS-423648106375701,31-081-35bdc01,42.61329616,-106.6330934,58.0,1,1988-08-26
USGS-423707106385101,31-082-27cdd01,42.6185739,-106.6480941,230.0,1,1986-08-07
USGS-424440106315601,"GOOSE EGG SPRING NEAR GOOSE EGG, WY",42.74440835,-106.5328127,3.4,6,1993-04-01
USGS-424655105384501,33-073-32cd 02,42.7819113,-105.6463836,2.4,2,1981-08-12
USGS-424750106331501,33-081-28daa01,42.79718646,-106.5547587,19.0,1,1986-08-07
USGS-424834107374001,33-090-28abb01,42.809403,-107.6284068,43.5,2,1991-08-21
USGS-425202106462001,33-083-03adc01,42.86718629,-106.7728244,0.01,1,1982-05-26
USGS-430102106350901,35-081-08bd 01,43.0171882,-106.5864288,30.0,1,1986-08-07
USGS-430246105343501,36N 073W 35DAD01,43.04607798,-105.5769358,70.0,1,1980-05-07
USGS-430314105405201,36N 074W 36ABB01,43.0538558,-105.6816626,31.3,1,1980-05-08
USGS-430354105343601,36N 073W 26ADA01,43.06496689,-105.5772136,24.4,1,1980-05-08
USGS-430357105292201,36N 072W 27BDB02,43.06580018,-105.4899877,3.5,1,1980-07-01
USGS-430401105420901,36-074-26ba 02,43.0669114,-105.7030524,94.2,1,1980-05-28
USGS-430409105361501,36N 073W 27ABB01,43.06913358,-105.6047148,27.0,1,1980-05-07
USGS-430414105372001,36N 073W 21DCC01,43.07052249,-105.6227711,7.2,1,1980-05-08
USGS-430414105372002,36N 073W 21DCC02,43.07052249,-105.6227711,18.0,1,1980-05-08
USGS-431154105364201,37N 073W 10BAC01,43.1983004,-105.6122151,0.6,1,1980-05-28
USGS-431308105382401,38N 073W 33CCB01,43.218856,-105.6405496,0.7,1,1980-05-29
USGS-431609105355901,38N 073W 14BCB01,43.26913388,-105.6002703,24.1,1,1980-05-09
USGS-432000105354201,39N 073W 23CCA01,43.33330084,-105.5955482,0.4,1,1980-05-07
USGS-432404107553701,40-092-31bab01,43.4010686,-107.9275893,0.745,2,1992-06-03
USGS-432456107474801,40-091-19ddb01,43.41551355,-107.7973069,0.635,2,1992-06-03
USGS-432820109022301,52-101-19aaa01,43.47217786,-109.0404062,0.7,1,1984-09-21
USGS-433319109430601,42-107-32dbd01,43.55523099,-109.7190481,0.04,1,1992-05-22
USGS-434131105375302,43-071-21adb02,43.6901111,-105.3867222,0.0,1,1978-06-22
USGS-435303106071001,45-077-09caa01,43.8841434,-106.120021,5.8,1,1986-09-30
USGS-435308106070801,45-077-09bdd01,43.8855323,-106.1194654,55.0,1,1986-09-24
USGS-435842104240701,46-063-10dba01,43.97831336,-104.4024498,2.2,1,1958-04-08
USGS-440113105205401,47-071-26dbd01,44.0202551,-105.3488789,19.0,1,1984-06-28
USGS-440133105211801,47-071-26bdb01,44.0258107,-105.3555459,3.3,1,1984-06-28
USGS-440136105204401,47-071-26adb01,44.02664409,-105.346101,3.9,1,1984-06-27
USGS-440324107280401,47-089-12db 01,44.0566262,-107.46841,4.1,1,1954-09-21
USGS-440713105202601,48-071-24cbc01,44.1202564,-105.3411014,1.9,1,1986-10-14
USGS-440715105202101,48-071-24cbd01,44.12081197,-105.3397124,84.0,1,1986-10-13
USGS-440717105202302,48-071-24cbd02,44.1213675,-105.340268,49.0,1,1986-10-13
USGS-440815105503501,48-075-14bd 01,44.13748207,-105.8436229,0.04,1,1976-07-27
USGS-441719105281801,50-072-26aac01,44.28859149,-105.4722192,0.3,1,1976-05-26
USGS-441724105310401,50-072-28abb02,44.2899808,-105.5183322,0.06,1,1976-08-13
USGS-441800105320001,50-073-01aa 01,44.3463709,-105.5730578,0.1,1,1976-08-13
USGS-442104106392901,51-081-31bbc01,44.3510855,-106.6586585,11.4,1,1981-08-25
USGS-442530105253001,50-072-26bbb01,44.2894248,-105.4861086,0.09,1,1976-05-26
USGS-442927104063201,52-060-18ccd01,44.49081919,-104.1093803,0.0,1,1978-07-22
USGS-443050109064501,DEMARIS HOT SPRING,44.5138417,-109.1132004,2.0,1,1984-10-18
USGS-443115105422901,52-074-01ba 01,44.5208153,-105.708621,0.03,1,1976-07-22
USGS-443200105431001,53-074-35ab 01,44.53331545,-105.7200103,14.0,1,1976-07-22
USGS-443213104332601,53-064-32adc01,44.53692855,-104.557737,3.3,1,1983-07-21
USGS-443343105400801,53-073-20bd 01,44.56192659,-105.6694527,0.04,1,1976-07-23
USGS-444710106084901,56-085-31bd 01,44.7858031,-107.1506296,0.1,1,1976-08-16
USGS-445444105190001,57-070-19ddb01,44.91220656,-105.3172142,0.02,1,1976-07-24
